-- phpMyAdmin SQL Dump
-- version 4.9.0.1
-- https://www.phpmyadmin.net/
--
-- Host: 127.0.0.1
-- Generation Time: Jul 02, 2021 at 11:05 AM
-- Server version: 10.4.6-MariaDB
-- PHP Version: 7.3.8

SET SQL_MODE = "NO_AUTO_VALUE_ON_ZERO";
SET AUTOCOMMIT = 0;
START TRANSACTION;
SET time_zone = "+00:00";


/*!40101 SET @OLD_CHARACTER_SET_CLIENT=@@CHARACTER_SET_CLIENT */;
/*!40101 SET @OLD_CHARACTER_SET_RESULTS=@@CHARACTER_SET_RESULTS */;
/*!40101 SET @OLD_COLLATION_CONNECTION=@@COLLATION_CONNECTION */;
/*!40101 SET NAMES utf8mb4 */;

--
-- Database: `tharind2_movie_db`
--

-- --------------------------------------------------------

--
-- Table structure for table `actressanalyticsdata_tb`
--

CREATE TABLE `actressanalyticsdata_tb` (
  `actress_tb_actressID` varchar(100) DEFAULT NULL,
  `movie_tb_movieID` varchar(100) NOT NULL,
  `imdbAnalyticsData_tb_movie_tb_movieID` varchar(100) NOT NULL
) ENGINE=InnoDB DEFAULT CHARSET=utf8mb4 COMMENT='user google data  best actress';

-- --------------------------------------------------------

--
-- Table structure for table `actressmovieconnection_tb`
--

CREATE TABLE `actressmovieconnection_tb` (
  `actress_tb_actressID` varchar(100) DEFAULT NULL,
  `movie_tb_movieID` varchar(100) DEFAULT NULL
) ENGINE=InnoDB DEFAULT CHARSET=utf8mb4;

-- --------------------------------------------------------

--
-- Table structure for table `actress_tb`
--

CREATE TABLE `actress_tb` (
  `actressID` varchar(100) NOT NULL,
  `actressName` varchar(100) DEFAULT NULL,
  `imgActress` varchar(255) DEFAULT NULL
) ENGINE=InnoDB DEFAULT CHARSET=utf8mb4;

-- --------------------------------------------------------

--
-- Table structure for table `adduserconnection_tb`
--

CREATE TABLE `adduserconnection_tb` (
  `addUser_tb_compayID` varchar(100) DEFAULT NULL,
  `trailer_tb_trailerID` varchar(100) DEFAULT NULL,
  `download_tb_downloadID` varchar(100) DEFAULT NULL,
  `seen_tb_seenID` varchar(100) DEFAULT NULL,
  `sinahaSub_tb_subID` varchar(100) NOT NULL
) ENGINE=InnoDB DEFAULT CHARSET=utf8mb4;

-- --------------------------------------------------------

--
-- Table structure for table `adduser_tb`
--

CREATE TABLE `adduser_tb` (
  `compayID` varchar(100) NOT NULL,
  `compayName` varchar(100) DEFAULT NULL,
  `city` varchar(50) DEFAULT NULL,
  `tp_no` int(12) DEFAULT NULL,
  `compayUrl` varchar(1000) DEFAULT NULL
) ENGINE=InnoDB DEFAULT CHARSET=utf8mb4;

-- --------------------------------------------------------

--
-- Table structure for table `adsense_tb`
--

CREATE TABLE `adsense_tb` (
  `adID` varchar(100) NOT NULL,
  `adUseCompayName` varchar(100) DEFAULT NULL,
  `cost` varchar(100) DEFAULT NULL
) ENGINE=InnoDB DEFAULT CHARSET=utf8mb4;

-- --------------------------------------------------------

--
-- Table structure for table `analyticsourdata_tb`
--

CREATE TABLE `analyticsourdata_tb` (
  `trailerCount_tb_trailer_tb_trailerID` varchar(100) DEFAULT NULL,
  `downloadCountConnection_tb_download_tb_downloadID` varchar(100) DEFAULT NULL,
  `seenCountConnection_tb_seen_tb_seenID` varchar(100) DEFAULT NULL,
  `movie_tb_movieID` varchar(100) NOT NULL,
  `subCount_tb_sinahaSub_tb_subID` varchar(100) NOT NULL
) ENGINE=InnoDB DEFAULT CHARSET=utf8mb4;

-- --------------------------------------------------------

--
-- Table structure for table `caactordatafilter_tb`
--

CREATE TABLE `caactordatafilter_tb` (
  `movieID` varchar(100) NOT NULL,
  `sendDate` date NOT NULL
) ENGINE=InnoDB DEFAULT CHARSET=latin1;

-- --------------------------------------------------------

--
-- Table structure for table `compayname`
--

CREATE TABLE `compayname` (
  `compayUserID` varchar(100) NOT NULL,
  `addUser_tb_compayID` varchar(100) DEFAULT NULL,
  `fName` varchar(100) DEFAULT NULL,
  `lName` varchar(100) DEFAULT NULL,
  `tpNo` int(12) DEFAULT NULL,
  `NIC` varchar(12) DEFAULT NULL,
  `address` varchar(12) DEFAULT NULL,
  `DOB` date DEFAULT NULL,
  `jobTitel` varchar(100) DEFAULT NULL,
  `userMedia` varchar(100) DEFAULT NULL
) ENGINE=InnoDB DEFAULT CHARSET=utf8mb4 COMMENT='auto greareat data ';

-- --------------------------------------------------------

--
-- Table structure for table `controlanalyticsdata_tb`
--

CREATE TABLE `controlanalyticsdata_tb` (
  `contorID` varchar(100) NOT NULL,
  `Name` varchar(100) DEFAULT NULL
) ENGINE=InnoDB DEFAULT CHARSET=utf8mb4;

-- --------------------------------------------------------

--
-- Table structure for table `danish_language_men_tb`
--

CREATE TABLE `danish_language_men_tb` (
  `DanishID` varchar(100) NOT NULL,
  `name` varchar(100) DEFAULT NULL,
  `movie_tb_movieID` varchar(100) DEFAULT NULL,
  `yearMovie` int(4) DEFAULT NULL
) ENGINE=InnoDB DEFAULT CHARSET=latin1;

-- --------------------------------------------------------

--
-- Table structure for table `downloadcountconnection_tb`
--

CREATE TABLE `downloadcountconnection_tb` (
  `download_tb_downloadID` varchar(100) NOT NULL,
  `user_tb_userID` varchar(100) DEFAULT NULL,
  `downloadCount` int(100) DEFAULT NULL
) ENGINE=InnoDB DEFAULT CHARSET=utf8mb4 COMMENT='selected data tb';

-- --------------------------------------------------------

--
-- Table structure for table `download_tb`
--

CREATE TABLE `download_tb` (
  `downloadID` varchar(100) NOT NULL,
  `websiteName` varchar(100) DEFAULT NULL,
  `websiteUrl` varchar(255) DEFAULT NULL,
  `movie_tb_movieID` varchar(100) DEFAULT NULL
) ENGINE=InnoDB DEFAULT CHARSET=utf8mb4 COMMENT='set movieID';

--
-- Dumping data for table `download_tb`
--

INSERT INTO `download_tb` (`downloadID`, `websiteName`, `websiteUrl`, `movie_tb_movieID`) VALUES
('DI_000016', 'baiscopelk', 'https://baiscopedownloads.co/3-idiots-2009/', 'MOV_1187043'),
('DI_000017', 'baiscopelk', 'https://baiscopedownloads.co/', 'MOV_1570417'),
('DI_000018', 'baiscopelk', 'https://baiscopedownloads.co/chhichhore-2019/', 'MOV_9052870'),
('DI_000019', 'baiscopelk', 'https://www.baiscopelk.com/love-and-monsters-2020-sinhala-subtitles/', 'MOV_2222042'),
('DI_000020', 'com', 'https://piratelk.com/minari-2020-sinhala-subtitles/', 'MOV_10633456'),
('DI_000021', 'com', 'https://piratelk.com/nomadland-2020-sinhala-subtitles/', 'MOV_9770150'),
('DI_000022', 'upasirasi', 'https://www.upasirasi.com/override-2021-aka-r-i-a-sinhala-subtitles-10175.html', 'MOV_9126944'),
('DI_000023', 'org', 'https://yts-yts.com/movies/palm-springs-2020/', 'MOV_9484998'),
('DI_000024', 'baiscopelk', 'https://baiscopedownloads.co/promising-young-woman-2020/', 'MOV_9620292'),
('DI_000025', 'lk', 'https://cineru.lk/tenet-2020-sinhala-sub/', 'MOV_6723592'),
('DI_000026', 'baiscopelk', 'https://baiscopedownloads.co/the-call-2020/', 'MOV_10530176'),
('DI_000027', 'baiscopelk', 'https://baiscopedownloads.co/the-courier-2019-2/', 'MOV_8368512'),
('DI_000028', 'imdb', 'https://www.imdb.com/title/tt12691538/', 'MOV_12691538'),
('DI_000029', 'baiscopelk', 'https://baiscopedownloads.co/movie-collection/3/', 'MOV_4682266'),
('DI_000030', 'baiscope', 'https://www.baiscope.lk/movie/wonder-woman-1984-sinhala-subtitle/', 'MOV_7126948'),
('DI_000031', 'lk', 'https://zoomlinkhub.com/soul-2020-sinhala-subtitle/', 'MOV_2948372'),
('DI_000032', 'lk', 'https://microweb.lk/sinhala-sub/west-side-story/', 'MOV_3581652'),
('DI_000033', 'baiscopelk', 'https://baiscopedownloads.co/the-marksman-2021/', 'MOV_6902332'),
('DI_000034', 'org', 'https://ytson.live/movie/sound-of-metal-2020-501/', 'MOV_5363618'),
('DI_000035', 'org', 'https://yts.unblockninja.com/movies/the-trial-of-the-chicago-7-2020', 'MOV_1070874'),
('DI_000036', 'baiscopelk', 'https://baiscopedownloads.co/tom-clancys-without-remorse-2021/', 'MOV_0499097'),
('DI_000037', 'baiscopelk', 'https://baiscopedownloads.co/godzilla-king-of-the-monsters-2019/', 'MOV_5034838'),
('DI_000038', 'baiscopelk', 'https://baiscopedownloads.co/mortal-kombat-2021/', 'MOV_0293429'),
('DI_000039', 'com', 'https://fast.com/', 'MOV_10799902'),
('DI_000040', 'baiscopelk', 'https://baiscopedownloads.co/mortal-kombat-1995/', 'MOV_0113855'),
('DI_000041', 'elsubtitle', 'http://www.elsubtitle.com/title/tt10121392/', 'MOV_10121392'),
('DI_000042', 'baiscopelk', 'https://eztv-torrent.net/movies/the-mitchells-vs-the-machines-2021/', 'MOV_7979580'),
('DI_000043', 'baiscopelk', 'https://baiscopedownloads.co/judas-and-the-black-messiah-2021/', 'MOV_9784798'),
('DI_000044', 'baiscopelk', 'https://www.imdb.com/title/tt0137523/', 'MOV_10618286'),
('DI_000045', 'elsubtitle', 'http://www.elsubtitle.com/title/tt11083552/', 'MOV_11083552'),
('DI_000046', 'baiscopelk', 'https://baiscopedownloads.co/justice-league-snyders-cut-2021/', 'MOV_12361974'),
('DI_000047', 'elsubtitle', 'http://www.elsubtitle.com/title/tt9664108/', 'MOV_9664108'),
('DI_000048', 'baiscopelk', 'https://baiscopedownloads.co/the-shawshank-redemption-1994/', 'MOV_0068646'),
('DI_000049', 'baiscope', 'https://www.baiscope.lk/movie/army-of-the-dead-2021-sinhala-subtitle/', 'MOV_0993840'),
('DI_000050', 'com', 'https://wtfdetective.com/the-virtuoso-2021-subtitles-arabic-subtitles-srt/', 'MOV_4136456'),
('DI_000051', 'upasirasi', 'https://yts.one/movie/ma-raineys-black-bottom-2020/', 'MOV_10514222'),
('DI_000052', 'com', 'https://ragbrai.com/groups/google-drive-mp4-the-tomorrow-war-2021-fullmovie-google-docs-the-tomorrow-war-2021-english-version/', 'MOV_9777666'),
('DI_000053', 'com', 'https://piratelk.com/eternals-2021-sinhala-subtitles/', 'MOV_9032400'),
('DI_000054', 'lk', 'https://microweb.lk/sinhala-sub/in-the-heights/', 'MOV_1321510'),
('DI_000055', 'facebook', 'https://cs-cz.facebook.com/Baiscopesinhalen/posts/shang-chi-and-the-ledgend-of-the-ten-rings-2021-%E0%B6%B8%E0%B7%8F%E0%B7%80%E0%B6%BD%E0%B7%8A-%E0%B7%83%E0%B7%92%E0%B6%B1%E0%B6%B8%E0%B7%8F%E0%B6%B4%E0%B6%A7%E0%B6%BA%E0%B7%9A-%E0%B6%B4%E0%B7%96%E0%B6%BB%E', 'MOV_9376612'),
('DI_000057', 'org', 'https://yts.mx/movies/my-octopus-teacher-2020', 'MOV_12888462'),
('DI_000058', 'upasirasi', 'https://www.upasirasi.com/the-father-2020-sinhala-subtitles-10620.html', 'MOV_10272386'),
('DI_000059', 'elsubtitle', 'http://www.elsubtitle.com/title/tt9203694/', 'MOV_9203694'),
('DI_000060', 'polygon', 'https://www.polygon.com/22413296/things-heard-and-seen-review-horror', 'MOV_10962368');

-- --------------------------------------------------------

--
-- Table structure for table `english_language_men_tb`
--

CREATE TABLE `english_language_men_tb` (
  `EnglishID` varchar(100) NOT NULL,
  `name` varchar(100) DEFAULT NULL,
  `movie_tb_movieID` varchar(100) DEFAULT NULL,
  `yearMovie` int(4) DEFAULT NULL
) ENGINE=InnoDB DEFAULT CHARSET=utf8mb4;

--
-- Dumping data for table `english_language_men_tb`
--

INSERT INTO `english_language_men_tb` (`EnglishID`, `name`, `movie_tb_movieID`, `yearMovie`) VALUES
('en_0068646', 'The Godfather (1972)', 'MOV_0068646', 1972),
('en_0113855', 'Mortal Kombat (1995)', 'MOV_0113855', 1995),
('en_0293429', 'Mortal Kombat (2021)', 'MOV_0293429', 2021),
('en_0499097', 'Tom Clancy\'s Without Remorse (2021)', 'MOV_0499097', 2021),
('en_0993840', 'Army of the Dead (2021)', 'MOV_0993840', 2021),
('en_10121392', 'Thunder Force (2021)', 'MOV_10121392', 2021),
('en_10272386', 'The Father (2020)', 'MOV_10272386', 2020),
('en_10514222', 'Ma Rainey\'s Black Bottom (2020)', 'MOV_10514222', 2020),
('en_10618286', 'Mank (2020)', 'MOV_10618286', 2020),
('en_1070874', 'The Trial of the Chicago 7 (2020)', 'MOV_1070874', 2020),
('en_10799902', '\'Fast & Furious 9\' (2019)', 'MOV_10799902', 2019),
('en_10962368', 'Things Heard & Seen (2021)', 'MOV_10962368', 2021),
('en_11083552', 'Wrath of Man (2021)', 'MOV_11083552', 2021),
('en_12361974', 'Zack Snyder\'s Justice League (2021)', 'MOV_12361974', 2021),
('en_12691538', 'My Father Punished Me When I Talked to Ghosts (2020)', 'MOV_12691538', 2020),
('en_12888462', 'My Octopus Teacher (2020)', 'MOV_12888462', 2020),
('en_1321510', 'In the Heights (2021)', 'MOV_1321510', 2021),
('en_2222042', 'Love and Monsters (2020)', 'MOV_2222042', 2020),
('en_2948372', 'Soul (2020)', 'MOV_2948372', 2020),
('en_3581652', 'West Side Story (2021)', 'MOV_3581652', 2021),
('en_4136456', 'The Virtuoso (2021)', 'MOV_4136456', 2021),
('en_4682266', 'The New Mutants (2020)', 'MOV_4682266', 2020),
('en_5034838', 'Godzilla vs. Kong (2021)', 'MOV_5034838', 2021),
('en_5109280', 'Raya and the Last Dragon (2021)', 'MOV_5109280', 2021),
('en_5363618', 'Sound of Metal (2019)', 'MOV_5363618', 2019),
('en_6723592', 'Tenet (2020)', 'MOV_6723592', 2020),
('en_6902332', 'The Marksman (2021)', 'MOV_6902332', 2021),
('en_7126948', 'Wonder Woman 1984 (2020)', 'MOV_7126948', 2020),
('en_7979580', 'The Mitchells vs the Machines (2021)', 'MOV_7979580', 2021),
('en_8368512', 'The Courier (2020)', 'MOV_8368512', 2020),
('en_9032400', 'Eternals (2021)', 'MOV_9032400', 2021),
('en_9126944', 'R.I.A. (2021)', 'MOV_9126944', 2021),
('en_9203694', 'Stowaway (2021)', 'MOV_9203694', 2021),
('en_9376612', 'Shang-Chi and the Legend of the Ten Rings (2021)', 'MOV_9376612', 2021),
('en_9484998', 'Palm Springs (2020)', 'MOV_9484998', 2020),
('en_9620292', 'Promising Young Woman (2020)', 'MOV_9620292', 2020),
('en_9664108', 'Voyagers (2021)', 'MOV_9664108', 2021),
('en_9770150', 'Nomadland (2020)', 'MOV_9770150', 2020),
('en_9777666', 'The Tomorrow War (2021)', 'MOV_9777666', 2021),
('en_9784798', 'Judas and the Black Messiah (2021)', 'MOV_9784798', 2021);

-- --------------------------------------------------------

--
-- Table structure for table `english_language_sub_tb`
--

CREATE TABLE `english_language_sub_tb` (
  `englishID` varchar(100) NOT NULL,
  `name` varchar(100) DEFAULT NULL,
  `year` year(4) NOT NULL
) ENGINE=InnoDB DEFAULT CHARSET=utf8mb4;

-- --------------------------------------------------------

--
-- Table structure for table `genresanalyticsdata_tb`
--

CREATE TABLE `genresanalyticsdata_tb` (
  `genresCount` varchar(100) DEFAULT NULL,
  `genres_tb_genresID` varchar(100) DEFAULT NULL,
  `user_tb_userID` varchar(100) DEFAULT NULL
) ENGINE=InnoDB DEFAULT CHARSET=utf8mb4;

-- --------------------------------------------------------

--
-- Table structure for table `genresmovieconnection_tb`
--

CREATE TABLE `genresmovieconnection_tb` (
  `genres_tb_genresID` varchar(100) DEFAULT NULL,
  `movie_tb_movieID` varchar(100) DEFAULT NULL
) ENGINE=InnoDB DEFAULT CHARSET=utf8mb4;

--
-- Dumping data for table `genresmovieconnection_tb`
--

INSERT INTO `genresmovieconnection_tb` (`genres_tb_genresID`, `movie_tb_movieID`) VALUES
('GEN_0012', 'MOV_1187043'),
('GEN_0013', 'MOV_1187043'),
('GEN_0014', 'MOV_1570417'),
('GEN_0013', 'MOV_1570417'),
('GEN_0015', 'MOV_1570417'),
('GEN_0012', 'MOV_9052870'),
('GEN_0013', 'MOV_9052870'),
('GEN_0016', 'MOV_2222042'),
('GEN_0017', 'MOV_2222042'),
('GEN_0012', 'MOV_2222042'),
('GEN_0018', 'MOV_2222042'),
('GEN_0019', 'MOV_2222042'),
('GEN_0013', 'MOV_10633456'),
('GEN_0013', 'MOV_9770150'),
('GEN_0014', 'MOV_9126944'),
('GEN_0019', 'MOV_9126944'),
('GEN_0015', 'MOV_9126944'),
('GEN_0012', 'MOV_9484998'),
('GEN_0018', 'MOV_9484998'),
('GEN_0020', 'MOV_9484998'),
('GEN_0021', 'MOV_9484998'),
('GEN_0014', 'MOV_9620292'),
('GEN_0013', 'MOV_9620292'),
('GEN_0015', 'MOV_9620292'),
('GEN_0016', 'MOV_6723592'),
('GEN_0019', 'MOV_6723592'),
('GEN_0015', 'MOV_6723592'),
('GEN_0014', 'MOV_10530176'),
('GEN_0022', 'MOV_10530176'),
('GEN_0020', 'MOV_10530176'),
('GEN_0019', 'MOV_10530176'),
('GEN_0015', 'MOV_10530176'),
('GEN_0015', 'MOV_8368512'),
('GEN_0022', 'MOV_12691538'),
('GEN_0016', 'MOV_4682266'),
('GEN_0022', 'MOV_4682266'),
('GEN_0020', 'MOV_4682266'),
('GEN_0019', 'MOV_4682266'),
('GEN_0016', 'MOV_7126948'),
('GEN_0017', 'MOV_7126948'),
('GEN_0018', 'MOV_7126948'),
('GEN_0023', 'MOV_2948372'),
('GEN_0017', 'MOV_2948372'),
('GEN_0012', 'MOV_2948372'),
('GEN_0024', 'MOV_2948372'),
('GEN_0018', 'MOV_2948372'),
('GEN_0025', 'MOV_2948372'),
('GEN_0014', 'MOV_3581652'),
('GEN_0013', 'MOV_3581652'),
('GEN_0026', 'MOV_3581652'),
('GEN_0021', 'MOV_3581652'),
('GEN_0016', 'MOV_6902332'),
('GEN_0015', 'MOV_6902332'),
('GEN_0013', 'MOV_5363618'),
('GEN_0025', 'MOV_5363618'),
('GEN_0013', 'MOV_1070874'),
('GEN_0027', 'MOV_1070874'),
('GEN_0015', 'MOV_1070874'),
('GEN_0016', 'MOV_0499097'),
('GEN_0017', 'MOV_0499097'),
('GEN_0015', 'MOV_0499097'),
('GEN_0028', 'MOV_0499097'),
('GEN_0016', 'MOV_5034838'),
('GEN_0019', 'MOV_5034838'),
('GEN_0015', 'MOV_5034838'),
('GEN_0016', 'MOV_0293429'),
('GEN_0017', 'MOV_0293429'),
('GEN_0018', 'MOV_0293429'),
('GEN_0019', 'MOV_0293429'),
('GEN_0015', 'MOV_0293429'),
('GEN_0029', 'MOV_10799902'),
('GEN_0030', 'MOV_10799902'),
('GEN_0016', 'MOV_0113855'),
('GEN_0017', 'MOV_0113855'),
('GEN_0018', 'MOV_0113855'),
('GEN_0019', 'MOV_0113855'),
('GEN_0015', 'MOV_0113855'),
('GEN_0016', 'MOV_10121392'),
('GEN_0017', 'MOV_10121392'),
('GEN_0012', 'MOV_10121392'),
('GEN_0018', 'MOV_10121392'),
('GEN_0019', 'MOV_10121392'),
('GEN_0023', 'MOV_7979580'),
('GEN_0017', 'MOV_7979580'),
('GEN_0012', 'MOV_7979580'),
('GEN_0024', 'MOV_7979580'),
('GEN_0019', 'MOV_7979580'),
('GEN_0031', 'MOV_9784798'),
('GEN_0013', 'MOV_9784798'),
('GEN_0027', 'MOV_9784798'),
('GEN_0031', 'MOV_10618286'),
('GEN_0012', 'MOV_10618286'),
('GEN_0013', 'MOV_10618286'),
('GEN_0016', 'MOV_11083552'),
('GEN_0015', 'MOV_11083552'),
('GEN_0016', 'MOV_12361974'),
('GEN_0017', 'MOV_12361974'),
('GEN_0018', 'MOV_12361974'),
('GEN_0019', 'MOV_12361974'),
('GEN_0017', 'MOV_9664108'),
('GEN_0019', 'MOV_9664108'),
('GEN_0015', 'MOV_9664108'),
('GEN_0014', 'MOV_0068646'),
('GEN_0013', 'MOV_0068646'),
('GEN_0016', 'MOV_0993840'),
('GEN_0014', 'MOV_0993840'),
('GEN_0022', 'MOV_0993840'),
('GEN_0019', 'MOV_0993840'),
('GEN_0015', 'MOV_0993840'),
('GEN_0016', 'MOV_4136456'),
('GEN_0014', 'MOV_4136456'),
('GEN_0015', 'MOV_4136456'),
('GEN_0013', 'MOV_10514222'),
('GEN_0025', 'MOV_10514222'),
('GEN_0016', 'MOV_9777666'),
('GEN_0017', 'MOV_9777666'),
('GEN_0019', 'MOV_9777666'),
('GEN_0015', 'MOV_9777666'),
('GEN_0016', 'MOV_9032400'),
('GEN_0017', 'MOV_9032400'),
('GEN_0013', 'MOV_9032400'),
('GEN_0018', 'MOV_9032400'),
('GEN_0019', 'MOV_9032400'),
('GEN_0013', 'MOV_1321510'),
('GEN_0025', 'MOV_1321510'),
('GEN_0026', 'MOV_1321510'),
('GEN_0021', 'MOV_1321510'),
('GEN_0016', 'MOV_9376612'),
('GEN_0017', 'MOV_9376612'),
('GEN_0018', 'MOV_9376612'),
('GEN_0019', 'MOV_9376612'),
('GEN_0032', 'MOV_12888462'),
('GEN_0013', 'MOV_10272386'),
('GEN_0013', 'MOV_9203694'),
('GEN_0019', 'MOV_9203694'),
('GEN_0015', 'MOV_9203694'),
('GEN_0013', 'MOV_10962368'),
('GEN_0022', 'MOV_10962368'),
('GEN_0020', 'MOV_10962368'),
('GEN_0015', 'MOV_10962368');

-- --------------------------------------------------------

--
-- Table structure for table `genres_tb`
--

CREATE TABLE `genres_tb` (
  `genresID` varchar(100) NOT NULL,
  `genresName` varchar(100) DEFAULT NULL
) ENGINE=InnoDB DEFAULT CHARSET=utf8mb4;

--
-- Dumping data for table `genres_tb`
--

INSERT INTO `genres_tb` (`genresID`, `genresName`) VALUES
('GEN_0012', 'Comedy'),
('GEN_0013', 'Drama'),
('GEN_0014', 'Crime'),
('GEN_0015', 'Thriller'),
('GEN_0016', 'Action'),
('GEN_0017', 'Adventure'),
('GEN_0018', 'Fantasy'),
('GEN_0019', 'Sci-Fi'),
('GEN_0020', 'Mystery'),
('GEN_0021', 'Romance'),
('GEN_0022', 'Horror'),
('GEN_0023', 'Animation'),
('GEN_0024', 'Family'),
('GEN_0025', 'Music'),
('GEN_0026', 'Musical'),
('GEN_0027', 'History'),
('GEN_0028', 'War'),
('GEN_0029', 'Short'),
('GEN_0030', 'News'),
('GEN_0031', 'Biography'),
('GEN_0032', 'Documentary');

-- --------------------------------------------------------

--
-- Table structure for table `hindi_language_men_tb`
--

CREATE TABLE `hindi_language_men_tb` (
  `HindiID` varchar(100) NOT NULL,
  `name` varchar(100) DEFAULT NULL,
  `movie_tb_movieID` varchar(100) DEFAULT NULL,
  `yearMovie` int(4) DEFAULT NULL
) ENGINE=InnoDB DEFAULT CHARSET=utf8mb4;

--
-- Dumping data for table `hindi_language_men_tb`
--

INSERT INTO `hindi_language_men_tb` (`HindiID`, `name`, `movie_tb_movieID`, `yearMovie`) VALUES
('hi_1187043', '3 Idiots (2009)', 'MOV_1187043', 2009),
('hi_1570417', 'Accident on Hill Road (2010)', 'MOV_1570417', 2010),
('hi_9052870', 'Chhichhore (2019)', 'MOV_9052870', 2019);

-- --------------------------------------------------------

--
-- Table structure for table `image_tb`
--

CREATE TABLE `image_tb` (
  `imgID` varchar(100) NOT NULL,
  `imgUrl` varchar(255) DEFAULT NULL,
  `movie_tb_movieID` varchar(100) DEFAULT NULL
) ENGINE=InnoDB DEFAULT CHARSET=utf8mb4;

--
-- Dumping data for table `image_tb`
--

INSERT INTO `image_tb` (`imgID`, `imgUrl`, `movie_tb_movieID`) VALUES
('IMG000016', 'https://m.media-amazon.com/images/M/MV5BNTkyOGVjMGEtNmQzZi00NzFlLTlhOWQtODYyMDc2ZGJmYzFhXkEyXkFqcGdeQXVyNjU0OTQ0OTY@.jpg', 'MOV_1187043'),
('IMG000017', 'https://m.media-amazon.com/images/M/MV5BZjI3NDQ1YzMtNzg3Ni00Njk0LThiZDgtNDAwMWY3YjFiNDUzXkEyXkFqcGdeQXVyNjQ2MjQ5NzM@.jpg', 'MOV_1570417'),
('IMG000018', 'https://m.media-amazon.com/images/M/MV5BYjg2ZDI2YTYtN2EwYi00YWI5LTgyMWQtMWFkYmE3NmJkOGVhXkEyXkFqcGdeQXVyODE5NzE3OTE@.jpg', 'MOV_9052870'),
('IMG000019', 'https://m.media-amazon.com/images/M/MV5BYWVkMWEyMDUtZTVmOC00MTYxLWE1ZTUtNjk4M2IzMjY2OTIxXkEyXkFqcGdeQXVyMDk5Mzc5MQ@@.jpg', 'MOV_2222042'),
('IMG000020', 'https://m.media-amazon.com/images/M/MV5BNWEzOTNjNDgtZDhhYS00ODAxLWIzNGMtYjU3OGZhYmI3ZDU4XkEyXkFqcGdeQXVyMTAzNjk5MDI4.jpg', 'MOV_10633456'),
('IMG000021', 'https://m.media-amazon.com/images/M/MV5BMDRiZWUxNmItNDU5Yy00ODNmLTk0M2ItZjQzZTA5OTJkZjkyXkEyXkFqcGdeQXVyMTkxNjUyNQ@@.jpg', 'MOV_9770150'),
('IMG000022', 'https://m.media-amazon.com/images/M/MV5BNjJhY2M4YjEtZTE1Ny00ZDA5LTkzNTItMTBhZGFjZDZiYTdkXkEyXkFqcGdeQXVyNDA1NDA2NTk@.jpg', 'MOV_9126944'),
('IMG000023', 'https://m.media-amazon.com/images/M/MV5BYjk0MTgzMmQtZmY2My00NmE5LWExNGUtYjZkNTA3ZDkyMTJiXkEyXkFqcGdeQXVyMTkxNjUyNQ@@.jpg', 'MOV_9484998'),
('IMG000024', 'https://m.media-amazon.com/images/M/MV5BOTI0OGQzOWEtZWY1ZC00MTFjLThmODAtYWQ3MDk4ZGEyNGYyXkEyXkFqcGdeQXVyODc0OTEyNDU@.jpg', 'MOV_9620292'),
('IMG000025', 'https://m.media-amazon.com/images/M/MV5BYzg0NGM2NjAtNmIxOC00MDJmLTg5ZmYtYzM0MTE4NWE2NzlhXkEyXkFqcGdeQXVyMTA4NjE0NjEy.jpg', 'MOV_6723592'),
('IMG000026', 'https://m.media-amazon.com/images/M/MV5BMjlhYzY4ODQtYWY3ZS00NGUwLTk5NWYtYjBlMjUzMmNkZWU0XkEyXkFqcGdeQXVyMTA5NzUzODM4.jpg', 'MOV_10530176'),
('IMG000027', 'https://m.media-amazon.com/images/M/MV5BYjg4YTJlNzMtY2U0OC00N2FjLWI0ZTgtNGM1NDRhMWNhZmRkXkEyXkFqcGdeQXVyMDM2NDM2MQ@@.jpg', 'MOV_8368512'),
('IMG000028', 'https://m.media-amazon.com/images/M/MV5BMTYxMThkMjktOGU4Ni00ODYzLWExOTMtZDBlNGQ4NzJlZjc4XkEyXkFqcGdeQXVyMTA5NDUzODMw.jpg', 'MOV_12691538'),
('IMG000029', 'https://m.media-amazon.com/images/M/MV5BZDQ2NTdmNDgtMGIwMS00ODE2LTk5M2EtZGZhYzc4MWRlNTU3XkEyXkFqcGdeQXVyNTc4MjczMTM@.jpg', 'MOV_4682266'),
('IMG000030', 'https://m.media-amazon.com/images/M/MV5BYTlhNzJjYzYtNGU3My00ZDI5LTgzZDUtYzllYjU1ZmU0YTgwXkEyXkFqcGdeQXVyMjQwMDg0Ng@@.jpg', 'MOV_7126948'),
('IMG000031', 'https://m.media-amazon.com/images/M/MV5BZGE1MDg5M2MtNTkyZS00MTY5LTg1YzUtZTlhZmM1Y2EwNmFmXkEyXkFqcGdeQXVyNjA3OTI0MDc@.jpg', 'MOV_2948372'),
('IMG000032', 'https://m.media-amazon.com/images/M/MV5BMjYxOGIxNDEtZDJhNi00Y2QzLTg5NTUtNGRiMTUyMzFiYTU4XkEyXkFqcGdeQXVyMTkxNjUyNQ@@.jpg', 'MOV_3581652'),
('IMG000033', 'https://m.media-amazon.com/images/M/MV5BODdlNThhMTUtNmU1OS00ZjM3LWE1ZjMtOWViN2RhYWRiZTg5XkEyXkFqcGdeQXVyMDA4NzMyOA@@.jpg', 'MOV_6902332'),
('IMG000034', 'https://m.media-amazon.com/images/M/MV5BNjcyYjg0M2ItMzMyZS00NmM1LTlhZDMtN2MxN2RhNWY4YTkwXkEyXkFqcGdeQXVyNjY1MTg4Mzc@.jpg', 'MOV_5363618'),
('IMG000035', 'https://m.media-amazon.com/images/M/MV5BYjYzOGE1MjUtODgyMy00ZDAxLTljYTgtNzk0Njg2YWQwMTZhXkEyXkFqcGdeQXVyMDM2NDM2MQ@@.jpg', 'MOV_1070874'),
('IMG000036', 'https://m.media-amazon.com/images/M/MV5BNzcwYTUxYzctYTQ5My00YzY5LTk3YzItOTliMzRiOTZlMGI3XkEyXkFqcGdeQXVyMTEyMjM2NDc2.jpg', 'MOV_0499097'),
('IMG000037', 'https://m.media-amazon.com/images/M/MV5BZmYzMzU4NjctNDI0Mi00MGExLWI3ZDQtYzQzYThmYzc2ZmNjXkEyXkFqcGdeQXVyMTEyMjM2NDc2.jpg', 'MOV_5034838'),
('IMG000038', 'https://m.media-amazon.com/images/M/MV5BY2ZlNWIxODMtN2YwZi00ZjNmLWIyN2UtZTFkYmZkNDQyNTAyXkEyXkFqcGdeQXVyODkzNTgxMDg@.jpg', 'MOV_0293429'),
('IMG000039', 'https://m.media-amazon.com/images/M/MV5BNjI4MWUyY2QtZjlmZS00MjBhLWFjMjYtMGRjMGQ5NDU3ZjQ3XkEyXkFqcGdeQXVyODQ4Mjc2NDM@.jpg', 'MOV_10799902'),
('IMG000040', 'https://m.media-amazon.com/images/M/MV5BNjY5NTEzZGItMGY3My00NzE4LThkYTUtYjJkNzk3MDBiMWE3XkEyXkFqcGdeQXVyNzg5MDE1MDk@.jpg', 'MOV_0113855'),
('IMG000041', 'https://m.media-amazon.com/images/M/MV5BMWZkM2I2NjEtNWM0Mi00MTgwLWJlYTAtYmNkZWYzNmQ1ZTBiXkEyXkFqcGdeQXVyMDM2NDM2MQ@@.jpg', 'MOV_10121392'),
('IMG000042', 'https://m.media-amazon.com/images/M/MV5BMjdkZjNjNDItYzc4MC00NTkxLTk1MWEtY2UyZjY5MjUwNDNkXkEyXkFqcGdeQXVyMTA1OTcyNDQ4.jpg', 'MOV_7979580'),
('IMG000043', 'https://m.media-amazon.com/images/M/MV5BOTYwNWNmM2UtNDhlOC00ZGQzLWI1MTMtMmZlMTFjM2Y1N2ZhXkEyXkFqcGdeQXVyMTY5Nzc4MDY@.jpg', 'MOV_9784798'),
('IMG000044', 'https://m.media-amazon.com/images/M/MV5BZTllMjI0ZGYtM2FmZC00ZmY4LTlkNTYtZThlOWQ1OGQyZTA3XkEyXkFqcGdeQXVyMDM2NDM2MQ@@.jpg', 'MOV_10618286'),
('IMG000045', 'https://m.media-amazon.com/images/M/MV5BNGVkOTlhOTktNjZiNS00NDg3LWIxMDAtZTY5Y2E0YjllN2IxXkEyXkFqcGdeQXVyMTkxNjUyNQ@@.jpg', 'MOV_11083552'),
('IMG000046', 'https://m.media-amazon.com/images/M/MV5BYjI3NDg0ZTEtMDEwYS00YWMyLThjYjktMTNlM2NmYjc1OGRiXkEyXkFqcGdeQXVyMTEyMjM2NDc2.jpg', 'MOV_12361974'),
('IMG000047', 'https://m.media-amazon.com/images/M/MV5BZDIzODQyODQtYzIyYy00MDE5LWJmZjMtMDRmYTRkNzAyZjAzXkEyXkFqcGdeQXVyMTEyMjM2NDc2.jpg', 'MOV_9664108'),
('IMG000048', 'https://m.media-amazon.com/images/M/MV5BM2MyNjYxNmUtYTAwNi00MTYxLWJmNWYtYzZlODY3ZTk3OTFlXkEyXkFqcGdeQXVyNzkwMjQ5NzM@.jpg', 'MOV_0068646'),
('IMG000049', 'https://m.media-amazon.com/images/M/MV5BNGY0NzgzYzctYWQwMC00MzM2LThjNGMtZjFjMWUyNzg0ZmM0XkEyXkFqcGdeQXVyODk4OTc3MTY@.jpg', 'MOV_0993840'),
('IMG000050', 'https://m.media-amazon.com/images/M/MV5BNjQ3NjkyNGMtMmVkZS00ZGQ0LTgyMjgtNmY1YTAzN2NlM2EzXkEyXkFqcGdeQXVyMDM2NDM2MQ@@.jpg', 'MOV_4136456'),
('IMG000051', 'https://m.media-amazon.com/images/M/MV5BNTBlZGY1OTAtN2RjMC00ZThiLWFiZmUtN2VkOGMxNmMyYjQwXkEyXkFqcGdeQXVyMDM2NDM2MQ@@.jpg', 'MOV_10514222'),
('IMG000052', 'https://m.media-amazon.com/images/M/MV5BZTQ4NmI3ZmUtNjI4Ny00YmI4LTgwYWEtMTk0YmRjN2Y3NDg5XkEyXkFqcGdeQXVyMDM2NDM2MQ@@.jpg', 'MOV_9777666'),
('IMG000053', 'https://m.media-amazon.com/images/M/MV5BOTYzMTlhM2ItMmFkYi00ZTJhLTg3MWQtNzM1NTRkM2NiNzRjXkEyXkFqcGdeQXVyNTE1NjY5Mg@@.jpg', 'MOV_9032400'),
('IMG000054', 'https://m.media-amazon.com/images/M/MV5BZDkzYmM5M2EtMjQxMS00ZDNiLTkwOWQtOTExZDdiMDIxNmQxXkEyXkFqcGdeQXVyNjY1MTg4Mzc@.jpg', 'MOV_1321510'),
('IMG000055', 'https://m.media-amazon.com/images/M/MV5BYzM0YjJlMWEtZTg0MS00NjM4LWJkMDktN2VmZGU2ZjQ1YjI2XkEyXkFqcGdeQXVyODk4OTc3MTY@.jpg', 'MOV_9376612'),
('IMG000056', 'https://m.media-amazon.com/images/M/MV5BZWNiOTc4NGItNGY4YS00ZGNkLThkOWEtMDE2ODcxODEwNjkwXkEyXkFqcGdeQXVyMTkxNjUyNQ@@.jpg', 'MOV_5109280'),
('IMG000057', 'https://m.media-amazon.com/images/M/MV5BZWZlODNlYWUtZjY2Ni00YzdiLTkwNmEtZmY5MmY1MDI0YWQyXkEyXkFqcGdeQXVyNjEwNTM2Mzc@.jpg', 'MOV_12888462'),
('IMG000058', 'https://m.media-amazon.com/images/M/MV5BZGJhNWRiOWQtMjI4OS00ZjcxLTgwMTAtMzQ2ODkxY2JkOTVlXkEyXkFqcGdeQXVyMTkxNjUyNQ@@.jpg', 'MOV_10272386'),
('IMG000059', 'https://m.media-amazon.com/images/M/MV5BMWYwMWQxMmUtNjU3MS00NjIwLTllYWMtNzcxYzRkMWYyYTkwXkEyXkFqcGdeQXVyMDM2NDM2MQ@@.jpg', 'MOV_9203694'),
('IMG000060', 'https://m.media-amazon.com/images/M/MV5BYjRjYzAxYjAtMTQ0NC00YmJkLTk3MTctNDQ5OTQ4NWM4ZGEwXkEyXkFqcGdeQXVyMjM4NTM5NDY@.jpg', 'MOV_10962368');

-- --------------------------------------------------------

--
-- Table structure for table `imdbanalyticsdata_tb`
--

CREATE TABLE `imdbanalyticsdata_tb` (
  `movie_tb_movieID` varchar(100) NOT NULL,
  `imdbRating` float DEFAULT NULL,
  `Votes` int(100) NOT NULL
) ENGINE=InnoDB DEFAULT CHARSET=utf8mb4;

--
-- Dumping data for table `imdbanalyticsdata_tb`
--

INSERT INTO `imdbanalyticsdata_tb` (`movie_tb_movieID`, `imdbRating`, `Votes`) VALUES
('MOV_0068646', 9.2, 1652251),
('MOV_0113855', 5.8, 109038),
('MOV_0293429', 6.2, 76234),
('MOV_0499097', 5.8, 16616),
('MOV_0993840', 9.2, 1652251),
('MOV_10121392', 4.4, 28870),
('MOV_10272386', 8.3, 48570),
('MOV_10514222', 7, 39926),
('MOV_10530176', 7.1, 19950),
('MOV_10618286', 6.9, 58432),
('MOV_10633456', 7.6, 38475),
('MOV_1070874', 7.8, 139984),
('MOV_10799902', 6.5, 17),
('MOV_10962368', 5.3, 9011),
('MOV_11083552', 7.5, 1248),
('MOV_1187043', 8.4, 351736),
('MOV_12361974', 8.1, 276365),
('MOV_12691538', 7.1, 10108),
('MOV_12888462', 8.1, 31999),
('MOV_1321510', 7.5, 87676),
('MOV_1570417', 4, 283),
('MOV_2222042', 7, 73614),
('MOV_2948372', 8.1, 232204),
('MOV_3581652', 8.1, 232204),
('MOV_4136456', 4.8, 1157),
('MOV_4682266', 5.3, 53178),
('MOV_5034838', 6.5, 116215),
('MOV_5109280', 7.4, 52777),
('MOV_5363618', 7.8, 77308),
('MOV_6723592', 7.4, 339630),
('MOV_6902332', 5.6, 9729),
('MOV_7126948', 5.4, 197040),
('MOV_7979580', 8, 12460),
('MOV_8368512', 7.1, 10108),
('MOV_9032400', 7, 39926),
('MOV_9052870', 8.2, 35540),
('MOV_9126944', 4.7, 711),
('MOV_9203694', 5.6, 22642),
('MOV_9376612', 7.5, 87676),
('MOV_9484998', 7.4, 106350),
('MOV_9620292', 7.5, 86952),
('MOV_9664108', 5.3, 3222),
('MOV_9770150', 7.5, 75747),
('MOV_9777666', 7, 39926),
('MOV_9784798', 7.5, 43441);

-- --------------------------------------------------------

--
-- Table structure for table `italian_language_men_tb`
--

CREATE TABLE `italian_language_men_tb` (
  `ItalianID` varchar(100) NOT NULL,
  `name` varchar(100) DEFAULT NULL,
  `movie_tb_movieID` varchar(100) DEFAULT NULL,
  `yearMovie` int(4) DEFAULT NULL
) ENGINE=InnoDB DEFAULT CHARSET=latin1;

-- --------------------------------------------------------

--
-- Table structure for table `japanese_language_men_tb`
--

CREATE TABLE `japanese_language_men_tb` (
  `JapaneseID` varchar(100) NOT NULL,
  `name` varchar(100) DEFAULT NULL,
  `movie_tb_movieID` varchar(100) DEFAULT NULL,
  `yearMovie` int(4) DEFAULT NULL
) ENGINE=InnoDB DEFAULT CHARSET=latin1;

-- --------------------------------------------------------

--
-- Table structure for table `keywordanalyticsdata_tb`
--

CREATE TABLE `keywordanalyticsdata_tb` (
  `keyWord_tb_keywordID` varchar(100) DEFAULT NULL,
  `user_tb_userID` varchar(100) DEFAULT NULL,
  `keywordCount_tb` varchar(100) DEFAULT NULL
) ENGINE=InnoDB DEFAULT CHARSET=utf8mb4;

-- --------------------------------------------------------

--
-- Table structure for table `keywordconnection_tb`
--

CREATE TABLE `keywordconnection_tb` (
  `keyWord_tb_keywordID` varchar(100) DEFAULT NULL,
  `movie_tb_movieID` varchar(100) DEFAULT NULL
) ENGINE=InnoDB DEFAULT CHARSET=utf8mb4;

--
-- Dumping data for table `keywordconnection_tb`
--

INSERT INTO `keywordconnection_tb` (`keyWord_tb_keywordID`, `movie_tb_movieID`) VALUES
('KW_1920', 'MOV_1570417'),
('KW_1921', 'MOV_1570417'),
('KW_1922', 'MOV_1570417'),
('KW_1923', 'MOV_1570417'),
('KW_1924', 'MOV_1570417'),
('KW_1925', 'MOV_1570417'),
('KW_1926', 'MOV_1570417'),
('KW_1927', 'MOV_1570417'),
('KW_1928', 'MOV_1570417'),
('KW_1929', 'MOV_1570417'),
('KW_1930', 'MOV_9052870'),
('KW_1931', 'MOV_9052870'),
('KW_1930', 'MOV_9052870'),
('KW_1931', 'MOV_9052870'),
('KW_1932', 'MOV_2222042'),
('KW_1933', 'MOV_2222042'),
('KW_1934', 'MOV_2222042'),
('KW_1935', 'MOV_2222042'),
('KW_1936', 'MOV_2222042'),
('KW_1937', 'MOV_2222042'),
('KW_1938', 'MOV_2222042'),
('KW_1939', 'MOV_2222042'),
('KW_1940', 'MOV_2222042'),
('KW_1941', 'MOV_2222042'),
('KW_1942', 'MOV_2222042'),
('KW_1943', 'MOV_2222042'),
('KW_1944', 'MOV_2222042'),
('KW_1945', 'MOV_2222042'),
('KW_1946', 'MOV_2222042'),
('KW_1947', 'MOV_2222042'),
('KW_1948', 'MOV_2222042'),
('KW_1949', 'MOV_2222042'),
('KW_1950', 'MOV_2222042'),
('KW_1951', 'MOV_2222042'),
('KW_1952', 'MOV_2222042'),
('KW_1953', 'MOV_2222042'),
('KW_1954', 'MOV_2222042'),
('KW_1955', 'MOV_2222042'),
('KW_1930', 'MOV_2222042'),
('KW_1956', 'MOV_2222042'),
('KW_1957', 'MOV_2222042'),
('KW_1958', 'MOV_2222042'),
('KW_1959', 'MOV_2222042'),
('KW_1960', 'MOV_2222042'),
('KW_1961', 'MOV_2222042'),
('KW_1962', 'MOV_2222042'),
('KW_1963', 'MOV_2222042'),
('KW_1964', 'MOV_2222042'),
('KW_1965', 'MOV_2222042'),
('KW_1966', 'MOV_2222042'),
('KW_1967', 'MOV_2222042'),
('KW_1968', 'MOV_2222042'),
('KW_1969', 'MOV_2222042'),
('KW_1970', 'MOV_2222042'),
('KW_1971', 'MOV_2222042'),
('KW_1972', 'MOV_2222042'),
('KW_1973', 'MOV_2222042'),
('KW_1974', 'MOV_2222042'),
('KW_1975', 'MOV_2222042'),
('KW_1976', 'MOV_2222042'),
('KW_1977', 'MOV_2222042'),
('KW_1978', 'MOV_2222042'),
('KW_1979', 'MOV_2222042'),
('KW_1980', 'MOV_2222042'),
('KW_1981', 'MOV_2222042'),
('KW_1982', 'MOV_2222042'),
('KW_1983', 'MOV_2222042'),
('KW_1984', 'MOV_2222042'),
('KW_1985', 'MOV_2222042'),
('KW_1986', 'MOV_2222042'),
('KW_1987', 'MOV_2222042'),
('KW_1988', 'MOV_2222042'),
('KW_1989', 'MOV_2222042'),
('KW_1990', 'MOV_2222042'),
('KW_1991', 'MOV_2222042'),
('KW_1992', 'MOV_2222042'),
('KW_1993', 'MOV_2222042'),
('KW_1994', 'MOV_2222042'),
('KW_1995', 'MOV_2222042'),
('KW_1996', 'MOV_2222042'),
('KW_1997', 'MOV_2222042'),
('KW_1998', 'MOV_2222042'),
('KW_1999', 'MOV_2222042'),
('KW_2000', 'MOV_2222042'),
('KW_2001', 'MOV_2222042'),
('KW_2002', 'MOV_2222042'),
('KW_2003', 'MOV_2222042'),
('KW_2004', 'MOV_2222042'),
('KW_2005', 'MOV_2222042'),
('KW_2006', 'MOV_2222042'),
('KW_2007', 'MOV_2222042'),
('KW_2008', 'MOV_2222042'),
('KW_2009', 'MOV_2222042'),
('KW_2010', 'MOV_2222042'),
('KW_2011', 'MOV_2222042'),
('KW_2012', 'MOV_2222042'),
('KW_2013', 'MOV_2222042'),
('KW_2014', 'MOV_2222042'),
('KW_2015', 'MOV_2222042'),
('KW_2016', 'MOV_2222042'),
('KW_2017', 'MOV_2222042'),
('KW_2018', 'MOV_2222042'),
('KW_2019', 'MOV_2222042'),
('KW_2020', 'MOV_2222042'),
('KW_2021', 'MOV_2222042'),
('KW_2022', 'MOV_2222042'),
('KW_2023', 'MOV_2222042'),
('KW_2024', 'MOV_2222042'),
('KW_2025', 'MOV_2222042'),
('KW_2026', 'MOV_2222042'),
('KW_2027', 'MOV_2222042'),
('KW_2028', 'MOV_2222042'),
('KW_2029', 'MOV_2222042'),
('KW_2030', 'MOV_2222042'),
('KW_2031', 'MOV_2222042'),
('KW_2032', 'MOV_2222042'),
('KW_2033', 'MOV_2222042'),
('KW_2034', 'MOV_2222042'),
('KW_2035', 'MOV_2222042'),
('KW_2036', 'MOV_2222042'),
('KW_2037', 'MOV_2222042'),
('KW_2038', 'MOV_2222042'),
('KW_2039', 'MOV_2222042'),
('KW_2040', 'MOV_2222042'),
('KW_2041', 'MOV_2222042'),
('KW_2042', 'MOV_2222042'),
('KW_2043', 'MOV_2222042'),
('KW_2044', 'MOV_2222042'),
('KW_2045', 'MOV_2222042'),
('KW_2046', 'MOV_2222042'),
('KW_2047', 'MOV_2222042'),
('KW_2048', 'MOV_2222042'),
('KW_2049', 'MOV_2222042'),
('KW_2050', 'MOV_2222042'),
('KW_2051', 'MOV_2222042'),
('KW_2052', 'MOV_2222042'),
('KW_2053', 'MOV_2222042'),
('KW_2054', 'MOV_2222042'),
('KW_2055', 'MOV_2222042'),
('KW_2056', 'MOV_2222042'),
('KW_2057', 'MOV_2222042'),
('KW_2058', 'MOV_2222042'),
('KW_2059', 'MOV_2222042'),
('KW_2060', 'MOV_2222042'),
('KW_2061', 'MOV_2222042'),
('KW_2062', 'MOV_2222042'),
('KW_2063', 'MOV_2222042'),
('KW_2064', 'MOV_2222042'),
('KW_2065', 'MOV_2222042'),
('KW_2066', 'MOV_2222042'),
('KW_2067', 'MOV_2222042'),
('KW_2068', 'MOV_2222042'),
('KW_2069', 'MOV_2222042'),
('KW_2070', 'MOV_2222042'),
('KW_2071', 'MOV_2222042'),
('KW_2072', 'MOV_2222042'),
('KW_2073', 'MOV_2222042'),
('KW_2074', 'MOV_2222042'),
('KW_2075', 'MOV_2222042'),
('KW_2076', 'MOV_2222042'),
('KW_2077', 'MOV_2222042'),
('KW_2078', 'MOV_2222042'),
('KW_2079', 'MOV_2222042'),
('KW_2080', 'MOV_2222042'),
('KW_2081', 'MOV_2222042'),
('KW_2082', 'MOV_2222042'),
('KW_2083', 'MOV_2222042'),
('KW_2084', 'MOV_2222042'),
('KW_2085', 'MOV_2222042'),
('KW_2086', 'MOV_2222042'),
('KW_2087', 'MOV_2222042'),
('KW_2088', 'MOV_2222042'),
('KW_2089', 'MOV_2222042'),
('KW_2090', 'MOV_2222042'),
('KW_2091', 'MOV_2222042'),
('KW_2092', 'MOV_2222042'),
('KW_2093', 'MOV_2222042'),
('KW_2094', 'MOV_2222042'),
('KW_2095', 'MOV_2222042'),
('KW_2096', 'MOV_2222042'),
('KW_2097', 'MOV_2222042'),
('KW_2098', 'MOV_2222042'),
('KW_2099', 'MOV_2222042'),
('KW_2100', 'MOV_2222042'),
('KW_2101', 'MOV_2222042'),
('KW_2102', 'MOV_2222042'),
('KW_2103', 'MOV_2222042'),
('KW_2104', 'MOV_2222042'),
('KW_2105', 'MOV_2222042'),
('KW_2106', 'MOV_2222042'),
('KW_2107', 'MOV_2222042'),
('KW_2108', 'MOV_2222042'),
('KW_2109', 'MOV_2222042'),
('KW_2110', 'MOV_2222042'),
('KW_2111', 'MOV_2222042'),
('KW_2112', 'MOV_2222042'),
('KW_2113', 'MOV_2222042'),
('KW_2114', 'MOV_2222042'),
('KW_2115', 'MOV_2222042'),
('KW_2116', 'MOV_2222042'),
('KW_2117', 'MOV_2222042'),
('KW_2118', 'MOV_2222042'),
('KW_2119', 'MOV_2222042'),
('KW_2120', 'MOV_2222042'),
('KW_2121', 'MOV_2222042'),
('KW_2122', 'MOV_2222042'),
('KW_2123', 'MOV_2222042'),
('KW_2124', 'MOV_2222042'),
('KW_2125', 'MOV_2222042'),
('KW_2126', 'MOV_2222042'),
('KW_2127', 'MOV_2222042'),
('KW_2128', 'MOV_2222042'),
('KW_2129', 'MOV_2222042'),
('KW_2130', 'MOV_2222042'),
('KW_2131', 'MOV_2222042'),
('KW_2132', 'MOV_2222042'),
('KW_2133', 'MOV_2222042'),
('KW_2134', 'MOV_2222042'),
('KW_2135', 'MOV_2222042'),
('KW_2136', 'MOV_2222042'),
('KW_2137', 'MOV_2222042'),
('KW_2138', 'MOV_2222042'),
('KW_2139', 'MOV_2222042'),
('KW_2140', 'MOV_2222042'),
('KW_2141', 'MOV_2222042'),
('KW_2142', 'MOV_2222042'),
('KW_2143', 'MOV_2222042'),
('KW_2144', 'MOV_2222042'),
('KW_2145', 'MOV_2222042'),
('KW_2146', 'MOV_2222042'),
('KW_2147', 'MOV_2222042'),
('KW_2148', 'MOV_2222042'),
('KW_2149', 'MOV_2222042'),
('KW_2150', 'MOV_2222042'),
('KW_2151', 'MOV_2222042'),
('KW_2152', 'MOV_2222042'),
('KW_2153', 'MOV_2222042'),
('KW_2154', 'MOV_2222042'),
('KW_2155', 'MOV_2222042'),
('KW_2156', 'MOV_2222042'),
('KW_2157', 'MOV_2222042'),
('KW_2158', 'MOV_2222042'),
('KW_2159', 'MOV_2222042'),
('KW_2160', 'MOV_2222042'),
('KW_2161', 'MOV_2222042'),
('KW_2162', 'MOV_2222042'),
('KW_2163', 'MOV_2222042'),
('KW_2164', 'MOV_2222042'),
('KW_2165', 'MOV_2222042'),
('KW_2166', 'MOV_2222042'),
('KW_2167', 'MOV_2222042'),
('KW_2168', 'MOV_2222042'),
('KW_2169', 'MOV_2222042'),
('KW_2170', 'MOV_2222042'),
('KW_2171', 'MOV_2222042'),
('KW_2172', 'MOV_2222042'),
('KW_2173', 'MOV_2222042'),
('KW_2174', 'MOV_2222042'),
('KW_2175', 'MOV_2222042'),
('KW_2176', 'MOV_2222042'),
('KW_2177', 'MOV_2222042'),
('KW_2178', 'MOV_2222042'),
('KW_2179', 'MOV_2222042'),
('KW_2180', 'MOV_2222042'),
('KW_2181', 'MOV_2222042'),
('KW_2182', 'MOV_2222042'),
('KW_2183', 'MOV_2222042'),
('KW_2184', 'MOV_2222042'),
('KW_2185', 'MOV_2222042'),
('KW_2186', 'MOV_2222042'),
('KW_2187', 'MOV_2222042'),
('KW_2188', 'MOV_2222042'),
('KW_2189', 'MOV_2222042'),
('KW_2190', 'MOV_2222042'),
('KW_2191', 'MOV_2222042'),
('KW_2192', 'MOV_2222042'),
('KW_2193', 'MOV_2222042'),
('KW_2194', 'MOV_2222042'),
('KW_2195', 'MOV_2222042'),
('KW_2196', 'MOV_2222042'),
('KW_2197', 'MOV_2222042'),
('KW_2198', 'MOV_2222042'),
('KW_2199', 'MOV_2222042'),
('KW_2200', 'MOV_2222042'),
('KW_2201', 'MOV_2222042'),
('KW_2202', 'MOV_2222042'),
('KW_2203', 'MOV_2222042'),
('KW_2204', 'MOV_2222042'),
('KW_2205', 'MOV_2222042'),
('KW_2206', 'MOV_2222042'),
('KW_2207', 'MOV_2222042'),
('KW_2208', 'MOV_2222042'),
('KW_2209', 'MOV_2222042'),
('KW_2210', 'MOV_2222042'),
('KW_2211', 'MOV_2222042'),
('KW_2212', 'MOV_2222042'),
('KW_2213', 'MOV_2222042'),
('KW_2214', 'MOV_2222042'),
('KW_2215', 'MOV_2222042'),
('KW_2216', 'MOV_2222042'),
('KW_2217', 'MOV_2222042'),
('KW_2218', 'MOV_2222042'),
('KW_2219', 'MOV_2222042'),
('KW_2220', 'MOV_2222042'),
('KW_2221', 'MOV_2222042'),
('KW_2222', 'MOV_2222042'),
('KW_2223', 'MOV_2222042'),
('KW_2224', 'MOV_2222042'),
('KW_2225', 'MOV_2222042'),
('KW_2226', 'MOV_2222042'),
('KW_2227', 'MOV_2222042'),
('KW_2228', 'MOV_2222042'),
('KW_2229', 'MOV_2222042'),
('KW_2230', 'MOV_2222042'),
('KW_2231', 'MOV_2222042'),
('KW_2232', 'MOV_2222042'),
('KW_2233', 'MOV_2222042'),
('KW_2234', 'MOV_2222042'),
('KW_2235', 'MOV_2222042'),
('KW_2236', 'MOV_2222042'),
('KW_2237', 'MOV_2222042'),
('KW_2238', 'MOV_2222042'),
('KW_2239', 'MOV_2222042'),
('KW_2240', 'MOV_2222042'),
('KW_2241', 'MOV_2222042'),
('KW_2242', 'MOV_2222042'),
('KW_2243', 'MOV_2222042'),
('KW_2244', 'MOV_2222042'),
('KW_2245', 'MOV_2222042'),
('KW_2246', 'MOV_2222042'),
('KW_2247', 'MOV_2222042'),
('KW_2248', 'MOV_2222042'),
('KW_2249', 'MOV_2222042'),
('KW_2250', 'MOV_2222042'),
('KW_2251', 'MOV_2222042'),
('KW_2252', 'MOV_2222042'),
('KW_2253', 'MOV_2222042'),
('KW_2254', 'MOV_2222042'),
('KW_2255', 'MOV_2222042'),
('KW_2256', 'MOV_2222042'),
('KW_2257', 'MOV_2222042'),
('KW_2258', 'MOV_2222042'),
('KW_2259', 'MOV_2222042'),
('KW_2260', 'MOV_2222042'),
('KW_2261', 'MOV_2222042'),
('KW_2262', 'MOV_2222042'),
('KW_2263', 'MOV_2222042'),
('KW_2264', 'MOV_2222042'),
('KW_2265', 'MOV_2222042'),
('KW_2266', 'MOV_2222042'),
('KW_2267', 'MOV_2222042'),
('KW_2268', 'MOV_2222042'),
('KW_2269', 'MOV_2222042'),
('KW_2270', 'MOV_2222042'),
('KW_2271', 'MOV_2222042'),
('KW_2272', 'MOV_2222042'),
('KW_2273', 'MOV_2222042'),
('KW_2274', 'MOV_2222042'),
('KW_2275', 'MOV_2222042'),
('KW_2276', 'MOV_2222042'),
('KW_2277', 'MOV_2222042'),
('KW_2278', 'MOV_2222042'),
('KW_2279', 'MOV_2222042'),
('KW_2280', 'MOV_2222042'),
('KW_2281', 'MOV_2222042'),
('KW_2282', 'MOV_2222042'),
('KW_2283', 'MOV_10633456'),
('KW_2284', 'MOV_10633456'),
('KW_2285', 'MOV_10633456'),
('KW_2286', 'MOV_10633456'),
('KW_2287', 'MOV_10633456'),
('KW_2288', 'MOV_10633456'),
('KW_2289', 'MOV_10633456'),
('KW_2290', 'MOV_10633456'),
('KW_2291', 'MOV_10633456'),
('KW_2292', 'MOV_10633456'),
('KW_1930', 'MOV_10633456'),
('KW_2293', 'MOV_10633456'),
('KW_2294', 'MOV_10633456'),
('KW_2295', 'MOV_10633456'),
('KW_2296', 'MOV_10633456'),
('KW_2297', 'MOV_10633456'),
('KW_2298', 'MOV_10633456'),
('KW_2299', 'MOV_10633456'),
('KW_2300', 'MOV_10633456'),
('KW_2301', 'MOV_10633456'),
('KW_2302', 'MOV_10633456'),
('KW_2303', 'MOV_10633456'),
('KW_2304', 'MOV_10633456'),
('KW_2305', 'MOV_10633456'),
('KW_2306', 'MOV_10633456'),
('KW_2307', 'MOV_10633456'),
('KW_2308', 'MOV_10633456'),
('KW_2052', 'MOV_10633456'),
('KW_2309', 'MOV_10633456'),
('KW_2310', 'MOV_10633456'),
('KW_2311', 'MOV_10633456'),
('KW_2312', 'MOV_10633456'),
('KW_2313', 'MOV_10633456'),
('KW_2314', 'MOV_10633456'),
('KW_2315', 'MOV_10633456'),
('KW_2316', 'MOV_10633456'),
('KW_2317', 'MOV_10633456'),
('KW_2318', 'MOV_10633456'),
('KW_2319', 'MOV_10633456'),
('KW_2320', 'MOV_10633456'),
('KW_2321', 'MOV_10633456'),
('KW_2322', 'MOV_10633456'),
('KW_2323', 'MOV_10633456'),
('KW_2324', 'MOV_10633456'),
('KW_2325', 'MOV_10633456'),
('KW_2326', 'MOV_10633456'),
('KW_2327', 'MOV_10633456'),
('KW_2328', 'MOV_10633456'),
('KW_2329', 'MOV_10633456'),
('KW_2330', 'MOV_10633456'),
('KW_2026', 'MOV_10633456'),
('KW_2331', 'MOV_10633456'),
('KW_2200', 'MOV_10633456'),
('KW_2332', 'MOV_10633456'),
('KW_2333', 'MOV_10633456'),
('KW_2334', 'MOV_10633456'),
('KW_2335', 'MOV_10633456'),
('KW_2336', 'MOV_10633456'),
('KW_2337', 'MOV_10633456'),
('KW_2338', 'MOV_10633456'),
('KW_2339', 'MOV_10633456'),
('KW_2340', 'MOV_10633456'),
('KW_2341', 'MOV_10633456'),
('KW_2342', 'MOV_10633456'),
('KW_2343', 'MOV_10633456'),
('KW_2344', 'MOV_10633456'),
('KW_2345', 'MOV_10633456'),
('KW_2346', 'MOV_10633456'),
('KW_2347', 'MOV_10633456'),
('KW_2348', 'MOV_10633456'),
('KW_2349', 'MOV_10633456'),
('KW_2350', 'MOV_10633456'),
('KW_2351', 'MOV_10633456'),
('KW_2352', 'MOV_10633456'),
('KW_2353', 'MOV_10633456'),
('KW_2354', 'MOV_10633456'),
('KW_2032', 'MOV_10633456'),
('KW_2355', 'MOV_10633456'),
('KW_2356', 'MOV_10633456'),
('KW_2357', 'MOV_10633456'),
('KW_2358', 'MOV_10633456'),
('KW_2359', 'MOV_10633456'),
('KW_2360', 'MOV_10633456'),
('KW_2361', 'MOV_10633456'),
('KW_2362', 'MOV_10633456'),
('KW_2363', 'MOV_10633456'),
('KW_2158', 'MOV_10633456'),
('KW_2364', 'MOV_10633456'),
('KW_2365', 'MOV_10633456'),
('KW_2366', 'MOV_10633456'),
('KW_2367', 'MOV_10633456'),
('KW_2368', 'MOV_10633456'),
('KW_2369', 'MOV_10633456'),
('KW_2370', 'MOV_10633456'),
('KW_2371', 'MOV_10633456'),
('KW_2372', 'MOV_10633456'),
('KW_2164', 'MOV_10633456'),
('KW_2373', 'MOV_10633456'),
('KW_2374', 'MOV_10633456'),
('KW_2375', 'MOV_10633456'),
('KW_2376', 'MOV_10633456'),
('KW_2377', 'MOV_10633456'),
('KW_2378', 'MOV_10633456'),
('KW_2379', 'MOV_10633456'),
('KW_2380', 'MOV_10633456'),
('KW_2107', 'MOV_10633456'),
('KW_2381', 'MOV_10633456'),
('KW_2382', 'MOV_10633456'),
('KW_2383', 'MOV_10633456'),
('KW_2384', 'MOV_10633456'),
('KW_2385', 'MOV_10633456'),
('KW_2386', 'MOV_10633456'),
('KW_2387', 'MOV_10633456'),
('KW_2388', 'MOV_10633456'),
('KW_2389', 'MOV_10633456'),
('KW_2240', 'MOV_10633456'),
('KW_1978', 'MOV_10633456'),
('KW_2390', 'MOV_10633456'),
('KW_2391', 'MOV_10633456'),
('KW_2392', 'MOV_10633456'),
('KW_2393', 'MOV_10633456'),
('KW_2394', 'MOV_10633456'),
('KW_2395', 'MOV_10633456'),
('KW_2396', 'MOV_10633456'),
('KW_2397', 'MOV_10633456'),
('KW_2398', 'MOV_10633456'),
('KW_2399', 'MOV_10633456'),
('KW_2400', 'MOV_10633456'),
('KW_2401', 'MOV_10633456'),
('KW_2402', 'MOV_10633456'),
('KW_2403', 'MOV_10633456'),
('KW_2404', 'MOV_10633456'),
('KW_2405', 'MOV_10633456'),
('KW_2406', 'MOV_10633456'),
('KW_2407', 'MOV_10633456'),
('KW_2408', 'MOV_10633456'),
('KW_2409', 'MOV_10633456'),
('KW_2056', 'MOV_10633456'),
('KW_2410', 'MOV_10633456'),
('KW_2411', 'MOV_10633456'),
('KW_2412', 'MOV_10633456'),
('KW_2413', 'MOV_10633456'),
('KW_2414', 'MOV_10633456'),
('KW_2415', 'MOV_10633456'),
('KW_2416', 'MOV_10633456'),
('KW_2417', 'MOV_10633456'),
('KW_2418', 'MOV_10633456'),
('KW_2001', 'MOV_10633456'),
('KW_2419', 'MOV_10633456'),
('KW_2420', 'MOV_10633456'),
('KW_2421', 'MOV_10633456'),
('KW_2422', 'MOV_10633456'),
('KW_2423', 'MOV_10633456'),
('KW_2424', 'MOV_10633456'),
('KW_2425', 'MOV_10633456'),
('KW_2426', 'MOV_10633456'),
('KW_2427', 'MOV_10633456'),
('KW_2428', 'MOV_10633456'),
('KW_2429', 'MOV_10633456'),
('KW_2430', 'MOV_10633456'),
('KW_2431', 'MOV_10633456'),
('KW_2432', 'MOV_10633456'),
('KW_2433', 'MOV_10633456'),
('KW_2434', 'MOV_10633456'),
('KW_2435', 'MOV_10633456'),
('KW_2436', 'MOV_10633456'),
('KW_2437', 'MOV_10633456'),
('KW_2438', 'MOV_10633456'),
('KW_2439', 'MOV_10633456'),
('KW_2440', 'MOV_10633456'),
('KW_2441', 'MOV_10633456'),
('KW_2442', 'MOV_10633456'),
('KW_2443', 'MOV_10633456'),
('KW_2444', 'MOV_10633456'),
('KW_2445', 'MOV_10633456'),
('KW_2446', 'MOV_10633456'),
('KW_2051', 'MOV_10633456'),
('KW_2447', 'MOV_10633456'),
('KW_2448', 'MOV_10633456'),
('KW_2449', 'MOV_10633456'),
('KW_2450', 'MOV_10633456'),
('KW_2451', 'MOV_10633456'),
('KW_2452', 'MOV_10633456'),
('KW_2453', 'MOV_10633456'),
('KW_2454', 'MOV_10633456'),
('KW_2455', 'MOV_10633456'),
('KW_2456', 'MOV_10633456'),
('KW_2457', 'MOV_10633456'),
('KW_2458', 'MOV_10633456'),
('KW_2459', 'MOV_10633456'),
('KW_2460', 'MOV_10633456'),
('KW_2461', 'MOV_10633456'),
('KW_2462', 'MOV_10633456'),
('KW_2463', 'MOV_10633456'),
('KW_2464', 'MOV_10633456'),
('KW_2465', 'MOV_10633456'),
('KW_2466', 'MOV_10633456'),
('KW_2467', 'MOV_10633456'),
('KW_2468', 'MOV_10633456'),
('KW_2469', 'MOV_10633456'),
('KW_2470', 'MOV_10633456'),
('KW_2471', 'MOV_10633456'),
('KW_2472', 'MOV_10633456'),
('KW_2473', 'MOV_10633456'),
('KW_2474', 'MOV_10633456'),
('KW_2475', 'MOV_10633456'),
('KW_2476', 'MOV_10633456'),
('KW_2162', 'MOV_10633456'),
('KW_2477', 'MOV_10633456'),
('KW_2478', 'MOV_10633456'),
('KW_2479', 'MOV_10633456'),
('KW_2480', 'MOV_10633456'),
('KW_2481', 'MOV_10633456'),
('KW_2482', 'MOV_10633456'),
('KW_2483', 'MOV_9770150'),
('KW_2484', 'MOV_9770150'),
('KW_2485', 'MOV_9770150'),
('KW_2486', 'MOV_9770150'),
('KW_1978', 'MOV_9770150'),
('KW_2487', 'MOV_9770150'),
('KW_2488', 'MOV_9770150'),
('KW_2489', 'MOV_9770150'),
('KW_2490', 'MOV_9770150'),
('KW_2491', 'MOV_9770150'),
('KW_2492', 'MOV_9770150'),
('KW_2493', 'MOV_9770150'),
('KW_2494', 'MOV_9770150'),
('KW_2495', 'MOV_9770150'),
('KW_2496', 'MOV_9770150'),
('KW_1980', 'MOV_9770150'),
('KW_2497', 'MOV_9770150'),
('KW_2498', 'MOV_9770150'),
('KW_2499', 'MOV_9770150'),
('KW_2291', 'MOV_9770150'),
('KW_1985', 'MOV_9770150'),
('KW_2500', 'MOV_9770150'),
('KW_2501', 'MOV_9770150'),
('KW_2502', 'MOV_9770150'),
('KW_2503', 'MOV_9770150'),
('KW_2107', 'MOV_9770150'),
('KW_2504', 'MOV_9770150'),
('KW_2505', 'MOV_9770150'),
('KW_2506', 'MOV_9770150'),
('KW_2051', 'MOV_9770150'),
('KW_1930', 'MOV_9770150'),
('KW_2507', 'MOV_9770150'),
('KW_2508', 'MOV_9770150'),
('KW_2066', 'MOV_9770150'),
('KW_2509', 'MOV_9770150'),
('KW_2327', 'MOV_9770150'),
('KW_2510', 'MOV_9770150'),
('KW_2433', 'MOV_9770150'),
('KW_2434', 'MOV_9770150'),
('KW_2387', 'MOV_9770150'),
('KW_2511', 'MOV_9770150'),
('KW_2435', 'MOV_9770150'),
('KW_2415', 'MOV_9770150'),
('KW_2200', 'MOV_9770150'),
('KW_2332', 'MOV_9770150'),
('KW_2512', 'MOV_9770150'),
('KW_2513', 'MOV_9770150'),
('KW_2514', 'MOV_9770150'),
('KW_2515', 'MOV_9770150'),
('KW_2516', 'MOV_9770150'),
('KW_2517', 'MOV_9770150'),
('KW_2518', 'MOV_9770150'),
('KW_2519', 'MOV_9770150'),
('KW_2520', 'MOV_9770150'),
('KW_2521', 'MOV_9770150'),
('KW_2522', 'MOV_9770150'),
('KW_2523', 'MOV_9770150'),
('KW_2524', 'MOV_9770150'),
('KW_2525', 'MOV_9770150'),
('KW_2119', 'MOV_9770150'),
('KW_2526', 'MOV_9770150'),
('KW_2527', 'MOV_9770150'),
('KW_2528', 'MOV_9770150'),
('KW_2529', 'MOV_9770150'),
('KW_2530', 'MOV_9770150'),
('KW_2531', 'MOV_9770150'),
('KW_2532', 'MOV_9770150'),
('KW_2267', 'MOV_9770150'),
('KW_2533', 'MOV_9770150'),
('KW_2534', 'MOV_9770150'),
('KW_2535', 'MOV_9770150'),
('KW_2536', 'MOV_9770150'),
('KW_2295', 'MOV_9770150'),
('KW_2537', 'MOV_9770150'),
('KW_2538', 'MOV_9770150'),
('KW_2539', 'MOV_9770150'),
('KW_2235', 'MOV_9770150'),
('KW_2540', 'MOV_9770150'),
('KW_2541', 'MOV_9770150'),
('KW_1932', 'MOV_9770150'),
('KW_2542', 'MOV_9770150'),
('KW_2543', 'MOV_9770150'),
('KW_2544', 'MOV_9770150'),
('KW_2464', 'MOV_9770150'),
('KW_2545', 'MOV_9770150'),
('KW_2546', 'MOV_9770150'),
('KW_2547', 'MOV_9770150'),
('KW_2548', 'MOV_9770150'),
('KW_2549', 'MOV_9770150'),
('KW_2550', 'MOV_9770150'),
('KW_2293', 'MOV_9770150'),
('KW_2551', 'MOV_9770150'),
('KW_2552', 'MOV_9770150'),
('KW_2300', 'MOV_9770150'),
('KW_2553', 'MOV_9770150'),
('KW_2554', 'MOV_9770150'),
('KW_2555', 'MOV_9770150'),
('KW_2556', 'MOV_9770150'),
('KW_2557', 'MOV_9770150'),
('KW_2558', 'MOV_9770150'),
('KW_2559', 'MOV_9770150'),
('KW_2560', 'MOV_9770150'),
('KW_2561', 'MOV_9770150'),
('KW_2562', 'MOV_9770150'),
('KW_2563', 'MOV_9770150'),
('KW_2564', 'MOV_9770150'),
('KW_2565', 'MOV_9770150'),
('KW_2566', 'MOV_9770150'),
('KW_2567', 'MOV_9770150'),
('KW_2568', 'MOV_9770150'),
('KW_2569', 'MOV_9770150'),
('KW_2570', 'MOV_9770150'),
('KW_2571', 'MOV_9770150'),
('KW_2572', 'MOV_9770150'),
('KW_2573', 'MOV_9770150'),
('KW_2574', 'MOV_9770150'),
('KW_2575', 'MOV_9770150'),
('KW_2576', 'MOV_9770150'),
('KW_2052', 'MOV_9770150'),
('KW_2577', 'MOV_9770150'),
('KW_2578', 'MOV_9770150'),
('KW_2579', 'MOV_9770150'),
('KW_2580', 'MOV_9770150'),
('KW_2581', 'MOV_9770150'),
('KW_2376', 'MOV_9770150'),
('KW_2321', 'MOV_9770150'),
('KW_2033', 'MOV_9770150'),
('KW_2582', 'MOV_9770150'),
('KW_2583', 'MOV_9770150'),
('KW_2584', 'MOV_9770150'),
('KW_2115', 'MOV_9770150'),
('KW_2585', 'MOV_9770150'),
('KW_2586', 'MOV_9770150'),
('KW_2587', 'MOV_9770150'),
('KW_2588', 'MOV_9770150'),
('KW_2589', 'MOV_9770150'),
('KW_2590', 'MOV_9770150'),
('KW_2591', 'MOV_9770150'),
('KW_2592', 'MOV_9770150'),
('KW_2593', 'MOV_9770150'),
('KW_2594', 'MOV_9770150'),
('KW_2595', 'MOV_9770150'),
('KW_2596', 'MOV_9770150'),
('KW_2597', 'MOV_9770150'),
('KW_2299', 'MOV_9770150'),
('KW_2598', 'MOV_9770150'),
('KW_2599', 'MOV_9770150'),
('KW_2600', 'MOV_9770150'),
('KW_2601', 'MOV_9770150'),
('KW_2602', 'MOV_9770150'),
('KW_2603', 'MOV_9770150'),
('KW_2604', 'MOV_9770150'),
('KW_2605', 'MOV_9770150'),
('KW_2606', 'MOV_9770150'),
('KW_2607', 'MOV_9770150'),
('KW_2608', 'MOV_9770150'),
('KW_2303', 'MOV_9770150'),
('KW_2609', 'MOV_9770150'),
('KW_2610', 'MOV_9770150'),
('KW_2611', 'MOV_9770150'),
('KW_2612', 'MOV_9770150'),
('KW_2613', 'MOV_9770150'),
('KW_2614', 'MOV_9770150'),
('KW_2615', 'MOV_9770150'),
('KW_2616', 'MOV_9770150'),
('KW_2617', 'MOV_9770150'),
('KW_2618', 'MOV_9770150'),
('KW_2619', 'MOV_9770150'),
('KW_2620', 'MOV_9770150'),
('KW_2621', 'MOV_9770150'),
('KW_2622', 'MOV_9770150'),
('KW_2024', 'MOV_9770150'),
('KW_2418', 'MOV_9770150'),
('KW_2623', 'MOV_9770150'),
('KW_2624', 'MOV_9770150'),
('KW_2625', 'MOV_9770150'),
('KW_2626', 'MOV_9770150'),
('KW_2627', 'MOV_9770150'),
('KW_2628', 'MOV_9770150'),
('KW_2629', 'MOV_9770150'),
('KW_2630', 'MOV_9770150'),
('KW_2631', 'MOV_9770150'),
('KW_2632', 'MOV_9770150'),
('KW_2633', 'MOV_9770150'),
('KW_2634', 'MOV_9770150'),
('KW_2635', 'MOV_9770150'),
('KW_2636', 'MOV_9770150'),
('KW_2637', 'MOV_9770150'),
('KW_2638', 'MOV_9770150'),
('KW_2639', 'MOV_9770150'),
('KW_2640', 'MOV_9770150'),
('KW_2641', 'MOV_9770150'),
('KW_2455', 'MOV_9770150'),
('KW_2642', 'MOV_9770150'),
('KW_2643', 'MOV_9770150'),
('KW_2644', 'MOV_9770150'),
('KW_2645', 'MOV_9770150'),
('KW_2646', 'MOV_9770150'),
('KW_2647', 'MOV_9770150'),
('KW_2648', 'MOV_9770150'),
('KW_2649', 'MOV_9770150'),
('KW_2650', 'MOV_9770150'),
('KW_2651', 'MOV_9770150'),
('KW_1955', 'MOV_9770150'),
('KW_2652', 'MOV_9770150'),
('KW_2653', 'MOV_9770150'),
('KW_2654', 'MOV_9770150'),
('KW_2655', 'MOV_9770150'),
('KW_2656', 'MOV_9770150'),
('KW_2657', 'MOV_9770150'),
('KW_2658', 'MOV_9770150'),
('KW_2659', 'MOV_9770150'),
('KW_2660', 'MOV_9770150'),
('KW_2171', 'MOV_9770150'),
('KW_2661', 'MOV_9770150'),
('KW_2662', 'MOV_9770150'),
('KW_2663', 'MOV_9770150'),
('KW_2664', 'MOV_9770150'),
('KW_2665', 'MOV_9770150'),
('KW_1934', 'MOV_9770150'),
('KW_2666', 'MOV_9770150'),
('KW_2350', 'MOV_9770150'),
('KW_2667', 'MOV_9770150'),
('KW_2272', 'MOV_9126944'),
('KW_2668', 'MOV_9126944'),
('KW_2669', 'MOV_9126944'),
('KW_2670', 'MOV_9126944'),
('KW_2671', 'MOV_9126944'),
('KW_2672', 'MOV_9126944'),
('KW_2673', 'MOV_9126944'),
('KW_2674', 'MOV_9126944'),
('KW_1950', 'MOV_9126944'),
('KW_2675', 'MOV_9126944'),
('KW_2227', 'MOV_9126944'),
('KW_2676', 'MOV_9126944'),
('KW_2677', 'MOV_9126944'),
('KW_2678', 'MOV_9126944'),
('KW_2679', 'MOV_9126944'),
('KW_2272', 'MOV_9126944'),
('KW_2668', 'MOV_9126944'),
('KW_2669', 'MOV_9126944'),
('KW_2670', 'MOV_9126944'),
('KW_2671', 'MOV_9126944'),
('KW_2672', 'MOV_9126944'),
('KW_2673', 'MOV_9126944'),
('KW_2674', 'MOV_9126944'),
('KW_1950', 'MOV_9126944'),
('KW_2675', 'MOV_9126944'),
('KW_2227', 'MOV_9126944'),
('KW_2676', 'MOV_9126944'),
('KW_2272', 'MOV_9126944'),
('KW_2668', 'MOV_9126944'),
('KW_2669', 'MOV_9126944'),
('KW_2670', 'MOV_9126944'),
('KW_2671', 'MOV_9126944'),
('KW_2672', 'MOV_9126944'),
('KW_2673', 'MOV_9126944'),
('KW_2674', 'MOV_9126944'),
('KW_1950', 'MOV_9126944'),
('KW_2675', 'MOV_9126944'),
('KW_2227', 'MOV_9126944'),
('KW_2676', 'MOV_9126944'),
('KW_2680', 'MOV_9484998'),
('KW_2681', 'MOV_9484998'),
('KW_2682', 'MOV_9484998'),
('KW_2683', 'MOV_9484998'),
('KW_2684', 'MOV_9484998'),
('KW_2685', 'MOV_9484998'),
('KW_2686', 'MOV_9484998'),
('KW_2687', 'MOV_9484998'),
('KW_2511', 'MOV_9484998'),
('KW_2688', 'MOV_9484998'),
('KW_2689', 'MOV_9484998'),
('KW_2690', 'MOV_9484998'),
('KW_2120', 'MOV_9484998'),
('KW_2691', 'MOV_9484998'),
('KW_2692', 'MOV_9484998'),
('KW_2693', 'MOV_9484998'),
('KW_2694', 'MOV_9484998'),
('KW_2695', 'MOV_9484998'),
('KW_2696', 'MOV_9484998'),
('KW_2697', 'MOV_9484998'),
('KW_2698', 'MOV_9484998'),
('KW_2095', 'MOV_9484998'),
('KW_2699', 'MOV_9484998'),
('KW_2700', 'MOV_9484998'),
('KW_2701', 'MOV_9484998'),
('KW_2702', 'MOV_9484998'),
('KW_2703', 'MOV_9484998'),
('KW_2704', 'MOV_9484998'),
('KW_2705', 'MOV_9484998'),
('KW_2706', 'MOV_9484998'),
('KW_2707', 'MOV_9484998'),
('KW_2708', 'MOV_9484998'),
('KW_2709', 'MOV_9484998'),
('KW_2710', 'MOV_9484998'),
('KW_2711', 'MOV_9484998'),
('KW_2712', 'MOV_9484998'),
('KW_2713', 'MOV_9484998'),
('KW_2714', 'MOV_9484998'),
('KW_2715', 'MOV_9484998'),
('KW_2716', 'MOV_9484998'),
('KW_2717', 'MOV_9484998'),
('KW_2718', 'MOV_9484998'),
('KW_2195', 'MOV_9484998'),
('KW_1921', 'MOV_9484998'),
('KW_2719', 'MOV_9484998'),
('KW_2720', 'MOV_9484998'),
('KW_2721', 'MOV_9484998'),
('KW_2722', 'MOV_9484998'),
('KW_2723', 'MOV_9484998'),
('KW_2724', 'MOV_9484998'),
('KW_2725', 'MOV_9484998'),
('KW_2726', 'MOV_9484998'),
('KW_2727', 'MOV_9484998'),
('KW_2728', 'MOV_9484998'),
('KW_2729', 'MOV_9484998'),
('KW_2730', 'MOV_9484998'),
('KW_2731', 'MOV_9484998'),
('KW_2732', 'MOV_9484998'),
('KW_2733', 'MOV_9484998'),
('KW_2063', 'MOV_9484998'),
('KW_1992', 'MOV_9484998'),
('KW_2734', 'MOV_9484998'),
('KW_2735', 'MOV_9484998'),
('KW_2736', 'MOV_9484998'),
('KW_2737', 'MOV_9484998'),
('KW_2738', 'MOV_9484998'),
('KW_2739', 'MOV_9484998'),
('KW_2740', 'MOV_9484998'),
('KW_2741', 'MOV_9484998'),
('KW_2742', 'MOV_9484998'),
('KW_2008', 'MOV_9484998'),
('KW_2743', 'MOV_9484998'),
('KW_2744', 'MOV_9484998'),
('KW_2745', 'MOV_9484998'),
('KW_2746', 'MOV_9484998'),
('KW_2096', 'MOV_9484998'),
('KW_2747', 'MOV_9484998'),
('KW_2748', 'MOV_9484998'),
('KW_2749', 'MOV_9484998'),
('KW_2750', 'MOV_9484998'),
('KW_2395', 'MOV_9484998'),
('KW_2751', 'MOV_9484998'),
('KW_1982', 'MOV_9484998'),
('KW_2298', 'MOV_9484998'),
('KW_2752', 'MOV_9484998'),
('KW_2753', 'MOV_9484998'),
('KW_2119', 'MOV_9484998'),
('KW_2121', 'MOV_9484998'),
('KW_2124', 'MOV_9484998'),
('KW_2122', 'MOV_9484998'),
('KW_2754', 'MOV_9484998'),
('KW_2755', 'MOV_9484998'),
('KW_2756', 'MOV_9484998'),
('KW_2107', 'MOV_9484998'),
('KW_2757', 'MOV_9484998'),
('KW_2758', 'MOV_9484998'),
('KW_2759', 'MOV_9484998'),
('KW_2760', 'MOV_9484998'),
('KW_2761', 'MOV_9484998'),
('KW_2762', 'MOV_9484998'),
('KW_2763', 'MOV_9484998'),
('KW_2764', 'MOV_9484998'),
('KW_2765', 'MOV_9484998'),
('KW_1942', 'MOV_9484998'),
('KW_2766', 'MOV_9484998'),
('KW_1995', 'MOV_9484998'),
('KW_2767', 'MOV_9484998'),
('KW_2768', 'MOV_9484998'),
('KW_2769', 'MOV_9484998'),
('KW_2254', 'MOV_9484998'),
('KW_2770', 'MOV_9484998'),
('KW_2425', 'MOV_9484998'),
('KW_2771', 'MOV_9484998'),
('KW_2772', 'MOV_9484998'),
('KW_2085', 'MOV_9484998'),
('KW_2007', 'MOV_9484998'),
('KW_2773', 'MOV_9484998'),
('KW_2774', 'MOV_9484998'),
('KW_2775', 'MOV_9484998'),
('KW_2776', 'MOV_9484998'),
('KW_2301', 'MOV_9484998'),
('KW_2303', 'MOV_9484998'),
('KW_2777', 'MOV_9484998'),
('KW_2422', 'MOV_9484998'),
('KW_2778', 'MOV_9484998'),
('KW_2779', 'MOV_9484998'),
('KW_2780', 'MOV_9484998'),
('KW_2781', 'MOV_9484998'),
('KW_2782', 'MOV_9484998'),
('KW_2783', 'MOV_9484998'),
('KW_2784', 'MOV_9484998'),
('KW_2785', 'MOV_9484998'),
('KW_2786', 'MOV_9484998'),
('KW_2787', 'MOV_9484998'),
('KW_1961', 'MOV_9484998'),
('KW_2572', 'MOV_9484998'),
('KW_2788', 'MOV_9484998'),
('KW_2789', 'MOV_9484998'),
('KW_2790', 'MOV_9484998'),
('KW_2791', 'MOV_9484998'),
('KW_2792', 'MOV_9484998'),
('KW_2793', 'MOV_9484998'),
('KW_2794', 'MOV_9484998'),
('KW_2795', 'MOV_9484998'),
('KW_2796', 'MOV_9484998'),
('KW_2797', 'MOV_9484998'),
('KW_2798', 'MOV_9484998'),
('KW_2799', 'MOV_9484998'),
('KW_2002', 'MOV_9484998'),
('KW_2800', 'MOV_9484998'),
('KW_2801', 'MOV_9484998'),
('KW_2802', 'MOV_9484998'),
('KW_2803', 'MOV_9484998'),
('KW_2804', 'MOV_9484998'),
('KW_2805', 'MOV_9484998'),
('KW_2806', 'MOV_9484998'),
('KW_2807', 'MOV_9484998'),
('KW_2808', 'MOV_9484998'),
('KW_2809', 'MOV_9484998'),
('KW_2810', 'MOV_9484998'),
('KW_2811', 'MOV_9484998'),
('KW_2812', 'MOV_9484998'),
('KW_2813', 'MOV_9484998'),
('KW_2814', 'MOV_9484998'),
('KW_2815', 'MOV_9484998'),
('KW_2816', 'MOV_9484998'),
('KW_2817', 'MOV_9484998'),
('KW_2818', 'MOV_9484998'),
('KW_2819', 'MOV_9484998'),
('KW_2820', 'MOV_9484998'),
('KW_2821', 'MOV_9484998'),
('KW_2822', 'MOV_9484998'),
('KW_2823', 'MOV_9484998'),
('KW_2824', 'MOV_9484998'),
('KW_2825', 'MOV_9484998'),
('KW_2826', 'MOV_9484998'),
('KW_2024', 'MOV_9484998'),
('KW_2827', 'MOV_9484998'),
('KW_2130', 'MOV_9484998'),
('KW_2131', 'MOV_9484998'),
('KW_2828', 'MOV_9484998'),
('KW_2829', 'MOV_9484998'),
('KW_2272', 'MOV_9484998'),
('KW_2830', 'MOV_9484998'),
('KW_2831', 'MOV_9484998'),
('KW_2832', 'MOV_9484998'),
('KW_2833', 'MOV_9484998'),
('KW_2834', 'MOV_9484998'),
('KW_2835', 'MOV_9484998'),
('KW_2143', 'MOV_9484998'),
('KW_2836', 'MOV_9484998'),
('KW_2837', 'MOV_9484998'),
('KW_2838', 'MOV_9484998'),
('KW_2839', 'MOV_9484998'),
('KW_2245', 'MOV_9484998'),
('KW_2840', 'MOV_9484998'),
('KW_2841', 'MOV_9484998'),
('KW_2842', 'MOV_9484998'),
('KW_2305', 'MOV_9484998'),
('KW_2843', 'MOV_9484998'),
('KW_2844', 'MOV_9484998'),
('KW_2845', 'MOV_9484998'),
('KW_2846', 'MOV_9484998'),
('KW_2847', 'MOV_9484998'),
('KW_2848', 'MOV_9484998'),
('KW_2849', 'MOV_9484998'),
('KW_2850', 'MOV_9484998'),
('KW_2554', 'MOV_9484998'),
('KW_2851', 'MOV_9484998'),
('KW_2852', 'MOV_9484998'),
('KW_2853', 'MOV_9484998'),
('KW_2854', 'MOV_9484998'),
('KW_2855', 'MOV_9484998'),
('KW_2372', 'MOV_9484998'),
('KW_2856', 'MOV_9484998'),
('KW_2857', 'MOV_9484998'),
('KW_2858', 'MOV_9484998'),
('KW_1994', 'MOV_9484998'),
('KW_2116', 'MOV_9484998'),
('KW_2138', 'MOV_9484998'),
('KW_2859', 'MOV_9484998'),
('KW_2860', 'MOV_9484998'),
('KW_2861', 'MOV_9484998'),
('KW_1920', 'MOV_9484998'),
('KW_2020', 'MOV_9484998'),
('KW_2862', 'MOV_9484998'),
('KW_2863', 'MOV_9484998'),
('KW_2864', 'MOV_9484998'),
('KW_2865', 'MOV_9484998'),
('KW_2866', 'MOV_9484998'),
('KW_2867', 'MOV_9484998'),
('KW_2868', 'MOV_9484998'),
('KW_2869', 'MOV_9484998'),
('KW_2870', 'MOV_9484998'),
('KW_2871', 'MOV_9484998'),
('KW_2872', 'MOV_9484998'),
('KW_2873', 'MOV_9484998'),
('KW_2874', 'MOV_9484998'),
('KW_2875', 'MOV_9484998'),
('KW_2876', 'MOV_9484998'),
('KW_2877', 'MOV_9484998'),
('KW_2878', 'MOV_9484998'),
('KW_2067', 'MOV_9484998'),
('KW_2576', 'MOV_9484998'),
('KW_2879', 'MOV_9484998'),
('KW_2880', 'MOV_9484998'),
('KW_2881', 'MOV_9484998'),
('KW_2882', 'MOV_9484998'),
('KW_2883', 'MOV_9484998'),
('KW_2884', 'MOV_9484998'),
('KW_2885', 'MOV_9484998'),
('KW_2066', 'MOV_9484998'),
('KW_2886', 'MOV_9484998'),
('KW_2887', 'MOV_9484998'),
('KW_2888', 'MOV_9484998'),
('KW_2889', 'MOV_9484998'),
('KW_2890', 'MOV_9484998'),
('KW_2891', 'MOV_9484998'),
('KW_2892', 'MOV_9484998'),
('KW_2893', 'MOV_9484998'),
('KW_2894', 'MOV_9484998'),
('KW_2895', 'MOV_9484998'),
('KW_2896', 'MOV_9484998'),
('KW_2897', 'MOV_9484998'),
('KW_2898', 'MOV_9484998'),
('KW_2899', 'MOV_9484998'),
('KW_2900', 'MOV_9484998'),
('KW_2901', 'MOV_9484998'),
('KW_2902', 'MOV_9484998'),
('KW_2903', 'MOV_9484998'),
('KW_2904', 'MOV_9484998'),
('KW_2905', 'MOV_9484998'),
('KW_2906', 'MOV_9484998'),
('KW_2907', 'MOV_9484998'),
('KW_2908', 'MOV_9484998'),
('KW_2909', 'MOV_9484998'),
('KW_2560', 'MOV_9484998'),
('KW_2910', 'MOV_9484998'),
('KW_2911', 'MOV_9484998'),
('KW_2912', 'MOV_9484998'),
('KW_2472', 'MOV_9484998'),
('KW_2913', 'MOV_9484998'),
('KW_2914', 'MOV_9484998'),
('KW_2915', 'MOV_9484998'),
('KW_2916', 'MOV_9484998'),
('KW_2917', 'MOV_9484998'),
('KW_2918', 'MOV_9484998'),
('KW_2919', 'MOV_9484998'),
('KW_2920', 'MOV_9484998'),
('KW_2921', 'MOV_9484998'),
('KW_2922', 'MOV_9484998'),
('KW_2032', 'MOV_9484998'),
('KW_2923', 'MOV_9484998'),
('KW_2924', 'MOV_9484998'),
('KW_2925', 'MOV_9484998'),
('KW_2926', 'MOV_9484998'),
('KW_2927', 'MOV_9484998'),
('KW_2928', 'MOV_9484998'),
('KW_2141', 'MOV_9484998'),
('KW_2929', 'MOV_9484998'),
('KW_2930', 'MOV_9484998'),
('KW_2931', 'MOV_9484998'),
('KW_2932', 'MOV_9484998'),
('KW_2933', 'MOV_9484998'),
('KW_2934', 'MOV_9484998'),
('KW_2935', 'MOV_9484998'),
('KW_2936', 'MOV_9484998'),
('KW_2937', 'MOV_9484998'),
('KW_2938', 'MOV_9484998'),
('KW_2939', 'MOV_9484998'),
('KW_2026', 'MOV_9484998'),
('KW_2299', 'MOV_9484998'),
('KW_2940', 'MOV_9484998'),
('KW_2941', 'MOV_9484998'),
('KW_2052', 'MOV_9484998'),
('KW_2060', 'MOV_9484998'),
('KW_2309', 'MOV_9484998'),
('KW_2942', 'MOV_9484998'),
('KW_2943', 'MOV_9484998'),
('KW_2944', 'MOV_9484998'),
('KW_2945', 'MOV_9484998'),
('KW_2029', 'MOV_9484998'),
('KW_2946', 'MOV_9484998'),
('KW_2514', 'MOV_9484998'),
('KW_2947', 'MOV_9484998'),
('KW_2948', 'MOV_9484998'),
('KW_2949', 'MOV_9484998'),
('KW_2950', 'MOV_9484998'),
('KW_2951', 'MOV_9484998'),
('KW_2952', 'MOV_9484998'),
('KW_2953', 'MOV_9484998'),
('KW_2954', 'MOV_9484998'),
('KW_2955', 'MOV_9484998'),
('KW_2956', 'MOV_9484998'),
('KW_1997', 'MOV_9484998'),
('KW_2164', 'MOV_9484998'),
('KW_2103', 'MOV_9484998'),
('KW_2957', 'MOV_9484998'),
('KW_1957', 'MOV_9484998'),
('KW_2958', 'MOV_9484998'),
('KW_2959', 'MOV_9484998'),
('KW_2960', 'MOV_9484998'),
('KW_2961', 'MOV_9484998'),
('KW_2962', 'MOV_9484998'),
('KW_2963', 'MOV_9484998'),
('KW_2114', 'MOV_9484998'),
('KW_2964', 'MOV_9484998'),
('KW_2965', 'MOV_9484998'),
('KW_2078', 'MOV_9484998'),
('KW_1958', 'MOV_9484998'),
('KW_2966', 'MOV_9484998'),
('KW_2246', 'MOV_9484998'),
('KW_2967', 'MOV_9484998'),
('KW_2968', 'MOV_9484998'),
('KW_2969', 'MOV_9484998'),
('KW_2970', 'MOV_9484998'),
('KW_2971', 'MOV_9484998'),
('KW_2972', 'MOV_9484998'),
('KW_2973', 'MOV_9484998'),
('KW_2974', 'MOV_9484998'),
('KW_2975', 'MOV_9484998'),
('KW_2976', 'MOV_9484998'),
('KW_2977', 'MOV_9484998'),
('KW_2978', 'MOV_9484998'),
('KW_2979', 'MOV_9484998'),
('KW_2980', 'MOV_9484998'),
('KW_2981', 'MOV_9484998'),
('KW_2526', 'MOV_9484998'),
('KW_2982', 'MOV_9484998'),
('KW_2983', 'MOV_9484998'),
('KW_2161', 'MOV_9484998'),
('KW_2984', 'MOV_9484998'),
('KW_2350', 'MOV_9484998'),
('KW_2985', 'MOV_9484998'),
('KW_2248', 'MOV_9484998'),
('KW_2986', 'MOV_9484998'),
('KW_2987', 'MOV_9484998'),
('KW_2988', 'MOV_9484998'),
('KW_2989', 'MOV_9484998'),
('KW_2990', 'MOV_9484998'),
('KW_2991', 'MOV_9484998'),
('KW_2163', 'MOV_9484998'),
('KW_2992', 'MOV_9484998'),
('KW_2993', 'MOV_9484998'),
('KW_2994', 'MOV_9484998'),
('KW_2995', 'MOV_9484998'),
('KW_2062', 'MOV_9484998'),
('KW_2996', 'MOV_9484998'),
('KW_2997', 'MOV_9484998'),
('KW_2998', 'MOV_9484998'),
('KW_2999', 'MOV_9484998'),
('KW_3000', 'MOV_9484998'),
('KW_2588', 'MOV_9484998'),
('KW_3001', 'MOV_9484998'),
('KW_3002', 'MOV_9484998'),
('KW_3003', 'MOV_9484998'),
('KW_3004', 'MOV_9484998'),
('KW_3005', 'MOV_9484998'),
('KW_3006', 'MOV_9484998'),
('KW_3007', 'MOV_9484998'),
('KW_3008', 'MOV_9484998'),
('KW_3009', 'MOV_9484998'),
('KW_3010', 'MOV_9484998'),
('KW_3011', 'MOV_9484998'),
('KW_3012', 'MOV_9484998'),
('KW_3013', 'MOV_9484998'),
('KW_3014', 'MOV_9484998'),
('KW_3015', 'MOV_9484998'),
('KW_2094', 'MOV_9484998'),
('KW_3016', 'MOV_9484998'),
('KW_3017', 'MOV_9484998'),
('KW_3018', 'MOV_9484998'),
('KW_3019', 'MOV_9484998'),
('KW_1981', 'MOV_9484998'),
('KW_3020', 'MOV_9484998'),
('KW_3021', 'MOV_9484998'),
('KW_2106', 'MOV_9484998'),
('KW_3022', 'MOV_9484998'),
('KW_3023', 'MOV_9484998'),
('KW_3024', 'MOV_9484998'),
('KW_3025', 'MOV_9484998'),
('KW_3026', 'MOV_9484998'),
('KW_3027', 'MOV_9484998'),
('KW_3028', 'MOV_9484998'),
('KW_3029', 'MOV_9484998'),
('KW_2680', 'MOV_9484998'),
('KW_2681', 'MOV_9484998'),
('KW_2682', 'MOV_9484998'),
('KW_2683', 'MOV_9484998'),
('KW_2684', 'MOV_9484998'),
('KW_2685', 'MOV_9484998'),
('KW_2686', 'MOV_9484998'),
('KW_2687', 'MOV_9484998'),
('KW_2511', 'MOV_9484998'),
('KW_2688', 'MOV_9484998'),
('KW_2689', 'MOV_9484998'),
('KW_2690', 'MOV_9484998'),
('KW_2120', 'MOV_9484998'),
('KW_2691', 'MOV_9484998'),
('KW_2692', 'MOV_9484998'),
('KW_2693', 'MOV_9484998'),
('KW_2694', 'MOV_9484998'),
('KW_2695', 'MOV_9484998'),
('KW_2696', 'MOV_9484998'),
('KW_2697', 'MOV_9484998'),
('KW_2698', 'MOV_9484998'),
('KW_2095', 'MOV_9484998'),
('KW_2699', 'MOV_9484998'),
('KW_2700', 'MOV_9484998'),
('KW_2701', 'MOV_9484998'),
('KW_2702', 'MOV_9484998'),
('KW_2703', 'MOV_9484998'),
('KW_2704', 'MOV_9484998'),
('KW_2705', 'MOV_9484998'),
('KW_2706', 'MOV_9484998'),
('KW_2707', 'MOV_9484998'),
('KW_2708', 'MOV_9484998'),
('KW_2709', 'MOV_9484998'),
('KW_2710', 'MOV_9484998'),
('KW_2711', 'MOV_9484998'),
('KW_2712', 'MOV_9484998'),
('KW_2713', 'MOV_9484998'),
('KW_2714', 'MOV_9484998'),
('KW_2715', 'MOV_9484998'),
('KW_2716', 'MOV_9484998'),
('KW_2717', 'MOV_9484998'),
('KW_2718', 'MOV_9484998'),
('KW_2195', 'MOV_9484998'),
('KW_1921', 'MOV_9484998'),
('KW_2719', 'MOV_9484998'),
('KW_2720', 'MOV_9484998'),
('KW_2721', 'MOV_9484998'),
('KW_2722', 'MOV_9484998'),
('KW_2723', 'MOV_9484998'),
('KW_2724', 'MOV_9484998'),
('KW_2725', 'MOV_9484998'),
('KW_2726', 'MOV_9484998'),
('KW_2727', 'MOV_9484998'),
('KW_2728', 'MOV_9484998'),
('KW_2729', 'MOV_9484998'),
('KW_2730', 'MOV_9484998'),
('KW_2731', 'MOV_9484998'),
('KW_2732', 'MOV_9484998'),
('KW_2733', 'MOV_9484998'),
('KW_2063', 'MOV_9484998'),
('KW_1992', 'MOV_9484998'),
('KW_2734', 'MOV_9484998'),
('KW_2735', 'MOV_9484998'),
('KW_2736', 'MOV_9484998'),
('KW_2737', 'MOV_9484998'),
('KW_2738', 'MOV_9484998'),
('KW_2739', 'MOV_9484998'),
('KW_2740', 'MOV_9484998'),
('KW_2741', 'MOV_9484998'),
('KW_2742', 'MOV_9484998'),
('KW_2008', 'MOV_9484998'),
('KW_2743', 'MOV_9484998'),
('KW_2744', 'MOV_9484998'),
('KW_2745', 'MOV_9484998'),
('KW_2746', 'MOV_9484998'),
('KW_2096', 'MOV_9484998'),
('KW_2747', 'MOV_9484998'),
('KW_2748', 'MOV_9484998'),
('KW_2749', 'MOV_9484998'),
('KW_2750', 'MOV_9484998'),
('KW_2395', 'MOV_9484998'),
('KW_2751', 'MOV_9484998'),
('KW_1982', 'MOV_9484998'),
('KW_2298', 'MOV_9484998'),
('KW_2752', 'MOV_9484998'),
('KW_2753', 'MOV_9484998'),
('KW_2119', 'MOV_9484998'),
('KW_2121', 'MOV_9484998'),
('KW_2124', 'MOV_9484998'),
('KW_2122', 'MOV_9484998'),
('KW_2754', 'MOV_9484998'),
('KW_2755', 'MOV_9484998'),
('KW_2756', 'MOV_9484998'),
('KW_2107', 'MOV_9484998'),
('KW_2757', 'MOV_9484998'),
('KW_2758', 'MOV_9484998'),
('KW_2759', 'MOV_9484998'),
('KW_2760', 'MOV_9484998'),
('KW_2761', 'MOV_9484998'),
('KW_2762', 'MOV_9484998'),
('KW_2763', 'MOV_9484998'),
('KW_2764', 'MOV_9484998'),
('KW_2765', 'MOV_9484998'),
('KW_1942', 'MOV_9484998'),
('KW_2766', 'MOV_9484998'),
('KW_1995', 'MOV_9484998'),
('KW_2767', 'MOV_9484998'),
('KW_2768', 'MOV_9484998'),
('KW_2769', 'MOV_9484998'),
('KW_2254', 'MOV_9484998'),
('KW_2770', 'MOV_9484998'),
('KW_2425', 'MOV_9484998'),
('KW_2771', 'MOV_9484998'),
('KW_2772', 'MOV_9484998'),
('KW_2085', 'MOV_9484998'),
('KW_2007', 'MOV_9484998'),
('KW_2773', 'MOV_9484998'),
('KW_2774', 'MOV_9484998'),
('KW_2775', 'MOV_9484998'),
('KW_2776', 'MOV_9484998'),
('KW_2301', 'MOV_9484998'),
('KW_2303', 'MOV_9484998'),
('KW_2777', 'MOV_9484998'),
('KW_2422', 'MOV_9484998'),
('KW_2778', 'MOV_9484998'),
('KW_2779', 'MOV_9484998'),
('KW_2780', 'MOV_9484998'),
('KW_2781', 'MOV_9484998'),
('KW_2782', 'MOV_9484998'),
('KW_2783', 'MOV_9484998'),
('KW_2784', 'MOV_9484998'),
('KW_2785', 'MOV_9484998'),
('KW_2786', 'MOV_9484998'),
('KW_2787', 'MOV_9484998'),
('KW_1961', 'MOV_9484998'),
('KW_2572', 'MOV_9484998'),
('KW_2788', 'MOV_9484998'),
('KW_2789', 'MOV_9484998'),
('KW_2790', 'MOV_9484998'),
('KW_2791', 'MOV_9484998'),
('KW_2792', 'MOV_9484998'),
('KW_2793', 'MOV_9484998'),
('KW_2794', 'MOV_9484998'),
('KW_2795', 'MOV_9484998'),
('KW_2796', 'MOV_9484998'),
('KW_2797', 'MOV_9484998'),
('KW_2798', 'MOV_9484998'),
('KW_2799', 'MOV_9484998'),
('KW_2002', 'MOV_9484998'),
('KW_2800', 'MOV_9484998'),
('KW_2801', 'MOV_9484998'),
('KW_2802', 'MOV_9484998'),
('KW_2803', 'MOV_9484998'),
('KW_2804', 'MOV_9484998'),
('KW_2805', 'MOV_9484998'),
('KW_2806', 'MOV_9484998'),
('KW_2807', 'MOV_9484998'),
('KW_2808', 'MOV_9484998'),
('KW_2809', 'MOV_9484998'),
('KW_2810', 'MOV_9484998'),
('KW_2811', 'MOV_9484998'),
('KW_2812', 'MOV_9484998'),
('KW_2813', 'MOV_9484998'),
('KW_2814', 'MOV_9484998'),
('KW_2815', 'MOV_9484998'),
('KW_2816', 'MOV_9484998'),
('KW_2817', 'MOV_9484998'),
('KW_2818', 'MOV_9484998'),
('KW_2819', 'MOV_9484998'),
('KW_2820', 'MOV_9484998'),
('KW_2821', 'MOV_9484998'),
('KW_2822', 'MOV_9484998'),
('KW_2823', 'MOV_9484998'),
('KW_2824', 'MOV_9484998'),
('KW_2825', 'MOV_9484998'),
('KW_2826', 'MOV_9484998'),
('KW_2024', 'MOV_9484998'),
('KW_2827', 'MOV_9484998'),
('KW_2130', 'MOV_9484998'),
('KW_2131', 'MOV_9484998'),
('KW_2828', 'MOV_9484998'),
('KW_2829', 'MOV_9484998'),
('KW_2272', 'MOV_9484998'),
('KW_2830', 'MOV_9484998'),
('KW_2831', 'MOV_9484998'),
('KW_2832', 'MOV_9484998'),
('KW_2833', 'MOV_9484998'),
('KW_2834', 'MOV_9484998'),
('KW_2835', 'MOV_9484998'),
('KW_2143', 'MOV_9484998'),
('KW_2836', 'MOV_9484998'),
('KW_2837', 'MOV_9484998'),
('KW_2838', 'MOV_9484998'),
('KW_2839', 'MOV_9484998'),
('KW_2245', 'MOV_9484998'),
('KW_2840', 'MOV_9484998'),
('KW_2841', 'MOV_9484998'),
('KW_2842', 'MOV_9484998'),
('KW_2305', 'MOV_9484998'),
('KW_2843', 'MOV_9484998'),
('KW_2844', 'MOV_9484998'),
('KW_2845', 'MOV_9484998'),
('KW_2846', 'MOV_9484998'),
('KW_2847', 'MOV_9484998'),
('KW_2848', 'MOV_9484998'),
('KW_2849', 'MOV_9484998'),
('KW_2850', 'MOV_9484998'),
('KW_2554', 'MOV_9484998'),
('KW_2851', 'MOV_9484998'),
('KW_2852', 'MOV_9484998'),
('KW_2853', 'MOV_9484998'),
('KW_2854', 'MOV_9484998'),
('KW_2855', 'MOV_9484998'),
('KW_2372', 'MOV_9484998'),
('KW_2856', 'MOV_9484998'),
('KW_2857', 'MOV_9484998'),
('KW_2858', 'MOV_9484998'),
('KW_1994', 'MOV_9484998'),
('KW_2116', 'MOV_9484998'),
('KW_2138', 'MOV_9484998'),
('KW_2859', 'MOV_9484998'),
('KW_2860', 'MOV_9484998'),
('KW_2861', 'MOV_9484998'),
('KW_1920', 'MOV_9484998'),
('KW_2020', 'MOV_9484998'),
('KW_2862', 'MOV_9484998'),
('KW_2863', 'MOV_9484998'),
('KW_2864', 'MOV_9484998'),
('KW_2865', 'MOV_9484998'),
('KW_2866', 'MOV_9484998'),
('KW_2867', 'MOV_9484998'),
('KW_2868', 'MOV_9484998'),
('KW_2869', 'MOV_9484998'),
('KW_2870', 'MOV_9484998'),
('KW_2871', 'MOV_9484998'),
('KW_2872', 'MOV_9484998'),
('KW_2873', 'MOV_9484998'),
('KW_2874', 'MOV_9484998'),
('KW_2875', 'MOV_9484998'),
('KW_2876', 'MOV_9484998'),
('KW_2877', 'MOV_9484998'),
('KW_2878', 'MOV_9484998'),
('KW_2067', 'MOV_9484998'),
('KW_2576', 'MOV_9484998'),
('KW_2879', 'MOV_9484998'),
('KW_2880', 'MOV_9484998'),
('KW_2881', 'MOV_9484998'),
('KW_2882', 'MOV_9484998'),
('KW_2883', 'MOV_9484998'),
('KW_2272', 'MOV_9620292'),
('KW_3030', 'MOV_9620292'),
('KW_3031', 'MOV_9620292'),
('KW_2490', 'MOV_9620292'),
('KW_2211', 'MOV_9620292'),
('KW_3032', 'MOV_9620292'),
('KW_2942', 'MOV_9620292'),
('KW_3033', 'MOV_9620292'),
('KW_3034', 'MOV_9620292'),
('KW_3035', 'MOV_9620292'),
('KW_3036', 'MOV_9620292'),
('KW_3037', 'MOV_9620292'),
('KW_3038', 'MOV_9620292'),
('KW_3039', 'MOV_9620292'),
('KW_3040', 'MOV_9620292'),
('KW_3041', 'MOV_9620292'),
('KW_3042', 'MOV_9620292'),
('KW_3043', 'MOV_9620292'),
('KW_2831', 'MOV_9620292'),
('KW_3044', 'MOV_9620292'),
('KW_3045', 'MOV_9620292'),
('KW_2690', 'MOV_9620292'),
('KW_3046', 'MOV_9620292'),
('KW_2077', 'MOV_9620292'),
('KW_3047', 'MOV_9620292'),
('KW_3048', 'MOV_9620292'),
('KW_3049', 'MOV_9620292'),
('KW_3050', 'MOV_9620292'),
('KW_3051', 'MOV_9620292'),
('KW_3052', 'MOV_9620292'),
('KW_3053', 'MOV_9620292'),
('KW_3054', 'MOV_9620292'),
('KW_3055', 'MOV_9620292'),
('KW_3056', 'MOV_9620292'),
('KW_3057', 'MOV_9620292'),
('KW_3058', 'MOV_9620292'),
('KW_3059', 'MOV_9620292'),
('KW_2724', 'MOV_9620292'),
('KW_3060', 'MOV_9620292'),
('KW_3061', 'MOV_9620292'),
('KW_3062', 'MOV_9620292'),
('KW_3063', 'MOV_9620292'),
('KW_3064', 'MOV_9620292'),
('KW_3065', 'MOV_9620292'),
('KW_3066', 'MOV_9620292'),
('KW_3067', 'MOV_9620292'),
('KW_3068', 'MOV_9620292'),
('KW_3069', 'MOV_9620292'),
('KW_3070', 'MOV_9620292'),
('KW_3071', 'MOV_9620292'),
('KW_3072', 'MOV_9620292'),
('KW_3073', 'MOV_9620292'),
('KW_3074', 'MOV_9620292'),
('KW_3075', 'MOV_9620292'),
('KW_3076', 'MOV_9620292'),
('KW_3077', 'MOV_9620292'),
('KW_3078', 'MOV_9620292'),
('KW_3079', 'MOV_9620292'),
('KW_3080', 'MOV_9620292'),
('KW_3081', 'MOV_9620292'),
('KW_3082', 'MOV_9620292'),
('KW_2966', 'MOV_9620292'),
('KW_1958', 'MOV_9620292'),
('KW_3083', 'MOV_9620292'),
('KW_3084', 'MOV_9620292'),
('KW_3085', 'MOV_9620292'),
('KW_3086', 'MOV_9620292'),
('KW_3087', 'MOV_9620292'),
('KW_3088', 'MOV_9620292'),
('KW_3089', 'MOV_9620292'),
('KW_3090', 'MOV_9620292'),
('KW_3091', 'MOV_9620292'),
('KW_3092', 'MOV_9620292'),
('KW_3093', 'MOV_9620292'),
('KW_3094', 'MOV_9620292'),
('KW_3095', 'MOV_9620292'),
('KW_3096', 'MOV_9620292'),
('KW_3097', 'MOV_9620292'),
('KW_3098', 'MOV_9620292'),
('KW_3099', 'MOV_9620292'),
('KW_3100', 'MOV_9620292'),
('KW_3101', 'MOV_9620292'),
('KW_3102', 'MOV_9620292'),
('KW_3103', 'MOV_9620292'),
('KW_3104', 'MOV_9620292'),
('KW_3105', 'MOV_9620292'),
('KW_3106', 'MOV_9620292'),
('KW_2957', 'MOV_9620292'),
('KW_3107', 'MOV_9620292'),
('KW_3108', 'MOV_9620292'),
('KW_3109', 'MOV_9620292'),
('KW_3110', 'MOV_9620292'),
('KW_3111', 'MOV_9620292'),
('KW_3112', 'MOV_9620292'),
('KW_3113', 'MOV_9620292'),
('KW_3114', 'MOV_9620292'),
('KW_3115', 'MOV_9620292'),
('KW_3116', 'MOV_9620292'),
('KW_3117', 'MOV_9620292'),
('KW_3118', 'MOV_9620292'),
('KW_3119', 'MOV_9620292'),
('KW_3120', 'MOV_9620292'),
('KW_3121', 'MOV_9620292'),
('KW_2025', 'MOV_9620292'),
('KW_3122', 'MOV_9620292'),
('KW_3123', 'MOV_9620292'),
('KW_3124', 'MOV_9620292'),
('KW_3125', 'MOV_9620292'),
('KW_3126', 'MOV_9620292'),
('KW_3127', 'MOV_9620292'),
('KW_2121', 'MOV_9620292'),
('KW_2791', 'MOV_9620292'),
('KW_3128', 'MOV_9620292'),
('KW_3129', 'MOV_9620292'),
('KW_3130', 'MOV_9620292'),
('KW_3131', 'MOV_9620292'),
('KW_3132', 'MOV_9620292'),
('KW_3133', 'MOV_9620292'),
('KW_3134', 'MOV_9620292'),
('KW_3135', 'MOV_9620292'),
('KW_3136', 'MOV_9620292'),
('KW_3137', 'MOV_9620292'),
('KW_3138', 'MOV_9620292'),
('KW_3139', 'MOV_9620292'),
('KW_3140', 'MOV_9620292'),
('KW_3141', 'MOV_9620292'),
('KW_3142', 'MOV_9620292'),
('KW_2122', 'MOV_9620292'),
('KW_3143', 'MOV_9620292'),
('KW_3144', 'MOV_9620292'),
('KW_3145', 'MOV_9620292'),
('KW_3146', 'MOV_9620292'),
('KW_3147', 'MOV_9620292'),
('KW_1960', 'MOV_9620292'),
('KW_3148', 'MOV_9620292'),
('KW_3149', 'MOV_9620292'),
('KW_3150', 'MOV_9620292'),
('KW_2278', 'MOV_9620292'),
('KW_2662', 'MOV_9620292'),
('KW_3151', 'MOV_9620292'),
('KW_3152', 'MOV_9620292'),
('KW_3153', 'MOV_9620292'),
('KW_2051', 'MOV_9620292'),
('KW_3154', 'MOV_9620292'),
('KW_3155', 'MOV_9620292'),
('KW_3156', 'MOV_9620292'),
('KW_3157', 'MOV_9620292'),
('KW_2422', 'MOV_9620292'),
('KW_3158', 'MOV_9620292'),
('KW_3159', 'MOV_9620292'),
('KW_2281', 'MOV_9620292'),
('KW_2239', 'MOV_9620292'),
('KW_3160', 'MOV_9620292'),
('KW_3161', 'MOV_9620292'),
('KW_2823', 'MOV_9620292'),
('KW_3162', 'MOV_9620292'),
('KW_3163', 'MOV_9620292'),
('KW_2467', 'MOV_9620292'),
('KW_3164', 'MOV_9620292'),
('KW_3165', 'MOV_9620292'),
('KW_3166', 'MOV_9620292'),
('KW_3167', 'MOV_9620292'),
('KW_3168', 'MOV_9620292'),
('KW_3169', 'MOV_9620292'),
('KW_3170', 'MOV_9620292'),
('KW_3171', 'MOV_9620292'),
('KW_3172', 'MOV_9620292'),
('KW_3173', 'MOV_9620292'),
('KW_2725', 'MOV_9620292'),
('KW_2923', 'MOV_9620292'),
('KW_2910', 'MOV_9620292'),
('KW_2143', 'MOV_9620292'),
('KW_2688', 'MOV_9620292'),
('KW_2684', 'MOV_9620292'),
('KW_3174', 'MOV_9620292'),
('KW_3175', 'MOV_9620292'),
('KW_3176', 'MOV_9620292'),
('KW_3177', 'MOV_9620292'),
('KW_3178', 'MOV_9620292'),
('KW_3179', 'MOV_9620292'),
('KW_3180', 'MOV_9620292'),
('KW_3181', 'MOV_9620292'),
('KW_3182', 'MOV_9620292'),
('KW_2951', 'MOV_9620292'),
('KW_3183', 'MOV_9620292'),
('KW_3184', 'MOV_9620292'),
('KW_2948', 'MOV_9620292'),
('KW_3185', 'MOV_9620292'),
('KW_3186', 'MOV_9620292'),
('KW_1930', 'MOV_9620292'),
('KW_2702', 'MOV_9620292'),
('KW_3187', 'MOV_9620292'),
('KW_3188', 'MOV_9620292'),
('KW_3189', 'MOV_9620292'),
('KW_3190', 'MOV_9620292'),
('KW_3191', 'MOV_9620292'),
('KW_2523', 'MOV_9620292'),
('KW_2230', 'MOV_9620292'),
('KW_3192', 'MOV_9620292'),
('KW_3193', 'MOV_9620292'),
('KW_3194', 'MOV_9620292'),
('KW_3195', 'MOV_9620292'),
('KW_2816', 'MOV_9620292'),
('KW_3196', 'MOV_9620292'),
('KW_3197', 'MOV_9620292'),
('KW_3198', 'MOV_9620292'),
('KW_3199', 'MOV_9620292'),
('KW_3200', 'MOV_9620292'),
('KW_2449', 'MOV_9620292'),
('KW_2164', 'MOV_9620292'),
('KW_3201', 'MOV_9620292'),
('KW_3202', 'MOV_9620292'),
('KW_3203', 'MOV_9620292'),
('KW_3204', 'MOV_9620292'),
('KW_2293', 'MOV_9620292'),
('KW_3205', 'MOV_9620292'),
('KW_3206', 'MOV_9620292'),
('KW_3207', 'MOV_9620292'),
('KW_3208', 'MOV_9620292'),
('KW_3209', 'MOV_9620292'),
('KW_3210', 'MOV_9620292'),
('KW_3211', 'MOV_9620292'),
('KW_3212', 'MOV_9620292'),
('KW_3213', 'MOV_9620292'),
('KW_3214', 'MOV_9620292'),
('KW_3215', 'MOV_9620292'),
('KW_3216', 'MOV_9620292'),
('KW_3217', 'MOV_9620292'),
('KW_3218', 'MOV_9620292'),
('KW_3219', 'MOV_9620292'),
('KW_3220', 'MOV_9620292'),
('KW_3221', 'MOV_9620292'),
('KW_3222', 'MOV_9620292'),
('KW_3223', 'MOV_9620292'),
('KW_3224', 'MOV_9620292'),
('KW_3225', 'MOV_9620292'),
('KW_3226', 'MOV_9620292'),
('KW_2303', 'MOV_9620292'),
('KW_2301', 'MOV_9620292'),
('KW_3227', 'MOV_9620292'),
('KW_3228', 'MOV_9620292'),
('KW_3229', 'MOV_9620292'),
('KW_3230', 'MOV_9620292'),
('KW_3231', 'MOV_9620292'),
('KW_3232', 'MOV_9620292'),
('KW_3233', 'MOV_9620292'),
('KW_3234', 'MOV_9620292'),
('KW_3235', 'MOV_9620292'),
('KW_2133', 'MOV_9620292'),
('KW_3236', 'MOV_9620292'),
('KW_3237', 'MOV_9620292'),
('KW_2911', 'MOV_9620292'),
('KW_3238', 'MOV_9620292'),
('KW_3239', 'MOV_9620292'),
('KW_3240', 'MOV_9620292'),
('KW_3241', 'MOV_9620292'),
('KW_2790', 'MOV_9620292'),
('KW_3242', 'MOV_9620292'),
('KW_2730', 'MOV_9620292'),
('KW_3243', 'MOV_9620292'),
('KW_3012', 'MOV_9620292'),
('KW_3020', 'MOV_9620292'),
('KW_2757', 'MOV_9620292'),
('KW_3244', 'MOV_9620292'),
('KW_3245', 'MOV_9620292'),
('KW_3246', 'MOV_9620292'),
('KW_3247', 'MOV_9620292'),
('KW_3248', 'MOV_9620292'),
('KW_3249', 'MOV_9620292'),
('KW_3250', 'MOV_9620292'),
('KW_3251', 'MOV_9620292'),
('KW_3252', 'MOV_9620292'),
('KW_3253', 'MOV_9620292'),
('KW_3254', 'MOV_9620292'),
('KW_3255', 'MOV_9620292'),
('KW_3256', 'MOV_9620292'),
('KW_2921', 'MOV_9620292'),
('KW_2919', 'MOV_9620292'),
('KW_3257', 'MOV_9620292'),
('KW_2920', 'MOV_9620292'),
('KW_3258', 'MOV_9620292'),
('KW_3259', 'MOV_9620292'),
('KW_3260', 'MOV_9620292'),
('KW_3261', 'MOV_9620292'),
('KW_3262', 'MOV_9620292'),
('KW_3263', 'MOV_9620292'),
('KW_3264', 'MOV_9620292'),
('KW_3265', 'MOV_9620292'),
('KW_3266', 'MOV_9620292'),
('KW_3267', 'MOV_9620292'),
('KW_3268', 'MOV_9620292'),
('KW_3269', 'MOV_9620292'),
('KW_3270', 'MOV_9620292'),
('KW_2017', 'MOV_9620292'),
('KW_3271', 'MOV_9620292'),
('KW_1936', 'MOV_9620292'),
('KW_3272', 'MOV_9620292'),
('KW_3273', 'MOV_9620292'),
('KW_3274', 'MOV_9620292'),
('KW_3275', 'MOV_9620292'),
('KW_3276', 'MOV_9620292'),
('KW_3277', 'MOV_9620292'),
('KW_3278', 'MOV_9620292'),
('KW_3279', 'MOV_9620292'),
('KW_3280', 'MOV_9620292'),
('KW_3281', 'MOV_9620292'),
('KW_3282', 'MOV_9620292'),
('KW_3283', 'MOV_9620292'),
('KW_3284', 'MOV_9620292'),
('KW_3285', 'MOV_9620292'),
('KW_2718', 'MOV_9620292'),
('KW_3286', 'MOV_9620292'),
('KW_2304', 'MOV_9620292'),
('KW_2512', 'MOV_9620292'),
('KW_2520', 'MOV_9620292'),
('KW_2548', 'MOV_9620292'),
('KW_3287', 'MOV_9620292'),
('KW_2475', 'MOV_9620292'),
('KW_3288', 'MOV_9620292'),
('KW_2357', 'MOV_9620292'),
('KW_3289', 'MOV_9620292'),
('KW_2510', 'MOV_9620292'),
('KW_2222', 'MOV_9620292'),
('KW_3290', 'MOV_9620292'),
('KW_1924', 'MOV_9620292'),
('KW_3291', 'MOV_9620292'),
('KW_3292', 'MOV_9620292'),
('KW_3293', 'MOV_9620292'),
('KW_3294', 'MOV_9620292'),
('KW_3295', 'MOV_9620292'),
('KW_3296', 'MOV_9620292'),
('KW_3297', 'MOV_9620292'),
('KW_3298', 'MOV_9620292'),
('KW_3299', 'MOV_9620292'),
('KW_3300', 'MOV_9620292'),
('KW_2448', 'MOV_9620292'),
('KW_3301', 'MOV_9620292'),
('KW_2970', 'MOV_9620292'),
('KW_2023', 'MOV_9620292'),
('KW_2026', 'MOV_9620292'),
('KW_3302', 'MOV_9620292'),
('KW_2991', 'MOV_9620292'),
('KW_3303', 'MOV_9620292'),
('KW_2372', 'MOV_9620292'),
('KW_3304', 'MOV_9620292'),
('KW_3305', 'MOV_9620292'),
('KW_2464', 'MOV_9620292'),
('KW_2240', 'MOV_9620292'),
('KW_3306', 'MOV_9620292'),
('KW_2311', 'MOV_9620292'),
('KW_3307', 'MOV_9620292'),
('KW_3308', 'MOV_9620292'),
('KW_2552', 'MOV_9620292'),
('KW_3309', 'MOV_9620292'),
('KW_3310', 'MOV_9620292'),
('KW_3311', 'MOV_9620292'),
('KW_3312', 'MOV_9620292'),
('KW_3313', 'MOV_9620292'),
('KW_3314', 'MOV_9620292'),
('KW_3315', 'MOV_9620292'),
('KW_3316', 'MOV_9620292'),
('KW_3317', 'MOV_9620292'),
('KW_3318', 'MOV_9620292'),
('KW_3319', 'MOV_9620292'),
('KW_2219', 'MOV_9620292'),
('KW_3320', 'MOV_9620292'),
('KW_3321', 'MOV_9620292'),
('KW_3322', 'MOV_9620292'),
('KW_3323', 'MOV_9620292'),
('KW_3324', 'MOV_9620292'),
('KW_2431', 'MOV_9620292'),
('KW_3325', 'MOV_9620292'),
('KW_2327', 'MOV_9620292'),
('KW_3326', 'MOV_9620292'),
('KW_3327', 'MOV_9620292'),
('KW_2582', 'MOV_9620292'),
('KW_3328', 'MOV_9620292'),
('KW_2433', 'MOV_9620292'),
('KW_2434', 'MOV_9620292'),
('KW_2387', 'MOV_9620292'),
('KW_2200', 'MOV_9620292'),
('KW_2332', 'MOV_9620292'),
('KW_3329', 'MOV_9620292'),
('KW_2191', 'MOV_9620292'),
('KW_3330', 'MOV_9620292'),
('KW_3331', 'MOV_9620292'),
('KW_3332', 'MOV_9620292'),
('KW_3333', 'MOV_9620292'),
('KW_3334', 'MOV_9620292'),
('KW_3335', 'MOV_9620292'),
('KW_2008', 'MOV_9620292'),
('KW_1946', 'MOV_9620292'),
('KW_3336', 'MOV_9620292'),
('KW_3337', 'MOV_9620292'),
('KW_3338', 'MOV_9620292');
INSERT INTO `keywordconnection_tb` (`keyWord_tb_keywordID`, `movie_tb_movieID`) VALUES
('KW_3339', 'MOV_9620292'),
('KW_3340', 'MOV_9620292'),
('KW_3341', 'MOV_9620292'),
('KW_3342', 'MOV_9620292'),
('KW_2895', 'MOV_9620292'),
('KW_3343', 'MOV_9620292'),
('KW_2472', 'MOV_9620292'),
('KW_3344', 'MOV_9620292'),
('KW_3345', 'MOV_9620292'),
('KW_3346', 'MOV_9620292'),
('KW_3347', 'MOV_9620292'),
('KW_3348', 'MOV_9620292'),
('KW_2418', 'MOV_9620292'),
('KW_2874', 'MOV_9620292'),
('KW_2367', 'MOV_9620292'),
('KW_2368', 'MOV_9620292'),
('KW_3349', 'MOV_9620292'),
('KW_2115', 'MOV_9620292'),
('KW_3350', 'MOV_9620292'),
('KW_3351', 'MOV_9620292'),
('KW_3352', 'MOV_9620292'),
('KW_3353', 'MOV_9620292'),
('KW_3354', 'MOV_9620292'),
('KW_3355', 'MOV_9620292'),
('KW_3356', 'MOV_9620292'),
('KW_3357', 'MOV_9620292'),
('KW_3358', 'MOV_9620292'),
('KW_3359', 'MOV_9620292'),
('KW_3360', 'MOV_9620292'),
('KW_3361', 'MOV_9620292'),
('KW_3362', 'MOV_9620292'),
('KW_3363', 'MOV_9620292'),
('KW_2343', 'MOV_9620292'),
('KW_3364', 'MOV_9620292'),
('KW_2480', 'MOV_9620292'),
('KW_3365', 'MOV_9620292'),
('KW_3366', 'MOV_9620292'),
('KW_3367', 'MOV_9620292'),
('KW_3368', 'MOV_9620292'),
('KW_3369', 'MOV_9620292'),
('KW_3370', 'MOV_9620292'),
('KW_3371', 'MOV_9620292'),
('KW_3372', 'MOV_9620292'),
('KW_3373', 'MOV_9620292'),
('KW_3374', 'MOV_9620292'),
('KW_3375', 'MOV_9620292'),
('KW_3376', 'MOV_9620292'),
('KW_3377', 'MOV_9620292'),
('KW_3378', 'MOV_9620292'),
('KW_3379', 'MOV_9620292'),
('KW_3380', 'MOV_9620292'),
('KW_3381', 'MOV_9620292'),
('KW_3382', 'MOV_9620292'),
('KW_3383', 'MOV_9620292'),
('KW_3384', 'MOV_9620292'),
('KW_3385', 'MOV_9620292'),
('KW_3386', 'MOV_9620292'),
('KW_3387', 'MOV_9620292'),
('KW_2664', 'MOV_9620292'),
('KW_3388', 'MOV_9620292'),
('KW_2665', 'MOV_9620292'),
('KW_2421', 'MOV_9620292'),
('KW_3389', 'MOV_9620292'),
('KW_3390', 'MOV_9620292'),
('KW_3391', 'MOV_9620292'),
('KW_3392', 'MOV_9620292'),
('KW_2272', 'MOV_9620292'),
('KW_3030', 'MOV_9620292'),
('KW_3031', 'MOV_9620292'),
('KW_2490', 'MOV_9620292'),
('KW_2211', 'MOV_9620292'),
('KW_3032', 'MOV_9620292'),
('KW_2942', 'MOV_9620292'),
('KW_3033', 'MOV_9620292'),
('KW_3034', 'MOV_9620292'),
('KW_3035', 'MOV_9620292'),
('KW_3036', 'MOV_9620292'),
('KW_3037', 'MOV_9620292'),
('KW_3038', 'MOV_9620292'),
('KW_3039', 'MOV_9620292'),
('KW_3040', 'MOV_9620292'),
('KW_3041', 'MOV_9620292'),
('KW_3042', 'MOV_9620292'),
('KW_3043', 'MOV_9620292'),
('KW_2831', 'MOV_9620292'),
('KW_3044', 'MOV_9620292'),
('KW_3045', 'MOV_9620292'),
('KW_2690', 'MOV_9620292'),
('KW_3046', 'MOV_9620292'),
('KW_2077', 'MOV_9620292'),
('KW_3047', 'MOV_9620292'),
('KW_3048', 'MOV_9620292'),
('KW_3049', 'MOV_9620292'),
('KW_3050', 'MOV_9620292'),
('KW_3051', 'MOV_9620292'),
('KW_3052', 'MOV_9620292'),
('KW_3053', 'MOV_9620292'),
('KW_3054', 'MOV_9620292'),
('KW_3055', 'MOV_9620292'),
('KW_3056', 'MOV_9620292'),
('KW_3057', 'MOV_9620292'),
('KW_3058', 'MOV_9620292'),
('KW_3059', 'MOV_9620292'),
('KW_2724', 'MOV_9620292'),
('KW_3060', 'MOV_9620292'),
('KW_3061', 'MOV_9620292'),
('KW_3062', 'MOV_9620292'),
('KW_3063', 'MOV_9620292'),
('KW_3064', 'MOV_9620292'),
('KW_3065', 'MOV_9620292'),
('KW_3066', 'MOV_9620292'),
('KW_3067', 'MOV_9620292'),
('KW_3068', 'MOV_9620292'),
('KW_3069', 'MOV_9620292'),
('KW_3070', 'MOV_9620292'),
('KW_3071', 'MOV_9620292'),
('KW_3072', 'MOV_9620292'),
('KW_3073', 'MOV_9620292'),
('KW_3074', 'MOV_9620292'),
('KW_3075', 'MOV_9620292'),
('KW_3076', 'MOV_9620292'),
('KW_3077', 'MOV_9620292'),
('KW_3078', 'MOV_9620292'),
('KW_3079', 'MOV_9620292'),
('KW_3080', 'MOV_9620292'),
('KW_3081', 'MOV_9620292'),
('KW_3082', 'MOV_9620292'),
('KW_2966', 'MOV_9620292'),
('KW_1958', 'MOV_9620292'),
('KW_3083', 'MOV_9620292'),
('KW_3084', 'MOV_9620292'),
('KW_3085', 'MOV_9620292'),
('KW_3086', 'MOV_9620292'),
('KW_3087', 'MOV_9620292'),
('KW_3088', 'MOV_9620292'),
('KW_3089', 'MOV_9620292'),
('KW_3090', 'MOV_9620292'),
('KW_3091', 'MOV_9620292'),
('KW_3092', 'MOV_9620292'),
('KW_3093', 'MOV_9620292'),
('KW_2272', 'MOV_9620292'),
('KW_3030', 'MOV_9620292'),
('KW_3031', 'MOV_9620292'),
('KW_2490', 'MOV_9620292'),
('KW_2211', 'MOV_9620292'),
('KW_3032', 'MOV_9620292'),
('KW_2942', 'MOV_9620292'),
('KW_3033', 'MOV_9620292'),
('KW_3034', 'MOV_9620292'),
('KW_3035', 'MOV_9620292'),
('KW_3036', 'MOV_9620292'),
('KW_3037', 'MOV_9620292'),
('KW_3038', 'MOV_9620292'),
('KW_3039', 'MOV_9620292'),
('KW_3040', 'MOV_9620292'),
('KW_3041', 'MOV_9620292'),
('KW_3042', 'MOV_9620292'),
('KW_3043', 'MOV_9620292'),
('KW_2831', 'MOV_9620292'),
('KW_3044', 'MOV_9620292'),
('KW_3045', 'MOV_9620292'),
('KW_2690', 'MOV_9620292'),
('KW_3046', 'MOV_9620292'),
('KW_2077', 'MOV_9620292'),
('KW_3047', 'MOV_9620292'),
('KW_3048', 'MOV_9620292'),
('KW_3049', 'MOV_9620292'),
('KW_3050', 'MOV_9620292'),
('KW_3051', 'MOV_9620292'),
('KW_3052', 'MOV_9620292'),
('KW_3053', 'MOV_9620292'),
('KW_3054', 'MOV_9620292'),
('KW_3055', 'MOV_9620292'),
('KW_3056', 'MOV_9620292'),
('KW_3057', 'MOV_9620292'),
('KW_3058', 'MOV_9620292'),
('KW_3059', 'MOV_9620292'),
('KW_2724', 'MOV_9620292'),
('KW_3060', 'MOV_9620292'),
('KW_3061', 'MOV_9620292'),
('KW_3062', 'MOV_9620292'),
('KW_3063', 'MOV_9620292'),
('KW_3064', 'MOV_9620292'),
('KW_3065', 'MOV_9620292'),
('KW_3066', 'MOV_9620292'),
('KW_3067', 'MOV_9620292'),
('KW_3068', 'MOV_9620292'),
('KW_3069', 'MOV_9620292'),
('KW_3070', 'MOV_9620292'),
('KW_3071', 'MOV_9620292'),
('KW_3072', 'MOV_9620292'),
('KW_3073', 'MOV_9620292'),
('KW_3074', 'MOV_9620292'),
('KW_3075', 'MOV_9620292'),
('KW_3076', 'MOV_9620292'),
('KW_3077', 'MOV_9620292'),
('KW_3078', 'MOV_9620292'),
('KW_3079', 'MOV_9620292'),
('KW_3080', 'MOV_9620292'),
('KW_3081', 'MOV_9620292'),
('KW_3082', 'MOV_9620292'),
('KW_2966', 'MOV_9620292'),
('KW_1958', 'MOV_9620292'),
('KW_3083', 'MOV_9620292'),
('KW_3084', 'MOV_9620292'),
('KW_3085', 'MOV_9620292'),
('KW_3086', 'MOV_9620292'),
('KW_3087', 'MOV_9620292'),
('KW_3088', 'MOV_9620292'),
('KW_3089', 'MOV_9620292'),
('KW_3090', 'MOV_9620292'),
('KW_3091', 'MOV_9620292'),
('KW_3092', 'MOV_9620292'),
('KW_3093', 'MOV_9620292'),
('KW_2480', 'MOV_6723592'),
('KW_2900', 'MOV_6723592'),
('KW_3393', 'MOV_6723592'),
('KW_3394', 'MOV_6723592'),
('KW_3395', 'MOV_6723592'),
('KW_3396', 'MOV_6723592'),
('KW_3397', 'MOV_6723592'),
('KW_3398', 'MOV_6723592'),
('KW_3399', 'MOV_6723592'),
('KW_3400', 'MOV_6723592'),
('KW_3401', 'MOV_6723592'),
('KW_3402', 'MOV_6723592'),
('KW_3403', 'MOV_6723592'),
('KW_3404', 'MOV_6723592'),
('KW_3405', 'MOV_6723592'),
('KW_3406', 'MOV_6723592'),
('KW_3407', 'MOV_6723592'),
('KW_3408', 'MOV_6723592'),
('KW_3409', 'MOV_6723592'),
('KW_3410', 'MOV_6723592'),
('KW_2524', 'MOV_6723592'),
('KW_3411', 'MOV_6723592'),
('KW_3412', 'MOV_6723592'),
('KW_3413', 'MOV_6723592'),
('KW_3414', 'MOV_6723592'),
('KW_3415', 'MOV_6723592'),
('KW_3416', 'MOV_6723592'),
('KW_3417', 'MOV_6723592'),
('KW_3418', 'MOV_6723592'),
('KW_3419', 'MOV_6723592'),
('KW_3420', 'MOV_6723592'),
('KW_3421', 'MOV_6723592'),
('KW_3422', 'MOV_6723592'),
('KW_2781', 'MOV_6723592'),
('KW_3423', 'MOV_6723592'),
('KW_2109', 'MOV_6723592'),
('KW_3424', 'MOV_6723592'),
('KW_2024', 'MOV_6723592'),
('KW_2496', 'MOV_6723592'),
('KW_3425', 'MOV_6723592'),
('KW_2187', 'MOV_6723592'),
('KW_3426', 'MOV_6723592'),
('KW_3427', 'MOV_6723592'),
('KW_3428', 'MOV_6723592'),
('KW_2859', 'MOV_6723592'),
('KW_2987', 'MOV_6723592'),
('KW_3429', 'MOV_6723592'),
('KW_3430', 'MOV_6723592'),
('KW_3431', 'MOV_6723592'),
('KW_2020', 'MOV_6723592'),
('KW_3432', 'MOV_6723592'),
('KW_1939', 'MOV_6723592'),
('KW_2274', 'MOV_6723592'),
('KW_3433', 'MOV_6723592'),
('KW_2782', 'MOV_6723592'),
('KW_3434', 'MOV_6723592'),
('KW_3435', 'MOV_6723592'),
('KW_3436', 'MOV_6723592'),
('KW_3437', 'MOV_6723592'),
('KW_3438', 'MOV_6723592'),
('KW_3439', 'MOV_6723592'),
('KW_3440', 'MOV_6723592'),
('KW_3441', 'MOV_6723592'),
('KW_3442', 'MOV_6723592'),
('KW_3443', 'MOV_6723592'),
('KW_1941', 'MOV_6723592'),
('KW_2171', 'MOV_6723592'),
('KW_3444', 'MOV_6723592'),
('KW_3445', 'MOV_6723592'),
('KW_3446', 'MOV_6723592'),
('KW_3447', 'MOV_6723592'),
('KW_3448', 'MOV_6723592'),
('KW_1956', 'MOV_6723592'),
('KW_3449', 'MOV_6723592'),
('KW_3450', 'MOV_6723592'),
('KW_2680', 'MOV_6723592'),
('KW_3451', 'MOV_6723592'),
('KW_3452', 'MOV_6723592'),
('KW_3453', 'MOV_6723592'),
('KW_3454', 'MOV_6723592'),
('KW_3455', 'MOV_6723592'),
('KW_3456', 'MOV_6723592'),
('KW_3457', 'MOV_6723592'),
('KW_2263', 'MOV_6723592'),
('KW_3238', 'MOV_6723592'),
('KW_3458', 'MOV_6723592'),
('KW_3459', 'MOV_6723592'),
('KW_3460', 'MOV_6723592'),
('KW_3461', 'MOV_6723592'),
('KW_3462', 'MOV_6723592'),
('KW_3463', 'MOV_6723592'),
('KW_3464', 'MOV_6723592'),
('KW_3465', 'MOV_6723592'),
('KW_2249', 'MOV_6723592'),
('KW_3466', 'MOV_6723592'),
('KW_3467', 'MOV_6723592'),
('KW_3468', 'MOV_6723592'),
('KW_3469', 'MOV_6723592'),
('KW_2141', 'MOV_6723592'),
('KW_2252', 'MOV_6723592'),
('KW_3470', 'MOV_6723592'),
('KW_3471', 'MOV_6723592'),
('KW_3472', 'MOV_6723592'),
('KW_2143', 'MOV_6723592'),
('KW_3473', 'MOV_6723592'),
('KW_3474', 'MOV_6723592'),
('KW_3475', 'MOV_6723592'),
('KW_3476', 'MOV_6723592'),
('KW_3477', 'MOV_6723592'),
('KW_3478', 'MOV_6723592'),
('KW_3479', 'MOV_6723592'),
('KW_3480', 'MOV_6723592'),
('KW_3481', 'MOV_6723592'),
('KW_2823', 'MOV_6723592'),
('KW_3482', 'MOV_6723592'),
('KW_3483', 'MOV_6723592'),
('KW_2227', 'MOV_6723592'),
('KW_3484', 'MOV_6723592'),
('KW_3485', 'MOV_6723592'),
('KW_2229', 'MOV_6723592'),
('KW_2230', 'MOV_6723592'),
('KW_3486', 'MOV_6723592'),
('KW_2231', 'MOV_6723592'),
('KW_2910', 'MOV_6723592'),
('KW_2254', 'MOV_6723592'),
('KW_3487', 'MOV_6723592'),
('KW_3488', 'MOV_6723592'),
('KW_3489', 'MOV_6723592'),
('KW_3490', 'MOV_6723592'),
('KW_3491', 'MOV_6723592'),
('KW_3492', 'MOV_6723592'),
('KW_3493', 'MOV_6723592'),
('KW_3494', 'MOV_6723592'),
('KW_2191', 'MOV_6723592'),
('KW_3495', 'MOV_6723592'),
('KW_3496', 'MOV_6723592'),
('KW_3497', 'MOV_6723592'),
('KW_3498', 'MOV_6723592'),
('KW_3499', 'MOV_6723592'),
('KW_3500', 'MOV_6723592'),
('KW_3501', 'MOV_6723592'),
('KW_2125', 'MOV_6723592'),
('KW_3502', 'MOV_6723592'),
('KW_3503', 'MOV_6723592'),
('KW_3504', 'MOV_6723592'),
('KW_3505', 'MOV_6723592'),
('KW_2480', 'MOV_6723592'),
('KW_2900', 'MOV_6723592'),
('KW_3393', 'MOV_6723592'),
('KW_3394', 'MOV_6723592'),
('KW_3395', 'MOV_6723592'),
('KW_3396', 'MOV_6723592'),
('KW_3397', 'MOV_6723592'),
('KW_3398', 'MOV_6723592'),
('KW_3399', 'MOV_6723592'),
('KW_3400', 'MOV_6723592'),
('KW_3401', 'MOV_6723592'),
('KW_3402', 'MOV_6723592'),
('KW_3403', 'MOV_6723592'),
('KW_3404', 'MOV_6723592'),
('KW_3405', 'MOV_6723592'),
('KW_3406', 'MOV_6723592'),
('KW_3407', 'MOV_6723592'),
('KW_3408', 'MOV_6723592'),
('KW_3409', 'MOV_6723592'),
('KW_3410', 'MOV_6723592'),
('KW_2524', 'MOV_6723592'),
('KW_3411', 'MOV_6723592'),
('KW_3412', 'MOV_6723592'),
('KW_3413', 'MOV_6723592'),
('KW_3414', 'MOV_6723592'),
('KW_3415', 'MOV_6723592'),
('KW_3416', 'MOV_6723592'),
('KW_3417', 'MOV_6723592'),
('KW_3418', 'MOV_6723592'),
('KW_3419', 'MOV_6723592'),
('KW_3420', 'MOV_6723592'),
('KW_3421', 'MOV_6723592'),
('KW_3422', 'MOV_6723592'),
('KW_2781', 'MOV_6723592'),
('KW_3423', 'MOV_6723592'),
('KW_2109', 'MOV_6723592'),
('KW_3424', 'MOV_6723592'),
('KW_2024', 'MOV_6723592'),
('KW_2496', 'MOV_6723592'),
('KW_3425', 'MOV_6723592'),
('KW_2187', 'MOV_6723592'),
('KW_3426', 'MOV_6723592'),
('KW_3427', 'MOV_6723592'),
('KW_3428', 'MOV_6723592'),
('KW_2859', 'MOV_6723592'),
('KW_2987', 'MOV_6723592'),
('KW_3429', 'MOV_6723592'),
('KW_3430', 'MOV_6723592'),
('KW_3431', 'MOV_6723592'),
('KW_2020', 'MOV_6723592'),
('KW_3432', 'MOV_6723592'),
('KW_1939', 'MOV_6723592'),
('KW_2274', 'MOV_6723592'),
('KW_3433', 'MOV_6723592'),
('KW_2782', 'MOV_6723592'),
('KW_3434', 'MOV_6723592'),
('KW_3435', 'MOV_6723592'),
('KW_3436', 'MOV_6723592'),
('KW_3437', 'MOV_6723592'),
('KW_3438', 'MOV_6723592'),
('KW_3439', 'MOV_6723592'),
('KW_3440', 'MOV_6723592'),
('KW_3441', 'MOV_6723592'),
('KW_3442', 'MOV_6723592'),
('KW_3443', 'MOV_6723592'),
('KW_1941', 'MOV_6723592'),
('KW_2171', 'MOV_6723592'),
('KW_3444', 'MOV_6723592'),
('KW_3445', 'MOV_6723592'),
('KW_3446', 'MOV_6723592'),
('KW_3447', 'MOV_6723592'),
('KW_3448', 'MOV_6723592'),
('KW_1956', 'MOV_6723592'),
('KW_3449', 'MOV_6723592'),
('KW_3450', 'MOV_6723592'),
('KW_2680', 'MOV_6723592'),
('KW_3451', 'MOV_6723592'),
('KW_3452', 'MOV_6723592'),
('KW_3453', 'MOV_6723592'),
('KW_3454', 'MOV_6723592'),
('KW_3455', 'MOV_6723592'),
('KW_3456', 'MOV_6723592'),
('KW_3457', 'MOV_6723592'),
('KW_2263', 'MOV_6723592'),
('KW_3238', 'MOV_6723592'),
('KW_3458', 'MOV_6723592'),
('KW_3459', 'MOV_6723592'),
('KW_3460', 'MOV_6723592'),
('KW_3461', 'MOV_6723592'),
('KW_3462', 'MOV_6723592'),
('KW_3463', 'MOV_6723592'),
('KW_3464', 'MOV_6723592'),
('KW_3465', 'MOV_6723592'),
('KW_2249', 'MOV_6723592'),
('KW_3466', 'MOV_6723592'),
('KW_3467', 'MOV_6723592'),
('KW_3468', 'MOV_6723592'),
('KW_3469', 'MOV_6723592'),
('KW_2141', 'MOV_6723592'),
('KW_2252', 'MOV_6723592'),
('KW_3470', 'MOV_6723592'),
('KW_3471', 'MOV_6723592'),
('KW_3472', 'MOV_6723592'),
('KW_2143', 'MOV_6723592'),
('KW_3473', 'MOV_6723592'),
('KW_3474', 'MOV_6723592'),
('KW_3475', 'MOV_6723592'),
('KW_3476', 'MOV_6723592'),
('KW_3477', 'MOV_6723592'),
('KW_3478', 'MOV_6723592'),
('KW_3479', 'MOV_6723592'),
('KW_3480', 'MOV_6723592'),
('KW_3481', 'MOV_6723592'),
('KW_2823', 'MOV_6723592'),
('KW_3482', 'MOV_6723592'),
('KW_3483', 'MOV_6723592'),
('KW_2227', 'MOV_6723592'),
('KW_3484', 'MOV_6723592'),
('KW_3485', 'MOV_6723592'),
('KW_2229', 'MOV_6723592'),
('KW_2230', 'MOV_6723592'),
('KW_3486', 'MOV_6723592'),
('KW_2231', 'MOV_6723592'),
('KW_2910', 'MOV_6723592'),
('KW_2254', 'MOV_6723592'),
('KW_3487', 'MOV_6723592'),
('KW_3488', 'MOV_6723592'),
('KW_3489', 'MOV_6723592'),
('KW_3490', 'MOV_6723592'),
('KW_3491', 'MOV_6723592'),
('KW_3492', 'MOV_6723592'),
('KW_3493', 'MOV_6723592'),
('KW_3494', 'MOV_6723592'),
('KW_2191', 'MOV_6723592'),
('KW_3495', 'MOV_6723592'),
('KW_3496', 'MOV_6723592'),
('KW_3497', 'MOV_6723592'),
('KW_3498', 'MOV_6723592'),
('KW_3499', 'MOV_6723592'),
('KW_3500', 'MOV_6723592'),
('KW_3501', 'MOV_6723592'),
('KW_2125', 'MOV_6723592'),
('KW_3502', 'MOV_6723592'),
('KW_3503', 'MOV_6723592'),
('KW_3504', 'MOV_6723592'),
('KW_3505', 'MOV_6723592'),
('KW_2480', 'MOV_6723592'),
('KW_2900', 'MOV_6723592'),
('KW_3393', 'MOV_6723592'),
('KW_3394', 'MOV_6723592'),
('KW_3395', 'MOV_6723592'),
('KW_3396', 'MOV_6723592'),
('KW_3397', 'MOV_6723592'),
('KW_3398', 'MOV_6723592'),
('KW_3399', 'MOV_6723592'),
('KW_3400', 'MOV_6723592'),
('KW_3401', 'MOV_6723592'),
('KW_3402', 'MOV_6723592'),
('KW_3403', 'MOV_6723592'),
('KW_3404', 'MOV_6723592'),
('KW_3405', 'MOV_6723592'),
('KW_3406', 'MOV_6723592'),
('KW_3407', 'MOV_6723592'),
('KW_3408', 'MOV_6723592'),
('KW_3409', 'MOV_6723592'),
('KW_3410', 'MOV_6723592'),
('KW_2524', 'MOV_6723592'),
('KW_3411', 'MOV_6723592'),
('KW_3412', 'MOV_6723592'),
('KW_3413', 'MOV_6723592'),
('KW_3414', 'MOV_6723592'),
('KW_3415', 'MOV_6723592'),
('KW_3416', 'MOV_6723592'),
('KW_3417', 'MOV_6723592'),
('KW_3418', 'MOV_6723592'),
('KW_3419', 'MOV_6723592'),
('KW_3420', 'MOV_6723592'),
('KW_3421', 'MOV_6723592'),
('KW_3422', 'MOV_6723592'),
('KW_2781', 'MOV_6723592'),
('KW_3423', 'MOV_6723592'),
('KW_2109', 'MOV_6723592'),
('KW_3424', 'MOV_6723592'),
('KW_2024', 'MOV_6723592'),
('KW_2496', 'MOV_6723592'),
('KW_3425', 'MOV_6723592'),
('KW_2187', 'MOV_6723592'),
('KW_3426', 'MOV_6723592'),
('KW_3427', 'MOV_6723592'),
('KW_3428', 'MOV_6723592'),
('KW_2859', 'MOV_6723592'),
('KW_2987', 'MOV_6723592'),
('KW_3429', 'MOV_6723592'),
('KW_3430', 'MOV_6723592'),
('KW_3431', 'MOV_6723592'),
('KW_2020', 'MOV_6723592'),
('KW_3432', 'MOV_6723592'),
('KW_1939', 'MOV_6723592'),
('KW_2274', 'MOV_6723592'),
('KW_3433', 'MOV_6723592'),
('KW_2782', 'MOV_6723592'),
('KW_3434', 'MOV_6723592'),
('KW_3435', 'MOV_6723592'),
('KW_3436', 'MOV_6723592'),
('KW_3437', 'MOV_6723592'),
('KW_3438', 'MOV_6723592'),
('KW_3439', 'MOV_6723592'),
('KW_3440', 'MOV_6723592'),
('KW_3441', 'MOV_6723592'),
('KW_3442', 'MOV_6723592'),
('KW_3443', 'MOV_6723592'),
('KW_1941', 'MOV_6723592'),
('KW_2171', 'MOV_6723592'),
('KW_3444', 'MOV_6723592'),
('KW_3445', 'MOV_6723592'),
('KW_3446', 'MOV_6723592'),
('KW_3447', 'MOV_6723592'),
('KW_3448', 'MOV_6723592'),
('KW_1956', 'MOV_6723592'),
('KW_3449', 'MOV_6723592'),
('KW_3450', 'MOV_6723592'),
('KW_2680', 'MOV_6723592'),
('KW_3451', 'MOV_6723592'),
('KW_3452', 'MOV_6723592'),
('KW_3453', 'MOV_6723592'),
('KW_3454', 'MOV_6723592'),
('KW_3455', 'MOV_6723592'),
('KW_3456', 'MOV_6723592'),
('KW_3457', 'MOV_6723592'),
('KW_2263', 'MOV_6723592'),
('KW_3238', 'MOV_6723592'),
('KW_3458', 'MOV_6723592'),
('KW_3459', 'MOV_6723592'),
('KW_3460', 'MOV_6723592'),
('KW_3461', 'MOV_6723592'),
('KW_3462', 'MOV_6723592'),
('KW_3463', 'MOV_6723592'),
('KW_3464', 'MOV_6723592'),
('KW_3465', 'MOV_6723592'),
('KW_2249', 'MOV_6723592'),
('KW_3466', 'MOV_6723592'),
('KW_3467', 'MOV_6723592'),
('KW_3468', 'MOV_6723592'),
('KW_3469', 'MOV_6723592'),
('KW_2141', 'MOV_6723592'),
('KW_2252', 'MOV_6723592'),
('KW_3470', 'MOV_6723592'),
('KW_3471', 'MOV_6723592'),
('KW_3472', 'MOV_6723592'),
('KW_2143', 'MOV_6723592'),
('KW_3473', 'MOV_6723592'),
('KW_3474', 'MOV_6723592'),
('KW_3475', 'MOV_6723592'),
('KW_3476', 'MOV_6723592'),
('KW_3477', 'MOV_6723592'),
('KW_3478', 'MOV_6723592'),
('KW_3479', 'MOV_6723592'),
('KW_3480', 'MOV_6723592'),
('KW_3481', 'MOV_6723592'),
('KW_2823', 'MOV_6723592'),
('KW_3482', 'MOV_6723592'),
('KW_3483', 'MOV_6723592'),
('KW_2227', 'MOV_6723592'),
('KW_3484', 'MOV_6723592'),
('KW_3485', 'MOV_6723592'),
('KW_2229', 'MOV_6723592'),
('KW_2230', 'MOV_6723592'),
('KW_3486', 'MOV_6723592'),
('KW_2231', 'MOV_6723592'),
('KW_2910', 'MOV_6723592'),
('KW_2254', 'MOV_6723592'),
('KW_3487', 'MOV_6723592'),
('KW_3488', 'MOV_6723592'),
('KW_3489', 'MOV_6723592'),
('KW_3490', 'MOV_6723592'),
('KW_3491', 'MOV_6723592'),
('KW_3492', 'MOV_6723592'),
('KW_3493', 'MOV_6723592'),
('KW_3494', 'MOV_6723592'),
('KW_2191', 'MOV_6723592'),
('KW_3495', 'MOV_6723592'),
('KW_3496', 'MOV_6723592'),
('KW_3497', 'MOV_6723592'),
('KW_3498', 'MOV_6723592'),
('KW_3499', 'MOV_6723592'),
('KW_3500', 'MOV_6723592'),
('KW_3501', 'MOV_6723592'),
('KW_2125', 'MOV_6723592'),
('KW_3502', 'MOV_6723592'),
('KW_3503', 'MOV_6723592'),
('KW_3504', 'MOV_6723592'),
('KW_3505', 'MOV_6723592'),
('KW_2781', 'MOV_10530176'),
('KW_3506', 'MOV_10530176'),
('KW_3507', 'MOV_10530176'),
('KW_3508', 'MOV_10530176'),
('KW_3509', 'MOV_10530176'),
('KW_3510', 'MOV_10530176'),
('KW_3511', 'MOV_10530176'),
('KW_3512', 'MOV_10530176'),
('KW_3513', 'MOV_10530176'),
('KW_3514', 'MOV_10530176'),
('KW_3515', 'MOV_10530176'),
('KW_3516', 'MOV_10530176'),
('KW_3517', 'MOV_10530176'),
('KW_2781', 'MOV_10530176'),
('KW_3506', 'MOV_10530176'),
('KW_3507', 'MOV_10530176'),
('KW_3508', 'MOV_10530176'),
('KW_3509', 'MOV_10530176'),
('KW_3510', 'MOV_10530176'),
('KW_3511', 'MOV_10530176'),
('KW_3512', 'MOV_10530176'),
('KW_3513', 'MOV_10530176'),
('KW_3514', 'MOV_10530176'),
('KW_3515', 'MOV_10530176'),
('KW_3516', 'MOV_10530176'),
('KW_3517', 'MOV_10530176'),
('KW_2781', 'MOV_10530176'),
('KW_3506', 'MOV_10530176'),
('KW_3507', 'MOV_10530176'),
('KW_3508', 'MOV_10530176'),
('KW_3509', 'MOV_10530176'),
('KW_3510', 'MOV_10530176'),
('KW_3511', 'MOV_10530176'),
('KW_3512', 'MOV_10530176'),
('KW_3513', 'MOV_10530176'),
('KW_3514', 'MOV_10530176'),
('KW_3515', 'MOV_10530176'),
('KW_3516', 'MOV_10530176'),
('KW_3517', 'MOV_10530176'),
('KW_2781', 'MOV_10530176'),
('KW_3506', 'MOV_10530176'),
('KW_3507', 'MOV_10530176'),
('KW_3508', 'MOV_10530176'),
('KW_3509', 'MOV_10530176'),
('KW_3510', 'MOV_10530176'),
('KW_3511', 'MOV_10530176'),
('KW_3512', 'MOV_10530176'),
('KW_3513', 'MOV_10530176'),
('KW_3514', 'MOV_10530176'),
('KW_3515', 'MOV_10530176'),
('KW_3516', 'MOV_10530176'),
('KW_3517', 'MOV_10530176'),
('KW_1929', 'MOV_8368512'),
('KW_3518', 'MOV_8368512'),
('KW_3519', 'MOV_8368512'),
('KW_3520', 'MOV_8368512'),
('KW_3396', 'MOV_8368512'),
('KW_2299', 'MOV_8368512'),
('KW_3418', 'MOV_8368512'),
('KW_3521', 'MOV_8368512'),
('KW_3522', 'MOV_8368512'),
('KW_3523', 'MOV_8368512'),
('KW_3524', 'MOV_8368512'),
('KW_3489', 'MOV_8368512'),
('KW_3525', 'MOV_8368512'),
('KW_3526', 'MOV_8368512'),
('KW_3527', 'MOV_8368512'),
('KW_3528', 'MOV_8368512'),
('KW_3529', 'MOV_8368512'),
('KW_2005', 'MOV_4682266'),
('KW_3530', 'MOV_4682266'),
('KW_3531', 'MOV_4682266'),
('KW_3532', 'MOV_4682266'),
('KW_3533', 'MOV_4682266'),
('KW_2114', 'MOV_4682266'),
('KW_3534', 'MOV_4682266'),
('KW_3535', 'MOV_4682266'),
('KW_3536', 'MOV_4682266'),
('KW_3537', 'MOV_4682266'),
('KW_3538', 'MOV_4682266'),
('KW_3539', 'MOV_4682266'),
('KW_3540', 'MOV_4682266'),
('KW_1936', 'MOV_4682266'),
('KW_3541', 'MOV_4682266'),
('KW_3542', 'MOV_4682266'),
('KW_3543', 'MOV_4682266'),
('KW_3544', 'MOV_4682266'),
('KW_3545', 'MOV_4682266'),
('KW_3546', 'MOV_4682266'),
('KW_3547', 'MOV_4682266'),
('KW_3548', 'MOV_4682266'),
('KW_3549', 'MOV_4682266'),
('KW_3550', 'MOV_4682266'),
('KW_3551', 'MOV_4682266'),
('KW_3552', 'MOV_4682266'),
('KW_3553', 'MOV_4682266'),
('KW_3554', 'MOV_4682266'),
('KW_3555', 'MOV_4682266'),
('KW_3556', 'MOV_4682266'),
('KW_3557', 'MOV_4682266'),
('KW_3426', 'MOV_4682266'),
('KW_2393', 'MOV_4682266'),
('KW_3558', 'MOV_4682266'),
('KW_3559', 'MOV_4682266'),
('KW_2175', 'MOV_4682266'),
('KW_2176', 'MOV_4682266'),
('KW_1998', 'MOV_4682266'),
('KW_3560', 'MOV_4682266'),
('KW_2171', 'MOV_4682266'),
('KW_3561', 'MOV_4682266'),
('KW_1940', 'MOV_4682266'),
('KW_3562', 'MOV_4682266'),
('KW_2467', 'MOV_4682266'),
('KW_2240', 'MOV_4682266'),
('KW_3563', 'MOV_4682266'),
('KW_3564', 'MOV_4682266'),
('KW_3565', 'MOV_4682266'),
('KW_3566', 'MOV_4682266'),
('KW_3567', 'MOV_4682266'),
('KW_3568', 'MOV_4682266'),
('KW_3569', 'MOV_4682266'),
('KW_3570', 'MOV_4682266'),
('KW_3571', 'MOV_4682266'),
('KW_3572', 'MOV_4682266'),
('KW_3573', 'MOV_4682266'),
('KW_3574', 'MOV_4682266'),
('KW_3575', 'MOV_4682266'),
('KW_3576', 'MOV_4682266'),
('KW_3577', 'MOV_4682266'),
('KW_3578', 'MOV_4682266'),
('KW_3579', 'MOV_4682266'),
('KW_3580', 'MOV_4682266'),
('KW_3414', 'MOV_4682266'),
('KW_3581', 'MOV_4682266'),
('KW_3582', 'MOV_4682266'),
('KW_3583', 'MOV_4682266'),
('KW_1935', 'MOV_4682266'),
('KW_3584', 'MOV_4682266'),
('KW_3585', 'MOV_4682266'),
('KW_2281', 'MOV_4682266'),
('KW_1960', 'MOV_4682266'),
('KW_3438', 'MOV_4682266'),
('KW_3439', 'MOV_4682266'),
('KW_3586', 'MOV_4682266'),
('KW_3587', 'MOV_4682266'),
('KW_2016', 'MOV_4682266'),
('KW_2017', 'MOV_4682266'),
('KW_3588', 'MOV_4682266'),
('KW_3589', 'MOV_4682266'),
('KW_3590', 'MOV_4682266'),
('KW_3591', 'MOV_4682266'),
('KW_3592', 'MOV_4682266'),
('KW_3593', 'MOV_4682266'),
('KW_3594', 'MOV_4682266'),
('KW_3595', 'MOV_4682266'),
('KW_3596', 'MOV_4682266'),
('KW_3597', 'MOV_4682266'),
('KW_3598', 'MOV_4682266'),
('KW_3599', 'MOV_4682266'),
('KW_3600', 'MOV_4682266'),
('KW_3601', 'MOV_4682266'),
('KW_3150', 'MOV_4682266'),
('KW_3448', 'MOV_4682266'),
('KW_3602', 'MOV_4682266'),
('KW_3603', 'MOV_4682266'),
('KW_3604', 'MOV_4682266'),
('KW_2020', 'MOV_4682266'),
('KW_3605', 'MOV_4682266'),
('KW_3505', 'MOV_4682266'),
('KW_2498', 'MOV_4682266'),
('KW_3606', 'MOV_4682266'),
('KW_2187', 'MOV_4682266'),
('KW_3607', 'MOV_4682266'),
('KW_3608', 'MOV_4682266'),
('KW_3609', 'MOV_4682266'),
('KW_3610', 'MOV_4682266'),
('KW_3611', 'MOV_4682266'),
('KW_3254', 'MOV_4682266'),
('KW_3612', 'MOV_4682266'),
('KW_3613', 'MOV_4682266'),
('KW_3614', 'MOV_4682266'),
('KW_3615', 'MOV_4682266'),
('KW_3616', 'MOV_4682266'),
('KW_3442', 'MOV_4682266'),
('KW_3617', 'MOV_4682266'),
('KW_2823', 'MOV_4682266'),
('KW_2143', 'MOV_4682266'),
('KW_2024', 'MOV_4682266'),
('KW_2228', 'MOV_4682266'),
('KW_2229', 'MOV_4682266'),
('KW_2788', 'MOV_4682266'),
('KW_2230', 'MOV_4682266'),
('KW_2910', 'MOV_4682266'),
('KW_2232', 'MOV_4682266'),
('KW_2242', 'MOV_4682266'),
('KW_2245', 'MOV_4682266'),
('KW_2246', 'MOV_4682266'),
('KW_3618', 'MOV_4682266'),
('KW_3619', 'MOV_4682266'),
('KW_3620', 'MOV_4682266'),
('KW_2800', 'MOV_4682266'),
('KW_3621', 'MOV_4682266'),
('KW_3622', 'MOV_4682266'),
('KW_3623', 'MOV_4682266'),
('KW_3624', 'MOV_4682266'),
('KW_3625', 'MOV_4682266'),
('KW_3626', 'MOV_4682266'),
('KW_2391', 'MOV_4682266'),
('KW_3627', 'MOV_4682266'),
('KW_3628', 'MOV_4682266'),
('KW_2209', 'MOV_4682266'),
('KW_2099', 'MOV_4682266'),
('KW_3629', 'MOV_4682266'),
('KW_2156', 'MOV_4682266'),
('KW_3630', 'MOV_4682266'),
('KW_3631', 'MOV_4682266'),
('KW_3632', 'MOV_4682266'),
('KW_3633', 'MOV_4682266'),
('KW_3634', 'MOV_4682266'),
('KW_2724', 'MOV_4682266'),
('KW_3060', 'MOV_4682266'),
('KW_3635', 'MOV_4682266'),
('KW_2191', 'MOV_4682266'),
('KW_3636', 'MOV_4682266'),
('KW_3637', 'MOV_4682266'),
('KW_2241', 'MOV_4682266'),
('KW_3638', 'MOV_4682266'),
('KW_3639', 'MOV_4682266'),
('KW_2711', 'MOV_4682266'),
('KW_3640', 'MOV_4682266'),
('KW_3641', 'MOV_4682266'),
('KW_2007', 'MOV_4682266'),
('KW_3642', 'MOV_4682266'),
('KW_3643', 'MOV_4682266'),
('KW_3644', 'MOV_4682266'),
('KW_3645', 'MOV_4682266'),
('KW_3646', 'MOV_4682266'),
('KW_2528', 'MOV_4682266'),
('KW_1992', 'MOV_4682266'),
('KW_3647', 'MOV_4682266'),
('KW_2514', 'MOV_4682266'),
('KW_3238', 'MOV_4682266'),
('KW_3648', 'MOV_4682266'),
('KW_2174', 'MOV_4682266'),
('KW_3649', 'MOV_4682266'),
('KW_3650', 'MOV_4682266'),
('KW_3651', 'MOV_4682266'),
('KW_3652', 'MOV_4682266'),
('KW_3653', 'MOV_4682266'),
('KW_3654', 'MOV_4682266'),
('KW_2523', 'MOV_4682266'),
('KW_3655', 'MOV_4682266'),
('KW_3656', 'MOV_4682266'),
('KW_3657', 'MOV_4682266'),
('KW_2254', 'MOV_4682266'),
('KW_2023', 'MOV_4682266'),
('KW_3658', 'MOV_4682266'),
('KW_3659', 'MOV_4682266'),
('KW_3660', 'MOV_4682266'),
('KW_3661', 'MOV_4682266'),
('KW_2464', 'MOV_4682266'),
('KW_2056', 'MOV_4682266'),
('KW_2055', 'MOV_4682266'),
('KW_2323', 'MOV_4682266'),
('KW_3662', 'MOV_4682266'),
('KW_3000', 'MOV_4682266'),
('KW_3663', 'MOV_4682266'),
('KW_3664', 'MOV_4682266'),
('KW_3665', 'MOV_4682266'),
('KW_3666', 'MOV_4682266'),
('KW_2967', 'MOV_4682266'),
('KW_3667', 'MOV_4682266'),
('KW_3668', 'MOV_4682266'),
('KW_3669', 'MOV_4682266'),
('KW_3670', 'MOV_4682266'),
('KW_2094', 'MOV_4682266'),
('KW_3498', 'MOV_4682266'),
('KW_2260', 'MOV_4682266'),
('KW_2133', 'MOV_4682266'),
('KW_3671', 'MOV_4682266'),
('KW_3672', 'MOV_4682266'),
('KW_3673', 'MOV_4682266'),
('KW_1957', 'MOV_4682266'),
('KW_3674', 'MOV_4682266'),
('KW_3675', 'MOV_4682266'),
('KW_3676', 'MOV_4682266'),
('KW_2005', 'MOV_4682266'),
('KW_3530', 'MOV_4682266'),
('KW_3531', 'MOV_4682266'),
('KW_3532', 'MOV_4682266'),
('KW_3533', 'MOV_4682266'),
('KW_2114', 'MOV_4682266'),
('KW_3534', 'MOV_4682266'),
('KW_3535', 'MOV_4682266'),
('KW_3536', 'MOV_4682266'),
('KW_3537', 'MOV_4682266'),
('KW_3538', 'MOV_4682266'),
('KW_3539', 'MOV_4682266'),
('KW_3540', 'MOV_4682266'),
('KW_1936', 'MOV_4682266'),
('KW_3541', 'MOV_4682266'),
('KW_3542', 'MOV_4682266'),
('KW_3543', 'MOV_4682266'),
('KW_3544', 'MOV_4682266'),
('KW_3545', 'MOV_4682266'),
('KW_3546', 'MOV_4682266'),
('KW_3547', 'MOV_4682266'),
('KW_3548', 'MOV_4682266'),
('KW_3549', 'MOV_4682266'),
('KW_3550', 'MOV_4682266'),
('KW_3551', 'MOV_4682266'),
('KW_3552', 'MOV_4682266'),
('KW_3553', 'MOV_4682266'),
('KW_3554', 'MOV_4682266'),
('KW_3555', 'MOV_4682266'),
('KW_3556', 'MOV_4682266'),
('KW_3557', 'MOV_4682266'),
('KW_3426', 'MOV_4682266'),
('KW_2393', 'MOV_4682266'),
('KW_3558', 'MOV_4682266'),
('KW_3559', 'MOV_4682266'),
('KW_2175', 'MOV_4682266'),
('KW_2176', 'MOV_4682266'),
('KW_1998', 'MOV_4682266'),
('KW_3560', 'MOV_4682266'),
('KW_2171', 'MOV_4682266'),
('KW_3561', 'MOV_4682266'),
('KW_1940', 'MOV_4682266'),
('KW_3562', 'MOV_4682266'),
('KW_2467', 'MOV_4682266'),
('KW_2240', 'MOV_4682266'),
('KW_3563', 'MOV_4682266'),
('KW_3564', 'MOV_4682266'),
('KW_3565', 'MOV_4682266'),
('KW_3566', 'MOV_4682266'),
('KW_3567', 'MOV_4682266'),
('KW_3568', 'MOV_4682266'),
('KW_3569', 'MOV_4682266'),
('KW_3570', 'MOV_4682266'),
('KW_3571', 'MOV_4682266'),
('KW_3572', 'MOV_4682266'),
('KW_3573', 'MOV_4682266'),
('KW_3574', 'MOV_4682266'),
('KW_3575', 'MOV_4682266'),
('KW_3576', 'MOV_4682266'),
('KW_3577', 'MOV_4682266'),
('KW_3578', 'MOV_4682266'),
('KW_3579', 'MOV_4682266'),
('KW_3580', 'MOV_4682266'),
('KW_3414', 'MOV_4682266'),
('KW_3581', 'MOV_4682266'),
('KW_3582', 'MOV_4682266'),
('KW_3583', 'MOV_4682266'),
('KW_1935', 'MOV_4682266'),
('KW_3584', 'MOV_4682266'),
('KW_3585', 'MOV_4682266'),
('KW_2281', 'MOV_4682266'),
('KW_1960', 'MOV_4682266'),
('KW_3438', 'MOV_4682266'),
('KW_3439', 'MOV_4682266'),
('KW_3586', 'MOV_4682266'),
('KW_3587', 'MOV_4682266'),
('KW_2016', 'MOV_4682266'),
('KW_2017', 'MOV_4682266'),
('KW_3588', 'MOV_4682266'),
('KW_3589', 'MOV_4682266'),
('KW_3590', 'MOV_4682266'),
('KW_3591', 'MOV_4682266'),
('KW_3592', 'MOV_4682266'),
('KW_3593', 'MOV_4682266'),
('KW_3594', 'MOV_4682266'),
('KW_3595', 'MOV_4682266'),
('KW_3596', 'MOV_4682266'),
('KW_3597', 'MOV_4682266'),
('KW_3598', 'MOV_4682266'),
('KW_3599', 'MOV_4682266'),
('KW_3600', 'MOV_4682266'),
('KW_3601', 'MOV_4682266'),
('KW_3150', 'MOV_4682266'),
('KW_3448', 'MOV_4682266'),
('KW_3602', 'MOV_4682266'),
('KW_3603', 'MOV_4682266'),
('KW_3604', 'MOV_4682266'),
('KW_2020', 'MOV_4682266'),
('KW_3605', 'MOV_4682266'),
('KW_3505', 'MOV_4682266'),
('KW_2498', 'MOV_4682266'),
('KW_3606', 'MOV_4682266'),
('KW_2187', 'MOV_4682266'),
('KW_3607', 'MOV_4682266'),
('KW_3608', 'MOV_4682266'),
('KW_3609', 'MOV_4682266'),
('KW_3610', 'MOV_4682266'),
('KW_3611', 'MOV_4682266'),
('KW_3254', 'MOV_4682266'),
('KW_3612', 'MOV_4682266'),
('KW_3613', 'MOV_4682266'),
('KW_3614', 'MOV_4682266'),
('KW_3615', 'MOV_4682266'),
('KW_3616', 'MOV_4682266'),
('KW_3442', 'MOV_4682266'),
('KW_3617', 'MOV_4682266'),
('KW_2823', 'MOV_4682266'),
('KW_2143', 'MOV_4682266'),
('KW_2024', 'MOV_4682266'),
('KW_2228', 'MOV_4682266'),
('KW_2229', 'MOV_4682266'),
('KW_2788', 'MOV_4682266'),
('KW_2230', 'MOV_4682266'),
('KW_2910', 'MOV_4682266'),
('KW_2232', 'MOV_4682266'),
('KW_2242', 'MOV_4682266'),
('KW_2245', 'MOV_4682266'),
('KW_2246', 'MOV_4682266'),
('KW_3618', 'MOV_4682266'),
('KW_3619', 'MOV_4682266'),
('KW_3620', 'MOV_4682266'),
('KW_2800', 'MOV_4682266'),
('KW_3621', 'MOV_4682266'),
('KW_3622', 'MOV_4682266'),
('KW_3623', 'MOV_4682266'),
('KW_3624', 'MOV_4682266'),
('KW_3625', 'MOV_4682266'),
('KW_3626', 'MOV_4682266'),
('KW_2391', 'MOV_4682266'),
('KW_3627', 'MOV_4682266'),
('KW_3628', 'MOV_4682266'),
('KW_2209', 'MOV_4682266'),
('KW_2099', 'MOV_4682266'),
('KW_3629', 'MOV_4682266'),
('KW_2156', 'MOV_4682266'),
('KW_3630', 'MOV_4682266'),
('KW_3631', 'MOV_4682266'),
('KW_3632', 'MOV_4682266'),
('KW_3633', 'MOV_4682266'),
('KW_3634', 'MOV_4682266'),
('KW_2724', 'MOV_4682266'),
('KW_3060', 'MOV_4682266'),
('KW_3635', 'MOV_4682266'),
('KW_2191', 'MOV_4682266'),
('KW_3636', 'MOV_4682266'),
('KW_3637', 'MOV_4682266'),
('KW_2241', 'MOV_4682266'),
('KW_3638', 'MOV_4682266'),
('KW_3639', 'MOV_4682266'),
('KW_2711', 'MOV_4682266'),
('KW_3640', 'MOV_4682266'),
('KW_3641', 'MOV_4682266'),
('KW_2007', 'MOV_4682266'),
('KW_3642', 'MOV_4682266'),
('KW_3643', 'MOV_4682266'),
('KW_3644', 'MOV_4682266'),
('KW_3645', 'MOV_4682266'),
('KW_3646', 'MOV_4682266'),
('KW_2528', 'MOV_4682266'),
('KW_1992', 'MOV_4682266'),
('KW_3647', 'MOV_4682266'),
('KW_2514', 'MOV_4682266'),
('KW_3238', 'MOV_4682266'),
('KW_3648', 'MOV_4682266'),
('KW_2174', 'MOV_4682266'),
('KW_3649', 'MOV_4682266'),
('KW_3650', 'MOV_4682266'),
('KW_3651', 'MOV_4682266'),
('KW_3652', 'MOV_4682266'),
('KW_3653', 'MOV_4682266'),
('KW_3654', 'MOV_4682266'),
('KW_2523', 'MOV_4682266'),
('KW_3655', 'MOV_4682266'),
('KW_3656', 'MOV_4682266'),
('KW_3657', 'MOV_4682266'),
('KW_2254', 'MOV_4682266'),
('KW_2023', 'MOV_4682266'),
('KW_3658', 'MOV_4682266'),
('KW_3659', 'MOV_4682266'),
('KW_3660', 'MOV_4682266'),
('KW_3661', 'MOV_4682266'),
('KW_2464', 'MOV_4682266'),
('KW_2056', 'MOV_4682266'),
('KW_2055', 'MOV_4682266'),
('KW_2323', 'MOV_4682266'),
('KW_3662', 'MOV_4682266'),
('KW_3000', 'MOV_4682266'),
('KW_3663', 'MOV_4682266'),
('KW_3664', 'MOV_4682266'),
('KW_3665', 'MOV_4682266'),
('KW_3666', 'MOV_4682266'),
('KW_2967', 'MOV_4682266'),
('KW_3667', 'MOV_4682266'),
('KW_3668', 'MOV_4682266'),
('KW_3669', 'MOV_4682266'),
('KW_3670', 'MOV_4682266'),
('KW_2094', 'MOV_4682266'),
('KW_3498', 'MOV_4682266'),
('KW_2260', 'MOV_4682266'),
('KW_2133', 'MOV_4682266'),
('KW_3671', 'MOV_4682266'),
('KW_3672', 'MOV_4682266'),
('KW_3673', 'MOV_4682266'),
('KW_1957', 'MOV_4682266'),
('KW_3674', 'MOV_4682266'),
('KW_3675', 'MOV_4682266'),
('KW_3676', 'MOV_4682266'),
('KW_2005', 'MOV_4682266'),
('KW_3530', 'MOV_4682266'),
('KW_3531', 'MOV_4682266'),
('KW_3532', 'MOV_4682266'),
('KW_3533', 'MOV_4682266'),
('KW_2114', 'MOV_4682266'),
('KW_3534', 'MOV_4682266'),
('KW_3535', 'MOV_4682266'),
('KW_3536', 'MOV_4682266'),
('KW_3537', 'MOV_4682266'),
('KW_3538', 'MOV_4682266'),
('KW_3539', 'MOV_4682266'),
('KW_3540', 'MOV_4682266'),
('KW_1936', 'MOV_4682266'),
('KW_3541', 'MOV_4682266'),
('KW_3542', 'MOV_4682266'),
('KW_3543', 'MOV_4682266'),
('KW_3544', 'MOV_4682266'),
('KW_3545', 'MOV_4682266'),
('KW_3546', 'MOV_4682266'),
('KW_3547', 'MOV_4682266'),
('KW_3548', 'MOV_4682266'),
('KW_3549', 'MOV_4682266'),
('KW_3550', 'MOV_4682266'),
('KW_3551', 'MOV_4682266'),
('KW_3552', 'MOV_4682266'),
('KW_3553', 'MOV_4682266'),
('KW_3554', 'MOV_4682266'),
('KW_3555', 'MOV_4682266'),
('KW_3556', 'MOV_4682266'),
('KW_3557', 'MOV_4682266'),
('KW_3426', 'MOV_4682266'),
('KW_2393', 'MOV_4682266'),
('KW_3558', 'MOV_4682266'),
('KW_3559', 'MOV_4682266'),
('KW_2175', 'MOV_4682266'),
('KW_2176', 'MOV_4682266'),
('KW_1998', 'MOV_4682266'),
('KW_3560', 'MOV_4682266'),
('KW_2171', 'MOV_4682266'),
('KW_3561', 'MOV_4682266'),
('KW_1940', 'MOV_4682266'),
('KW_3562', 'MOV_4682266'),
('KW_2467', 'MOV_4682266'),
('KW_2240', 'MOV_4682266'),
('KW_3563', 'MOV_4682266'),
('KW_3564', 'MOV_4682266'),
('KW_3565', 'MOV_4682266'),
('KW_3566', 'MOV_4682266'),
('KW_3567', 'MOV_4682266'),
('KW_3568', 'MOV_4682266'),
('KW_3569', 'MOV_4682266'),
('KW_3570', 'MOV_4682266'),
('KW_3571', 'MOV_4682266'),
('KW_3572', 'MOV_4682266'),
('KW_3573', 'MOV_4682266'),
('KW_3574', 'MOV_4682266'),
('KW_3575', 'MOV_4682266'),
('KW_3576', 'MOV_4682266'),
('KW_3577', 'MOV_4682266'),
('KW_3578', 'MOV_4682266'),
('KW_3579', 'MOV_4682266'),
('KW_3580', 'MOV_4682266'),
('KW_3414', 'MOV_4682266'),
('KW_3581', 'MOV_4682266'),
('KW_3582', 'MOV_4682266'),
('KW_3583', 'MOV_4682266'),
('KW_1935', 'MOV_4682266'),
('KW_3584', 'MOV_4682266'),
('KW_3585', 'MOV_4682266'),
('KW_2281', 'MOV_4682266'),
('KW_1960', 'MOV_4682266'),
('KW_3438', 'MOV_4682266'),
('KW_3439', 'MOV_4682266'),
('KW_3586', 'MOV_4682266'),
('KW_3587', 'MOV_4682266'),
('KW_2016', 'MOV_4682266'),
('KW_2017', 'MOV_4682266'),
('KW_3588', 'MOV_4682266'),
('KW_3589', 'MOV_4682266'),
('KW_3590', 'MOV_4682266'),
('KW_3591', 'MOV_4682266'),
('KW_3592', 'MOV_4682266'),
('KW_3593', 'MOV_4682266'),
('KW_3594', 'MOV_4682266'),
('KW_3595', 'MOV_4682266'),
('KW_3596', 'MOV_4682266'),
('KW_3597', 'MOV_4682266'),
('KW_3598', 'MOV_4682266'),
('KW_3599', 'MOV_4682266'),
('KW_3600', 'MOV_4682266'),
('KW_3601', 'MOV_4682266'),
('KW_3150', 'MOV_4682266'),
('KW_3448', 'MOV_4682266'),
('KW_3602', 'MOV_4682266'),
('KW_3603', 'MOV_4682266'),
('KW_3604', 'MOV_4682266'),
('KW_2020', 'MOV_4682266'),
('KW_3605', 'MOV_4682266'),
('KW_3505', 'MOV_4682266'),
('KW_2498', 'MOV_4682266'),
('KW_3606', 'MOV_4682266'),
('KW_2187', 'MOV_4682266'),
('KW_3607', 'MOV_4682266'),
('KW_3608', 'MOV_4682266'),
('KW_3609', 'MOV_4682266'),
('KW_3610', 'MOV_4682266'),
('KW_3611', 'MOV_4682266'),
('KW_3254', 'MOV_4682266'),
('KW_3612', 'MOV_4682266'),
('KW_3613', 'MOV_4682266'),
('KW_3614', 'MOV_4682266'),
('KW_3615', 'MOV_4682266'),
('KW_3616', 'MOV_4682266'),
('KW_3442', 'MOV_4682266'),
('KW_3617', 'MOV_4682266'),
('KW_2823', 'MOV_4682266'),
('KW_2143', 'MOV_4682266'),
('KW_2024', 'MOV_4682266'),
('KW_2228', 'MOV_4682266'),
('KW_2229', 'MOV_4682266'),
('KW_2788', 'MOV_4682266'),
('KW_2230', 'MOV_4682266'),
('KW_2910', 'MOV_4682266'),
('KW_2232', 'MOV_4682266'),
('KW_2242', 'MOV_4682266'),
('KW_2245', 'MOV_4682266'),
('KW_2246', 'MOV_4682266'),
('KW_3618', 'MOV_4682266'),
('KW_3619', 'MOV_4682266'),
('KW_3620', 'MOV_4682266'),
('KW_2800', 'MOV_4682266'),
('KW_3621', 'MOV_4682266'),
('KW_3622', 'MOV_4682266'),
('KW_3623', 'MOV_4682266'),
('KW_3624', 'MOV_4682266'),
('KW_3625', 'MOV_4682266'),
('KW_3626', 'MOV_4682266'),
('KW_2391', 'MOV_4682266'),
('KW_3627', 'MOV_4682266'),
('KW_3628', 'MOV_4682266'),
('KW_2209', 'MOV_4682266'),
('KW_2099', 'MOV_4682266'),
('KW_3629', 'MOV_4682266'),
('KW_2156', 'MOV_4682266'),
('KW_3630', 'MOV_4682266'),
('KW_3631', 'MOV_4682266'),
('KW_3632', 'MOV_4682266'),
('KW_3633', 'MOV_4682266'),
('KW_3634', 'MOV_4682266'),
('KW_2724', 'MOV_4682266'),
('KW_3060', 'MOV_4682266'),
('KW_3635', 'MOV_4682266'),
('KW_2191', 'MOV_4682266'),
('KW_3636', 'MOV_4682266'),
('KW_3637', 'MOV_4682266'),
('KW_2241', 'MOV_4682266'),
('KW_3638', 'MOV_4682266'),
('KW_3639', 'MOV_4682266'),
('KW_2711', 'MOV_4682266'),
('KW_3640', 'MOV_4682266'),
('KW_3641', 'MOV_4682266'),
('KW_2007', 'MOV_4682266'),
('KW_3642', 'MOV_4682266'),
('KW_3643', 'MOV_4682266'),
('KW_3644', 'MOV_4682266'),
('KW_3645', 'MOV_4682266'),
('KW_3646', 'MOV_4682266'),
('KW_2528', 'MOV_4682266'),
('KW_1992', 'MOV_4682266'),
('KW_3647', 'MOV_4682266'),
('KW_2514', 'MOV_4682266'),
('KW_3238', 'MOV_4682266'),
('KW_3648', 'MOV_4682266'),
('KW_2174', 'MOV_4682266'),
('KW_3649', 'MOV_4682266'),
('KW_3650', 'MOV_4682266'),
('KW_3651', 'MOV_4682266'),
('KW_3652', 'MOV_4682266'),
('KW_3653', 'MOV_4682266'),
('KW_3654', 'MOV_4682266'),
('KW_2523', 'MOV_4682266'),
('KW_3655', 'MOV_4682266'),
('KW_3656', 'MOV_4682266'),
('KW_3657', 'MOV_4682266'),
('KW_2254', 'MOV_4682266'),
('KW_2023', 'MOV_4682266'),
('KW_3658', 'MOV_4682266'),
('KW_3659', 'MOV_4682266'),
('KW_3660', 'MOV_4682266'),
('KW_3661', 'MOV_4682266'),
('KW_2464', 'MOV_4682266'),
('KW_2056', 'MOV_4682266'),
('KW_2055', 'MOV_4682266'),
('KW_2323', 'MOV_4682266'),
('KW_3662', 'MOV_4682266'),
('KW_3000', 'MOV_4682266'),
('KW_3663', 'MOV_4682266'),
('KW_3664', 'MOV_4682266'),
('KW_3665', 'MOV_4682266'),
('KW_3666', 'MOV_4682266'),
('KW_2967', 'MOV_4682266'),
('KW_3667', 'MOV_4682266'),
('KW_3668', 'MOV_4682266'),
('KW_3669', 'MOV_4682266'),
('KW_3670', 'MOV_4682266'),
('KW_2094', 'MOV_4682266'),
('KW_3498', 'MOV_4682266'),
('KW_2260', 'MOV_4682266'),
('KW_2133', 'MOV_4682266'),
('KW_3671', 'MOV_4682266'),
('KW_3672', 'MOV_4682266'),
('KW_3673', 'MOV_4682266'),
('KW_1957', 'MOV_4682266'),
('KW_3674', 'MOV_4682266'),
('KW_3675', 'MOV_4682266'),
('KW_3676', 'MOV_4682266'),
('KW_2005', 'MOV_4682266'),
('KW_3530', 'MOV_4682266'),
('KW_3531', 'MOV_4682266'),
('KW_3532', 'MOV_4682266'),
('KW_3533', 'MOV_4682266'),
('KW_2114', 'MOV_4682266'),
('KW_3534', 'MOV_4682266'),
('KW_3535', 'MOV_4682266'),
('KW_3536', 'MOV_4682266'),
('KW_3537', 'MOV_4682266'),
('KW_3538', 'MOV_4682266'),
('KW_3539', 'MOV_4682266'),
('KW_3540', 'MOV_4682266'),
('KW_1936', 'MOV_4682266'),
('KW_3541', 'MOV_4682266'),
('KW_3542', 'MOV_4682266'),
('KW_3543', 'MOV_4682266'),
('KW_3544', 'MOV_4682266'),
('KW_3545', 'MOV_4682266'),
('KW_3546', 'MOV_4682266'),
('KW_3547', 'MOV_4682266'),
('KW_3548', 'MOV_4682266'),
('KW_3549', 'MOV_4682266'),
('KW_3550', 'MOV_4682266'),
('KW_3551', 'MOV_4682266'),
('KW_3552', 'MOV_4682266'),
('KW_3553', 'MOV_4682266'),
('KW_3554', 'MOV_4682266'),
('KW_3555', 'MOV_4682266'),
('KW_3556', 'MOV_4682266'),
('KW_3557', 'MOV_4682266'),
('KW_3426', 'MOV_4682266'),
('KW_2393', 'MOV_4682266'),
('KW_3558', 'MOV_4682266'),
('KW_3559', 'MOV_4682266'),
('KW_2175', 'MOV_4682266'),
('KW_2176', 'MOV_4682266'),
('KW_1998', 'MOV_4682266'),
('KW_3560', 'MOV_4682266'),
('KW_2171', 'MOV_4682266'),
('KW_3561', 'MOV_4682266'),
('KW_1940', 'MOV_4682266'),
('KW_3562', 'MOV_4682266'),
('KW_2467', 'MOV_4682266'),
('KW_2240', 'MOV_4682266'),
('KW_3563', 'MOV_4682266'),
('KW_3564', 'MOV_4682266'),
('KW_3565', 'MOV_4682266'),
('KW_3566', 'MOV_4682266'),
('KW_3567', 'MOV_4682266'),
('KW_3568', 'MOV_4682266'),
('KW_3569', 'MOV_4682266'),
('KW_3570', 'MOV_4682266'),
('KW_3571', 'MOV_4682266'),
('KW_3572', 'MOV_4682266'),
('KW_3573', 'MOV_4682266'),
('KW_3574', 'MOV_4682266'),
('KW_3575', 'MOV_4682266'),
('KW_3576', 'MOV_4682266'),
('KW_3577', 'MOV_4682266'),
('KW_3578', 'MOV_4682266'),
('KW_3579', 'MOV_4682266'),
('KW_3580', 'MOV_4682266'),
('KW_3414', 'MOV_4682266'),
('KW_3581', 'MOV_4682266'),
('KW_3582', 'MOV_4682266'),
('KW_3583', 'MOV_4682266'),
('KW_1935', 'MOV_4682266'),
('KW_3584', 'MOV_4682266'),
('KW_3585', 'MOV_4682266'),
('KW_2281', 'MOV_4682266'),
('KW_1960', 'MOV_4682266'),
('KW_3438', 'MOV_4682266'),
('KW_3439', 'MOV_4682266'),
('KW_3586', 'MOV_4682266'),
('KW_3587', 'MOV_4682266'),
('KW_2016', 'MOV_4682266'),
('KW_2017', 'MOV_4682266'),
('KW_3588', 'MOV_4682266'),
('KW_3589', 'MOV_4682266'),
('KW_3590', 'MOV_4682266'),
('KW_3591', 'MOV_4682266'),
('KW_3592', 'MOV_4682266'),
('KW_3593', 'MOV_4682266'),
('KW_3594', 'MOV_4682266'),
('KW_3595', 'MOV_4682266'),
('KW_3596', 'MOV_4682266'),
('KW_3597', 'MOV_4682266'),
('KW_3598', 'MOV_4682266'),
('KW_3599', 'MOV_4682266'),
('KW_3600', 'MOV_4682266'),
('KW_3601', 'MOV_4682266'),
('KW_3150', 'MOV_4682266'),
('KW_3448', 'MOV_4682266'),
('KW_3602', 'MOV_4682266'),
('KW_3603', 'MOV_4682266'),
('KW_3604', 'MOV_4682266'),
('KW_2020', 'MOV_4682266'),
('KW_3605', 'MOV_4682266'),
('KW_3505', 'MOV_4682266'),
('KW_2498', 'MOV_4682266'),
('KW_3606', 'MOV_4682266'),
('KW_2187', 'MOV_4682266'),
('KW_3607', 'MOV_4682266'),
('KW_3608', 'MOV_4682266'),
('KW_3609', 'MOV_4682266'),
('KW_3610', 'MOV_4682266'),
('KW_3611', 'MOV_4682266'),
('KW_3254', 'MOV_4682266'),
('KW_3612', 'MOV_4682266'),
('KW_3613', 'MOV_4682266'),
('KW_3614', 'MOV_4682266'),
('KW_3615', 'MOV_4682266'),
('KW_3616', 'MOV_4682266'),
('KW_3442', 'MOV_4682266'),
('KW_3617', 'MOV_4682266'),
('KW_2823', 'MOV_4682266'),
('KW_2143', 'MOV_4682266'),
('KW_2024', 'MOV_4682266'),
('KW_2228', 'MOV_4682266'),
('KW_2229', 'MOV_4682266'),
('KW_2788', 'MOV_4682266'),
('KW_2230', 'MOV_4682266'),
('KW_2910', 'MOV_4682266'),
('KW_2232', 'MOV_4682266'),
('KW_2242', 'MOV_4682266'),
('KW_2245', 'MOV_4682266'),
('KW_2246', 'MOV_4682266'),
('KW_3618', 'MOV_4682266'),
('KW_3619', 'MOV_4682266'),
('KW_3620', 'MOV_4682266'),
('KW_2800', 'MOV_4682266'),
('KW_3621', 'MOV_4682266'),
('KW_3622', 'MOV_4682266'),
('KW_3623', 'MOV_4682266'),
('KW_3624', 'MOV_4682266'),
('KW_3625', 'MOV_4682266'),
('KW_3626', 'MOV_4682266'),
('KW_2391', 'MOV_4682266'),
('KW_3627', 'MOV_4682266'),
('KW_3628', 'MOV_4682266'),
('KW_2209', 'MOV_4682266'),
('KW_2099', 'MOV_4682266'),
('KW_3629', 'MOV_4682266'),
('KW_2156', 'MOV_4682266'),
('KW_3630', 'MOV_4682266'),
('KW_3631', 'MOV_4682266'),
('KW_3632', 'MOV_4682266'),
('KW_3633', 'MOV_4682266'),
('KW_3634', 'MOV_4682266'),
('KW_2724', 'MOV_4682266'),
('KW_3060', 'MOV_4682266'),
('KW_3635', 'MOV_4682266'),
('KW_2191', 'MOV_4682266'),
('KW_3636', 'MOV_4682266'),
('KW_3637', 'MOV_4682266'),
('KW_2241', 'MOV_4682266'),
('KW_3638', 'MOV_4682266'),
('KW_3639', 'MOV_4682266'),
('KW_2711', 'MOV_4682266'),
('KW_3640', 'MOV_4682266'),
('KW_3641', 'MOV_4682266'),
('KW_2007', 'MOV_4682266'),
('KW_3642', 'MOV_4682266'),
('KW_3643', 'MOV_4682266'),
('KW_3644', 'MOV_4682266'),
('KW_3645', 'MOV_4682266'),
('KW_3646', 'MOV_4682266'),
('KW_2528', 'MOV_4682266'),
('KW_1992', 'MOV_4682266'),
('KW_3647', 'MOV_4682266'),
('KW_2514', 'MOV_4682266'),
('KW_3238', 'MOV_4682266'),
('KW_3648', 'MOV_4682266'),
('KW_2174', 'MOV_4682266'),
('KW_3649', 'MOV_4682266'),
('KW_3650', 'MOV_4682266'),
('KW_3651', 'MOV_4682266'),
('KW_3652', 'MOV_4682266'),
('KW_3653', 'MOV_4682266'),
('KW_3654', 'MOV_4682266'),
('KW_2523', 'MOV_4682266'),
('KW_3655', 'MOV_4682266'),
('KW_3656', 'MOV_4682266'),
('KW_3657', 'MOV_4682266'),
('KW_2254', 'MOV_4682266'),
('KW_2023', 'MOV_4682266'),
('KW_3658', 'MOV_4682266'),
('KW_3659', 'MOV_4682266'),
('KW_3660', 'MOV_4682266'),
('KW_3661', 'MOV_4682266'),
('KW_2464', 'MOV_4682266'),
('KW_2056', 'MOV_4682266'),
('KW_2055', 'MOV_4682266'),
('KW_2323', 'MOV_4682266'),
('KW_3662', 'MOV_4682266'),
('KW_3000', 'MOV_4682266'),
('KW_3663', 'MOV_4682266'),
('KW_3664', 'MOV_4682266'),
('KW_3665', 'MOV_4682266'),
('KW_3666', 'MOV_4682266'),
('KW_2967', 'MOV_4682266'),
('KW_3667', 'MOV_4682266'),
('KW_3668', 'MOV_4682266'),
('KW_3669', 'MOV_4682266'),
('KW_3670', 'MOV_4682266'),
('KW_2094', 'MOV_4682266'),
('KW_3498', 'MOV_4682266'),
('KW_2260', 'MOV_4682266'),
('KW_2133', 'MOV_4682266'),
('KW_3671', 'MOV_4682266'),
('KW_3672', 'MOV_4682266'),
('KW_3673', 'MOV_4682266'),
('KW_1957', 'MOV_4682266'),
('KW_3674', 'MOV_4682266'),
('KW_3675', 'MOV_4682266'),
('KW_3676', 'MOV_4682266'),
('KW_3677', 'MOV_7126948'),
('KW_3540', 'MOV_7126948'),
('KW_3678', 'MOV_7126948'),
('KW_3679', 'MOV_7126948'),
('KW_3680', 'MOV_7126948'),
('KW_3681', 'MOV_7126948'),
('KW_3539', 'MOV_7126948'),
('KW_3531', 'MOV_7126948'),
('KW_3537', 'MOV_7126948'),
('KW_3682', 'MOV_7126948'),
('KW_2346', 'MOV_7126948'),
('KW_3683', 'MOV_7126948'),
('KW_2507', 'MOV_7126948'),
('KW_3684', 'MOV_7126948'),
('KW_3685', 'MOV_7126948'),
('KW_3686', 'MOV_7126948'),
('KW_3687', 'MOV_7126948'),
('KW_3475', 'MOV_7126948'),
('KW_3209', 'MOV_7126948'),
('KW_3688', 'MOV_7126948'),
('KW_3518', 'MOV_7126948'),
('KW_3689', 'MOV_7126948'),
('KW_3467', 'MOV_7126948'),
('KW_3690', 'MOV_7126948'),
('KW_2970', 'MOV_7126948'),
('KW_3691', 'MOV_7126948'),
('KW_3692', 'MOV_7126948'),
('KW_3693', 'MOV_7126948'),
('KW_3568', 'MOV_7126948'),
('KW_2490', 'MOV_7126948'),
('KW_3694', 'MOV_7126948'),
('KW_2662', 'MOV_7126948'),
('KW_3695', 'MOV_7126948'),
('KW_3696', 'MOV_7126948'),
('KW_3697', 'MOV_7126948'),
('KW_3152', 'MOV_7126948'),
('KW_3698', 'MOV_7126948'),
('KW_3699', 'MOV_7126948'),
('KW_2552', 'MOV_7126948'),
('KW_3700', 'MOV_7126948'),
('KW_2281', 'MOV_7126948'),
('KW_3701', 'MOV_7126948'),
('KW_3702', 'MOV_7126948'),
('KW_2225', 'MOV_7126948'),
('KW_3703', 'MOV_7126948'),
('KW_3704', 'MOV_7126948'),
('KW_3705', 'MOV_7126948'),
('KW_3706', 'MOV_7126948'),
('KW_3707', 'MOV_7126948'),
('KW_3708', 'MOV_7126948'),
('KW_3709', 'MOV_7126948'),
('KW_3710', 'MOV_7126948'),
('KW_3711', 'MOV_7126948'),
('KW_3712', 'MOV_7126948'),
('KW_3713', 'MOV_7126948'),
('KW_3714', 'MOV_7126948'),
('KW_3715', 'MOV_7126948'),
('KW_3716', 'MOV_7126948'),
('KW_3717', 'MOV_7126948'),
('KW_3718', 'MOV_7126948'),
('KW_3719', 'MOV_7126948'),
('KW_3720', 'MOV_7126948'),
('KW_3721', 'MOV_7126948'),
('KW_3722', 'MOV_7126948'),
('KW_3723', 'MOV_7126948'),
('KW_3724', 'MOV_7126948'),
('KW_3627', 'MOV_7126948'),
('KW_3725', 'MOV_7126948'),
('KW_3726', 'MOV_7126948'),
('KW_3727', 'MOV_7126948'),
('KW_3728', 'MOV_7126948'),
('KW_3729', 'MOV_7126948'),
('KW_3460', 'MOV_7126948'),
('KW_3730', 'MOV_7126948'),
('KW_3670', 'MOV_7126948'),
('KW_3731', 'MOV_7126948'),
('KW_3472', 'MOV_7126948'),
('KW_3732', 'MOV_7126948'),
('KW_3000', 'MOV_7126948'),
('KW_3733', 'MOV_7126948'),
('KW_3734', 'MOV_7126948'),
('KW_3735', 'MOV_7126948'),
('KW_3736', 'MOV_7126948'),
('KW_3737', 'MOV_7126948'),
('KW_3738', 'MOV_7126948'),
('KW_3739', 'MOV_7126948'),
('KW_2688', 'MOV_7126948'),
('KW_3740', 'MOV_7126948'),
('KW_3741', 'MOV_7126948'),
('KW_3742', 'MOV_7126948'),
('KW_3743', 'MOV_7126948'),
('KW_3744', 'MOV_7126948'),
('KW_3448', 'MOV_7126948'),
('KW_3238', 'MOV_7126948'),
('KW_3469', 'MOV_7126948'),
('KW_2141', 'MOV_7126948'),
('KW_2252', 'MOV_7126948'),
('KW_3470', 'MOV_7126948'),
('KW_3471', 'MOV_7126948'),
('KW_3427', 'MOV_7126948'),
('KW_2125', 'MOV_7126948'),
('KW_3501', 'MOV_7126948'),
('KW_3745', 'MOV_7126948'),
('KW_3502', 'MOV_7126948'),
('KW_3746', 'MOV_7126948'),
('KW_3504', 'MOV_7126948'),
('KW_3747', 'MOV_7126948'),
('KW_2272', 'MOV_7126948'),
('KW_3599', 'MOV_7126948'),
('KW_3748', 'MOV_7126948'),
('KW_3749', 'MOV_7126948'),
('KW_3465', 'MOV_7126948'),
('KW_3750', 'MOV_7126948'),
('KW_3751', 'MOV_7126948'),
('KW_3752', 'MOV_7126948'),
('KW_3753', 'MOV_7126948'),
('KW_3754', 'MOV_7126948'),
('KW_3755', 'MOV_7126948'),
('KW_3756', 'MOV_7126948'),
('KW_3445', 'MOV_7126948'),
('KW_2187', 'MOV_7126948'),
('KW_3757', 'MOV_7126948'),
('KW_3758', 'MOV_7126948'),
('KW_3759', 'MOV_7126948'),
('KW_3760', 'MOV_7126948'),
('KW_3761', 'MOV_7126948'),
('KW_3762', 'MOV_7126948'),
('KW_3763', 'MOV_7126948'),
('KW_3764', 'MOV_7126948'),
('KW_3765', 'MOV_7126948'),
('KW_3766', 'MOV_7126948'),
('KW_2094', 'MOV_7126948'),
('KW_3767', 'MOV_7126948'),
('KW_3768', 'MOV_7126948'),
('KW_3769', 'MOV_7126948'),
('KW_3770', 'MOV_7126948'),
('KW_3771', 'MOV_7126948'),
('KW_3772', 'MOV_7126948'),
('KW_3773', 'MOV_7126948'),
('KW_3774', 'MOV_7126948'),
('KW_1938', 'MOV_7126948'),
('KW_3775', 'MOV_7126948'),
('KW_3776', 'MOV_7126948'),
('KW_3777', 'MOV_7126948'),
('KW_3778', 'MOV_7126948'),
('KW_2060', 'MOV_7126948'),
('KW_2309', 'MOV_7126948'),
('KW_2300', 'MOV_7126948'),
('KW_2510', 'MOV_7126948'),
('KW_3779', 'MOV_7126948'),
('KW_2007', 'MOV_7126948'),
('KW_2304', 'MOV_7126948'),
('KW_3780', 'MOV_7126948'),
('KW_3781', 'MOV_7126948'),
('KW_3782', 'MOV_7126948'),
('KW_3783', 'MOV_7126948'),
('KW_3784', 'MOV_7126948'),
('KW_3785', 'MOV_7126948'),
('KW_3786', 'MOV_7126948'),
('KW_3787', 'MOV_7126948'),
('KW_3788', 'MOV_7126948'),
('KW_3789', 'MOV_7126948'),
('KW_3790', 'MOV_7126948'),
('KW_3791', 'MOV_7126948'),
('KW_3792', 'MOV_7126948'),
('KW_1972', 'MOV_7126948'),
('KW_3793', 'MOV_7126948'),
('KW_3794', 'MOV_7126948'),
('KW_3795', 'MOV_7126948'),
('KW_3796', 'MOV_7126948'),
('KW_3797', 'MOV_7126948'),
('KW_3798', 'MOV_7126948'),
('KW_3799', 'MOV_7126948'),
('KW_3800', 'MOV_7126948'),
('KW_3801', 'MOV_7126948'),
('KW_2191', 'MOV_7126948'),
('KW_3802', 'MOV_7126948'),
('KW_2498', 'MOV_7126948'),
('KW_3622', 'MOV_7126948'),
('KW_2095', 'MOV_7126948'),
('KW_2273', 'MOV_7126948'),
('KW_2975', 'MOV_7126948'),
('KW_3803', 'MOV_7126948'),
('KW_3804', 'MOV_7126948'),
('KW_3805', 'MOV_7126948'),
('KW_2142', 'MOV_7126948'),
('KW_3806', 'MOV_7126948'),
('KW_3807', 'MOV_7126948'),
('KW_3631', 'MOV_7126948'),
('KW_3808', 'MOV_7126948'),
('KW_2262', 'MOV_7126948'),
('KW_3809', 'MOV_7126948'),
('KW_3810', 'MOV_7126948'),
('KW_2120', 'MOV_7126948'),
('KW_3811', 'MOV_7126948'),
('KW_3812', 'MOV_7126948'),
('KW_3813', 'MOV_7126948'),
('KW_2802', 'MOV_7126948'),
('KW_3814', 'MOV_7126948'),
('KW_3815', 'MOV_7126948'),
('KW_3816', 'MOV_7126948'),
('KW_3817', 'MOV_7126948'),
('KW_3818', 'MOV_7126948'),
('KW_3819', 'MOV_7126948'),
('KW_1986', 'MOV_7126948'),
('KW_2247', 'MOV_7126948'),
('KW_3820', 'MOV_7126948'),
('KW_2901', 'MOV_7126948'),
('KW_3508', 'MOV_7126948'),
('KW_3821', 'MOV_7126948'),
('KW_3822', 'MOV_7126948'),
('KW_3823', 'MOV_7126948'),
('KW_3824', 'MOV_7126948'),
('KW_3825', 'MOV_7126948'),
('KW_2023', 'MOV_7126948'),
('KW_3826', 'MOV_7126948'),
('KW_1955', 'MOV_7126948'),
('KW_2859', 'MOV_7126948'),
('KW_3827', 'MOV_7126948'),
('KW_3828', 'MOV_7126948'),
('KW_1993', 'MOV_7126948'),
('KW_2254', 'MOV_7126948'),
('KW_2020', 'MOV_7126948'),
('KW_3829', 'MOV_7126948'),
('KW_3830', 'MOV_7126948'),
('KW_3831', 'MOV_7126948'),
('KW_3832', 'MOV_7126948'),
('KW_3833', 'MOV_7126948'),
('KW_2449', 'MOV_7126948'),
('KW_3834', 'MOV_7126948'),
('KW_2967', 'MOV_7126948'),
('KW_3835', 'MOV_7126948'),
('KW_3836', 'MOV_7126948'),
('KW_3837', 'MOV_7126948'),
('KW_2730', 'MOV_7126948'),
('KW_2724', 'MOV_7126948'),
('KW_2501', 'MOV_7126948'),
('KW_3466', 'MOV_7126948'),
('KW_3838', 'MOV_7126948'),
('KW_1956', 'MOV_7126948'),
('KW_2263', 'MOV_7126948'),
('KW_3677', 'MOV_7126948'),
('KW_3540', 'MOV_7126948'),
('KW_3678', 'MOV_7126948'),
('KW_3679', 'MOV_7126948'),
('KW_3680', 'MOV_7126948'),
('KW_3681', 'MOV_7126948'),
('KW_3539', 'MOV_7126948'),
('KW_3531', 'MOV_7126948'),
('KW_3537', 'MOV_7126948'),
('KW_3682', 'MOV_7126948'),
('KW_2346', 'MOV_7126948'),
('KW_3683', 'MOV_7126948'),
('KW_2507', 'MOV_7126948'),
('KW_3684', 'MOV_7126948'),
('KW_3685', 'MOV_7126948'),
('KW_3686', 'MOV_7126948'),
('KW_3687', 'MOV_7126948'),
('KW_3475', 'MOV_7126948'),
('KW_3209', 'MOV_7126948'),
('KW_3688', 'MOV_7126948'),
('KW_3518', 'MOV_7126948'),
('KW_3689', 'MOV_7126948'),
('KW_3467', 'MOV_7126948'),
('KW_3690', 'MOV_7126948'),
('KW_2970', 'MOV_7126948'),
('KW_3691', 'MOV_7126948'),
('KW_3692', 'MOV_7126948'),
('KW_3693', 'MOV_7126948'),
('KW_3568', 'MOV_7126948'),
('KW_2490', 'MOV_7126948'),
('KW_3694', 'MOV_7126948'),
('KW_2662', 'MOV_7126948'),
('KW_3695', 'MOV_7126948'),
('KW_3696', 'MOV_7126948'),
('KW_3697', 'MOV_7126948'),
('KW_3152', 'MOV_7126948'),
('KW_3698', 'MOV_7126948'),
('KW_3699', 'MOV_7126948'),
('KW_2552', 'MOV_7126948'),
('KW_3700', 'MOV_7126948'),
('KW_2281', 'MOV_7126948'),
('KW_3701', 'MOV_7126948'),
('KW_3702', 'MOV_7126948'),
('KW_2225', 'MOV_7126948'),
('KW_3703', 'MOV_7126948'),
('KW_3704', 'MOV_7126948'),
('KW_3705', 'MOV_7126948'),
('KW_3706', 'MOV_7126948'),
('KW_3707', 'MOV_7126948'),
('KW_3708', 'MOV_7126948'),
('KW_3709', 'MOV_7126948'),
('KW_3710', 'MOV_7126948'),
('KW_3711', 'MOV_7126948'),
('KW_3712', 'MOV_7126948'),
('KW_3713', 'MOV_7126948'),
('KW_3714', 'MOV_7126948'),
('KW_3715', 'MOV_7126948'),
('KW_3716', 'MOV_7126948'),
('KW_3717', 'MOV_7126948'),
('KW_3718', 'MOV_7126948'),
('KW_3719', 'MOV_7126948'),
('KW_3720', 'MOV_7126948'),
('KW_3721', 'MOV_7126948'),
('KW_3722', 'MOV_7126948'),
('KW_3723', 'MOV_7126948'),
('KW_3724', 'MOV_7126948'),
('KW_3627', 'MOV_7126948'),
('KW_3725', 'MOV_7126948'),
('KW_3726', 'MOV_7126948'),
('KW_3727', 'MOV_7126948'),
('KW_3728', 'MOV_7126948'),
('KW_3729', 'MOV_7126948'),
('KW_3460', 'MOV_7126948'),
('KW_3730', 'MOV_7126948'),
('KW_3670', 'MOV_7126948'),
('KW_3731', 'MOV_7126948'),
('KW_3472', 'MOV_7126948'),
('KW_3732', 'MOV_7126948'),
('KW_3000', 'MOV_7126948'),
('KW_3733', 'MOV_7126948'),
('KW_3734', 'MOV_7126948'),
('KW_3735', 'MOV_7126948'),
('KW_3736', 'MOV_7126948'),
('KW_3737', 'MOV_7126948'),
('KW_3738', 'MOV_7126948'),
('KW_3739', 'MOV_7126948'),
('KW_2688', 'MOV_7126948');
INSERT INTO `keywordconnection_tb` (`keyWord_tb_keywordID`, `movie_tb_movieID`) VALUES
('KW_3740', 'MOV_7126948'),
('KW_3741', 'MOV_7126948'),
('KW_3742', 'MOV_7126948'),
('KW_3743', 'MOV_7126948'),
('KW_3744', 'MOV_7126948'),
('KW_3448', 'MOV_7126948'),
('KW_3238', 'MOV_7126948'),
('KW_3469', 'MOV_7126948'),
('KW_2141', 'MOV_7126948'),
('KW_2252', 'MOV_7126948'),
('KW_3470', 'MOV_7126948'),
('KW_3471', 'MOV_7126948'),
('KW_3427', 'MOV_7126948'),
('KW_2125', 'MOV_7126948'),
('KW_3501', 'MOV_7126948'),
('KW_3745', 'MOV_7126948'),
('KW_3502', 'MOV_7126948'),
('KW_3746', 'MOV_7126948'),
('KW_3504', 'MOV_7126948'),
('KW_3747', 'MOV_7126948'),
('KW_2272', 'MOV_7126948'),
('KW_3599', 'MOV_7126948'),
('KW_3748', 'MOV_7126948'),
('KW_3749', 'MOV_7126948'),
('KW_3465', 'MOV_7126948'),
('KW_3750', 'MOV_7126948'),
('KW_3751', 'MOV_7126948'),
('KW_3752', 'MOV_7126948'),
('KW_3753', 'MOV_7126948'),
('KW_3754', 'MOV_7126948'),
('KW_3755', 'MOV_7126948'),
('KW_3756', 'MOV_7126948'),
('KW_3445', 'MOV_7126948'),
('KW_2187', 'MOV_7126948'),
('KW_3757', 'MOV_7126948'),
('KW_3758', 'MOV_7126948'),
('KW_3759', 'MOV_7126948'),
('KW_3760', 'MOV_7126948'),
('KW_3761', 'MOV_7126948'),
('KW_3762', 'MOV_7126948'),
('KW_3763', 'MOV_7126948'),
('KW_3764', 'MOV_7126948'),
('KW_3765', 'MOV_7126948'),
('KW_3766', 'MOV_7126948'),
('KW_2094', 'MOV_7126948'),
('KW_3767', 'MOV_7126948'),
('KW_3768', 'MOV_7126948'),
('KW_3769', 'MOV_7126948'),
('KW_3770', 'MOV_7126948'),
('KW_3771', 'MOV_7126948'),
('KW_3772', 'MOV_7126948'),
('KW_3773', 'MOV_7126948'),
('KW_3774', 'MOV_7126948'),
('KW_1938', 'MOV_7126948'),
('KW_3775', 'MOV_7126948'),
('KW_3776', 'MOV_7126948'),
('KW_3777', 'MOV_7126948'),
('KW_3778', 'MOV_7126948'),
('KW_2060', 'MOV_7126948'),
('KW_2309', 'MOV_7126948'),
('KW_2300', 'MOV_7126948'),
('KW_2510', 'MOV_7126948'),
('KW_3779', 'MOV_7126948'),
('KW_2007', 'MOV_7126948'),
('KW_2304', 'MOV_7126948'),
('KW_3780', 'MOV_7126948'),
('KW_3781', 'MOV_7126948'),
('KW_3782', 'MOV_7126948'),
('KW_3783', 'MOV_7126948'),
('KW_3784', 'MOV_7126948'),
('KW_3785', 'MOV_7126948'),
('KW_3786', 'MOV_7126948'),
('KW_3787', 'MOV_7126948'),
('KW_3788', 'MOV_7126948'),
('KW_3789', 'MOV_7126948'),
('KW_3790', 'MOV_7126948'),
('KW_3791', 'MOV_7126948'),
('KW_3792', 'MOV_7126948'),
('KW_1972', 'MOV_7126948'),
('KW_3793', 'MOV_7126948'),
('KW_3794', 'MOV_7126948'),
('KW_3795', 'MOV_7126948'),
('KW_3796', 'MOV_7126948'),
('KW_3797', 'MOV_7126948'),
('KW_3798', 'MOV_7126948'),
('KW_3799', 'MOV_7126948'),
('KW_3800', 'MOV_7126948'),
('KW_3801', 'MOV_7126948'),
('KW_2191', 'MOV_7126948'),
('KW_3802', 'MOV_7126948'),
('KW_2498', 'MOV_7126948'),
('KW_3622', 'MOV_7126948'),
('KW_2095', 'MOV_7126948'),
('KW_2273', 'MOV_7126948'),
('KW_2975', 'MOV_7126948'),
('KW_3803', 'MOV_7126948'),
('KW_3804', 'MOV_7126948'),
('KW_3805', 'MOV_7126948'),
('KW_2142', 'MOV_7126948'),
('KW_3806', 'MOV_7126948'),
('KW_3807', 'MOV_7126948'),
('KW_3631', 'MOV_7126948'),
('KW_3808', 'MOV_7126948'),
('KW_2262', 'MOV_7126948'),
('KW_3809', 'MOV_7126948'),
('KW_3810', 'MOV_7126948'),
('KW_2120', 'MOV_7126948'),
('KW_3811', 'MOV_7126948'),
('KW_3812', 'MOV_7126948'),
('KW_3813', 'MOV_7126948'),
('KW_2802', 'MOV_7126948'),
('KW_3814', 'MOV_7126948'),
('KW_3815', 'MOV_7126948'),
('KW_3816', 'MOV_7126948'),
('KW_3817', 'MOV_7126948'),
('KW_3818', 'MOV_7126948'),
('KW_3819', 'MOV_7126948'),
('KW_1986', 'MOV_7126948'),
('KW_2247', 'MOV_7126948'),
('KW_3820', 'MOV_7126948'),
('KW_2901', 'MOV_7126948'),
('KW_3508', 'MOV_7126948'),
('KW_3821', 'MOV_7126948'),
('KW_3822', 'MOV_7126948'),
('KW_3823', 'MOV_7126948'),
('KW_3824', 'MOV_7126948'),
('KW_3825', 'MOV_7126948'),
('KW_2023', 'MOV_7126948'),
('KW_3826', 'MOV_7126948'),
('KW_1955', 'MOV_7126948'),
('KW_2859', 'MOV_7126948'),
('KW_3827', 'MOV_7126948'),
('KW_3828', 'MOV_7126948'),
('KW_1993', 'MOV_7126948'),
('KW_2254', 'MOV_7126948'),
('KW_2020', 'MOV_7126948'),
('KW_3829', 'MOV_7126948'),
('KW_3830', 'MOV_7126948'),
('KW_3831', 'MOV_7126948'),
('KW_3832', 'MOV_7126948'),
('KW_3833', 'MOV_7126948'),
('KW_2449', 'MOV_7126948'),
('KW_3834', 'MOV_7126948'),
('KW_2967', 'MOV_7126948'),
('KW_3835', 'MOV_7126948'),
('KW_3836', 'MOV_7126948'),
('KW_3837', 'MOV_7126948'),
('KW_2730', 'MOV_7126948'),
('KW_2724', 'MOV_7126948'),
('KW_2501', 'MOV_7126948'),
('KW_3466', 'MOV_7126948'),
('KW_3838', 'MOV_7126948'),
('KW_1956', 'MOV_7126948'),
('KW_2263', 'MOV_7126948'),
('KW_3677', 'MOV_7126948'),
('KW_3540', 'MOV_7126948'),
('KW_3678', 'MOV_7126948'),
('KW_3679', 'MOV_7126948'),
('KW_3680', 'MOV_7126948'),
('KW_3681', 'MOV_7126948'),
('KW_3539', 'MOV_7126948'),
('KW_3531', 'MOV_7126948'),
('KW_3537', 'MOV_7126948'),
('KW_3682', 'MOV_7126948'),
('KW_2346', 'MOV_7126948'),
('KW_3683', 'MOV_7126948'),
('KW_2507', 'MOV_7126948'),
('KW_3684', 'MOV_7126948'),
('KW_3685', 'MOV_7126948'),
('KW_3686', 'MOV_7126948'),
('KW_3687', 'MOV_7126948'),
('KW_3475', 'MOV_7126948'),
('KW_3209', 'MOV_7126948'),
('KW_3688', 'MOV_7126948'),
('KW_3518', 'MOV_7126948'),
('KW_3689', 'MOV_7126948'),
('KW_3467', 'MOV_7126948'),
('KW_3690', 'MOV_7126948'),
('KW_2970', 'MOV_7126948'),
('KW_3691', 'MOV_7126948'),
('KW_3692', 'MOV_7126948'),
('KW_3693', 'MOV_7126948'),
('KW_3568', 'MOV_7126948'),
('KW_2490', 'MOV_7126948'),
('KW_3694', 'MOV_7126948'),
('KW_2662', 'MOV_7126948'),
('KW_3695', 'MOV_7126948'),
('KW_3696', 'MOV_7126948'),
('KW_3697', 'MOV_7126948'),
('KW_3152', 'MOV_7126948'),
('KW_3698', 'MOV_7126948'),
('KW_3699', 'MOV_7126948'),
('KW_2552', 'MOV_7126948'),
('KW_3700', 'MOV_7126948'),
('KW_2281', 'MOV_7126948'),
('KW_3701', 'MOV_7126948'),
('KW_3702', 'MOV_7126948'),
('KW_2225', 'MOV_7126948'),
('KW_3703', 'MOV_7126948'),
('KW_3704', 'MOV_7126948'),
('KW_3705', 'MOV_7126948'),
('KW_3706', 'MOV_7126948'),
('KW_3707', 'MOV_7126948'),
('KW_3708', 'MOV_7126948'),
('KW_3709', 'MOV_7126948'),
('KW_3710', 'MOV_7126948'),
('KW_3711', 'MOV_7126948'),
('KW_3712', 'MOV_7126948'),
('KW_3713', 'MOV_7126948'),
('KW_3714', 'MOV_7126948'),
('KW_3715', 'MOV_7126948'),
('KW_3716', 'MOV_7126948'),
('KW_3717', 'MOV_7126948'),
('KW_3718', 'MOV_7126948'),
('KW_3719', 'MOV_7126948'),
('KW_3720', 'MOV_7126948'),
('KW_3721', 'MOV_7126948'),
('KW_3722', 'MOV_7126948'),
('KW_3723', 'MOV_7126948'),
('KW_3724', 'MOV_7126948'),
('KW_3627', 'MOV_7126948'),
('KW_3725', 'MOV_7126948'),
('KW_3726', 'MOV_7126948'),
('KW_3727', 'MOV_7126948'),
('KW_3728', 'MOV_7126948'),
('KW_3729', 'MOV_7126948'),
('KW_3460', 'MOV_7126948'),
('KW_3730', 'MOV_7126948'),
('KW_3670', 'MOV_7126948'),
('KW_3731', 'MOV_7126948'),
('KW_3472', 'MOV_7126948'),
('KW_3732', 'MOV_7126948'),
('KW_3000', 'MOV_7126948'),
('KW_3733', 'MOV_7126948'),
('KW_3734', 'MOV_7126948'),
('KW_3735', 'MOV_7126948'),
('KW_3736', 'MOV_7126948'),
('KW_3737', 'MOV_7126948'),
('KW_3738', 'MOV_7126948'),
('KW_3739', 'MOV_7126948'),
('KW_2688', 'MOV_7126948'),
('KW_3740', 'MOV_7126948'),
('KW_3741', 'MOV_7126948'),
('KW_3742', 'MOV_7126948'),
('KW_3743', 'MOV_7126948'),
('KW_3744', 'MOV_7126948'),
('KW_3448', 'MOV_7126948'),
('KW_3238', 'MOV_7126948'),
('KW_3469', 'MOV_7126948'),
('KW_2141', 'MOV_7126948'),
('KW_2252', 'MOV_7126948'),
('KW_3470', 'MOV_7126948'),
('KW_3471', 'MOV_7126948'),
('KW_3427', 'MOV_7126948'),
('KW_2125', 'MOV_7126948'),
('KW_3501', 'MOV_7126948'),
('KW_3745', 'MOV_7126948'),
('KW_3502', 'MOV_7126948'),
('KW_3746', 'MOV_7126948'),
('KW_3504', 'MOV_7126948'),
('KW_3747', 'MOV_7126948'),
('KW_2272', 'MOV_7126948'),
('KW_3599', 'MOV_7126948'),
('KW_3748', 'MOV_7126948'),
('KW_3749', 'MOV_7126948'),
('KW_3465', 'MOV_7126948'),
('KW_3750', 'MOV_7126948'),
('KW_3751', 'MOV_7126948'),
('KW_3752', 'MOV_7126948'),
('KW_3753', 'MOV_7126948'),
('KW_3754', 'MOV_7126948'),
('KW_3755', 'MOV_7126948'),
('KW_3756', 'MOV_7126948'),
('KW_3445', 'MOV_7126948'),
('KW_2187', 'MOV_7126948'),
('KW_3757', 'MOV_7126948'),
('KW_3758', 'MOV_7126948'),
('KW_3759', 'MOV_7126948'),
('KW_3760', 'MOV_7126948'),
('KW_3761', 'MOV_7126948'),
('KW_3762', 'MOV_7126948'),
('KW_3763', 'MOV_7126948'),
('KW_3764', 'MOV_7126948'),
('KW_3765', 'MOV_7126948'),
('KW_3766', 'MOV_7126948'),
('KW_2094', 'MOV_7126948'),
('KW_3767', 'MOV_7126948'),
('KW_3768', 'MOV_7126948'),
('KW_3769', 'MOV_7126948'),
('KW_3770', 'MOV_7126948'),
('KW_3771', 'MOV_7126948'),
('KW_3772', 'MOV_7126948'),
('KW_3773', 'MOV_7126948'),
('KW_3774', 'MOV_7126948'),
('KW_1938', 'MOV_7126948'),
('KW_3775', 'MOV_7126948'),
('KW_3776', 'MOV_7126948'),
('KW_3777', 'MOV_7126948'),
('KW_3778', 'MOV_7126948'),
('KW_2060', 'MOV_7126948'),
('KW_2309', 'MOV_7126948'),
('KW_2300', 'MOV_7126948'),
('KW_2510', 'MOV_7126948'),
('KW_3779', 'MOV_7126948'),
('KW_2007', 'MOV_7126948'),
('KW_2304', 'MOV_7126948'),
('KW_3780', 'MOV_7126948'),
('KW_3781', 'MOV_7126948'),
('KW_3782', 'MOV_7126948'),
('KW_3783', 'MOV_7126948'),
('KW_3784', 'MOV_7126948'),
('KW_3785', 'MOV_7126948'),
('KW_3786', 'MOV_7126948'),
('KW_3787', 'MOV_7126948'),
('KW_3788', 'MOV_7126948'),
('KW_3789', 'MOV_7126948'),
('KW_3790', 'MOV_7126948'),
('KW_3791', 'MOV_7126948'),
('KW_3792', 'MOV_7126948'),
('KW_1972', 'MOV_7126948'),
('KW_3793', 'MOV_7126948'),
('KW_3794', 'MOV_7126948'),
('KW_3795', 'MOV_7126948'),
('KW_3796', 'MOV_7126948'),
('KW_3797', 'MOV_7126948'),
('KW_3798', 'MOV_7126948'),
('KW_3799', 'MOV_7126948'),
('KW_3800', 'MOV_7126948'),
('KW_3801', 'MOV_7126948'),
('KW_2191', 'MOV_7126948'),
('KW_3802', 'MOV_7126948'),
('KW_2498', 'MOV_7126948'),
('KW_3622', 'MOV_7126948'),
('KW_2095', 'MOV_7126948'),
('KW_2273', 'MOV_7126948'),
('KW_2975', 'MOV_7126948'),
('KW_3803', 'MOV_7126948'),
('KW_3804', 'MOV_7126948'),
('KW_3805', 'MOV_7126948'),
('KW_2142', 'MOV_7126948'),
('KW_3806', 'MOV_7126948'),
('KW_3807', 'MOV_7126948'),
('KW_3631', 'MOV_7126948'),
('KW_3808', 'MOV_7126948'),
('KW_2262', 'MOV_7126948'),
('KW_3809', 'MOV_7126948'),
('KW_3810', 'MOV_7126948'),
('KW_2120', 'MOV_7126948'),
('KW_3811', 'MOV_7126948'),
('KW_3812', 'MOV_7126948'),
('KW_3813', 'MOV_7126948'),
('KW_2802', 'MOV_7126948'),
('KW_3814', 'MOV_7126948'),
('KW_3815', 'MOV_7126948'),
('KW_3816', 'MOV_7126948'),
('KW_3817', 'MOV_7126948'),
('KW_3818', 'MOV_7126948'),
('KW_3819', 'MOV_7126948'),
('KW_1986', 'MOV_7126948'),
('KW_2247', 'MOV_7126948'),
('KW_3820', 'MOV_7126948'),
('KW_2901', 'MOV_7126948'),
('KW_3508', 'MOV_7126948'),
('KW_3821', 'MOV_7126948'),
('KW_3822', 'MOV_7126948'),
('KW_3823', 'MOV_7126948'),
('KW_3824', 'MOV_7126948'),
('KW_3825', 'MOV_7126948'),
('KW_2023', 'MOV_7126948'),
('KW_3826', 'MOV_7126948'),
('KW_1955', 'MOV_7126948'),
('KW_2859', 'MOV_7126948'),
('KW_3827', 'MOV_7126948'),
('KW_3828', 'MOV_7126948'),
('KW_1993', 'MOV_7126948'),
('KW_2254', 'MOV_7126948'),
('KW_2020', 'MOV_7126948'),
('KW_3829', 'MOV_7126948'),
('KW_3830', 'MOV_7126948'),
('KW_3831', 'MOV_7126948'),
('KW_3832', 'MOV_7126948'),
('KW_3833', 'MOV_7126948'),
('KW_2449', 'MOV_7126948'),
('KW_3834', 'MOV_7126948'),
('KW_2967', 'MOV_7126948'),
('KW_3835', 'MOV_7126948'),
('KW_3836', 'MOV_7126948'),
('KW_3837', 'MOV_7126948'),
('KW_2730', 'MOV_7126948'),
('KW_2724', 'MOV_7126948'),
('KW_2501', 'MOV_7126948'),
('KW_3466', 'MOV_7126948'),
('KW_3838', 'MOV_7126948'),
('KW_1956', 'MOV_7126948'),
('KW_2263', 'MOV_7126948'),
('KW_3839', 'MOV_2948372'),
('KW_3840', 'MOV_2948372'),
('KW_3841', 'MOV_2948372'),
('KW_3842', 'MOV_2948372'),
('KW_3843', 'MOV_2948372'),
('KW_3844', 'MOV_2948372'),
('KW_3845', 'MOV_2948372'),
('KW_3846', 'MOV_2948372'),
('KW_3847', 'MOV_2948372'),
('KW_3848', 'MOV_2948372'),
('KW_3849', 'MOV_2948372'),
('KW_3850', 'MOV_2948372'),
('KW_3851', 'MOV_2948372'),
('KW_3852', 'MOV_2948372'),
('KW_3853', 'MOV_2948372'),
('KW_3854', 'MOV_2948372'),
('KW_3786', 'MOV_2948372'),
('KW_3855', 'MOV_2948372'),
('KW_3856', 'MOV_2948372'),
('KW_3857', 'MOV_2948372'),
('KW_3858', 'MOV_2948372'),
('KW_3859', 'MOV_2948372'),
('KW_3860', 'MOV_2948372'),
('KW_3861', 'MOV_2948372'),
('KW_3862', 'MOV_2948372'),
('KW_3863', 'MOV_2948372'),
('KW_3864', 'MOV_2948372'),
('KW_3865', 'MOV_2948372'),
('KW_3866', 'MOV_2948372'),
('KW_3867', 'MOV_2948372'),
('KW_2293', 'MOV_2948372'),
('KW_3868', 'MOV_2948372'),
('KW_3869', 'MOV_2948372'),
('KW_3870', 'MOV_2948372'),
('KW_3871', 'MOV_2948372'),
('KW_3872', 'MOV_2948372'),
('KW_3873', 'MOV_2948372'),
('KW_3874', 'MOV_2948372'),
('KW_3875', 'MOV_2948372'),
('KW_3876', 'MOV_2948372'),
('KW_2302', 'MOV_2948372'),
('KW_3877', 'MOV_2948372'),
('KW_3878', 'MOV_2948372'),
('KW_3879', 'MOV_2948372'),
('KW_3880', 'MOV_2948372'),
('KW_3881', 'MOV_2948372'),
('KW_3882', 'MOV_2948372'),
('KW_2254', 'MOV_2948372'),
('KW_3883', 'MOV_2948372'),
('KW_3444', 'MOV_2948372'),
('KW_3884', 'MOV_2948372'),
('KW_2350', 'MOV_2948372'),
('KW_3885', 'MOV_2948372'),
('KW_3886', 'MOV_2948372'),
('KW_3887', 'MOV_2948372'),
('KW_3888', 'MOV_2948372'),
('KW_2435', 'MOV_2948372'),
('KW_3889', 'MOV_2948372'),
('KW_2496', 'MOV_2948372'),
('KW_3890', 'MOV_2948372'),
('KW_3891', 'MOV_2948372'),
('KW_3579', 'MOV_2948372'),
('KW_3892', 'MOV_2948372'),
('KW_3893', 'MOV_2948372'),
('KW_3894', 'MOV_2948372'),
('KW_3895', 'MOV_2948372'),
('KW_3896', 'MOV_2948372'),
('KW_3897', 'MOV_2948372'),
('KW_3898', 'MOV_2948372'),
('KW_3899', 'MOV_2948372'),
('KW_3900', 'MOV_2948372'),
('KW_3901', 'MOV_2948372'),
('KW_3902', 'MOV_2948372'),
('KW_3903', 'MOV_2948372'),
('KW_3904', 'MOV_2948372'),
('KW_3905', 'MOV_2948372'),
('KW_3906', 'MOV_2948372'),
('KW_3907', 'MOV_2948372'),
('KW_3908', 'MOV_2948372'),
('KW_3909', 'MOV_2948372'),
('KW_3910', 'MOV_2948372'),
('KW_3911', 'MOV_2948372'),
('KW_3912', 'MOV_2948372'),
('KW_3913', 'MOV_2948372'),
('KW_3914', 'MOV_2948372'),
('KW_3915', 'MOV_2948372'),
('KW_3916', 'MOV_2948372'),
('KW_3402', 'MOV_2948372'),
('KW_3833', 'MOV_2948372'),
('KW_2999', 'MOV_2948372'),
('KW_3917', 'MOV_2948372'),
('KW_3839', 'MOV_2948372'),
('KW_3840', 'MOV_2948372'),
('KW_3841', 'MOV_2948372'),
('KW_3842', 'MOV_2948372'),
('KW_3843', 'MOV_2948372'),
('KW_3844', 'MOV_2948372'),
('KW_3845', 'MOV_2948372'),
('KW_3846', 'MOV_2948372'),
('KW_3847', 'MOV_2948372'),
('KW_3848', 'MOV_2948372'),
('KW_3849', 'MOV_2948372'),
('KW_3850', 'MOV_2948372'),
('KW_3851', 'MOV_2948372'),
('KW_3852', 'MOV_2948372'),
('KW_3853', 'MOV_2948372'),
('KW_3854', 'MOV_2948372'),
('KW_3786', 'MOV_2948372'),
('KW_3855', 'MOV_2948372'),
('KW_3856', 'MOV_2948372'),
('KW_3857', 'MOV_2948372'),
('KW_3858', 'MOV_2948372'),
('KW_3859', 'MOV_2948372'),
('KW_3860', 'MOV_2948372'),
('KW_3861', 'MOV_2948372'),
('KW_3862', 'MOV_2948372'),
('KW_3863', 'MOV_2948372'),
('KW_3864', 'MOV_2948372'),
('KW_3865', 'MOV_2948372'),
('KW_3866', 'MOV_2948372'),
('KW_3867', 'MOV_2948372'),
('KW_2293', 'MOV_2948372'),
('KW_3868', 'MOV_2948372'),
('KW_3869', 'MOV_2948372'),
('KW_3870', 'MOV_2948372'),
('KW_3871', 'MOV_2948372'),
('KW_3872', 'MOV_2948372'),
('KW_3873', 'MOV_2948372'),
('KW_3874', 'MOV_2948372'),
('KW_3875', 'MOV_2948372'),
('KW_3876', 'MOV_2948372'),
('KW_2302', 'MOV_2948372'),
('KW_3877', 'MOV_2948372'),
('KW_3878', 'MOV_2948372'),
('KW_3879', 'MOV_2948372'),
('KW_3880', 'MOV_2948372'),
('KW_3881', 'MOV_2948372'),
('KW_3882', 'MOV_2948372'),
('KW_2254', 'MOV_2948372'),
('KW_3883', 'MOV_2948372'),
('KW_3444', 'MOV_2948372'),
('KW_3884', 'MOV_2948372'),
('KW_2350', 'MOV_2948372'),
('KW_3885', 'MOV_2948372'),
('KW_3886', 'MOV_2948372'),
('KW_3887', 'MOV_2948372'),
('KW_3888', 'MOV_2948372'),
('KW_2435', 'MOV_2948372'),
('KW_3889', 'MOV_2948372'),
('KW_2496', 'MOV_2948372'),
('KW_3890', 'MOV_2948372'),
('KW_3891', 'MOV_2948372'),
('KW_3579', 'MOV_2948372'),
('KW_3892', 'MOV_2948372'),
('KW_3893', 'MOV_2948372'),
('KW_3894', 'MOV_2948372'),
('KW_3895', 'MOV_2948372'),
('KW_3896', 'MOV_2948372'),
('KW_3897', 'MOV_2948372'),
('KW_3898', 'MOV_2948372'),
('KW_3899', 'MOV_2948372'),
('KW_3900', 'MOV_2948372'),
('KW_3901', 'MOV_2948372'),
('KW_3902', 'MOV_2948372'),
('KW_3903', 'MOV_2948372'),
('KW_3904', 'MOV_2948372'),
('KW_3905', 'MOV_2948372'),
('KW_3906', 'MOV_2948372'),
('KW_3907', 'MOV_2948372'),
('KW_3908', 'MOV_2948372'),
('KW_3909', 'MOV_2948372'),
('KW_3910', 'MOV_2948372'),
('KW_3911', 'MOV_2948372'),
('KW_3912', 'MOV_2948372'),
('KW_3913', 'MOV_2948372'),
('KW_3914', 'MOV_2948372'),
('KW_3915', 'MOV_2948372'),
('KW_3916', 'MOV_2948372'),
('KW_3402', 'MOV_2948372'),
('KW_3833', 'MOV_2948372'),
('KW_2999', 'MOV_2948372'),
('KW_3917', 'MOV_2948372'),
('KW_3839', 'MOV_2948372'),
('KW_3840', 'MOV_2948372'),
('KW_3841', 'MOV_2948372'),
('KW_3842', 'MOV_2948372'),
('KW_3843', 'MOV_2948372'),
('KW_3844', 'MOV_2948372'),
('KW_3845', 'MOV_2948372'),
('KW_3846', 'MOV_2948372'),
('KW_3847', 'MOV_2948372'),
('KW_3848', 'MOV_2948372'),
('KW_3849', 'MOV_2948372'),
('KW_3850', 'MOV_2948372'),
('KW_3851', 'MOV_2948372'),
('KW_3852', 'MOV_2948372'),
('KW_3853', 'MOV_2948372'),
('KW_3854', 'MOV_2948372'),
('KW_3786', 'MOV_2948372'),
('KW_3855', 'MOV_2948372'),
('KW_3856', 'MOV_2948372'),
('KW_3857', 'MOV_2948372'),
('KW_3858', 'MOV_2948372'),
('KW_3859', 'MOV_2948372'),
('KW_3860', 'MOV_2948372'),
('KW_3861', 'MOV_2948372'),
('KW_3862', 'MOV_2948372'),
('KW_3863', 'MOV_2948372'),
('KW_3864', 'MOV_2948372'),
('KW_3865', 'MOV_2948372'),
('KW_3866', 'MOV_2948372'),
('KW_3867', 'MOV_2948372'),
('KW_2293', 'MOV_2948372'),
('KW_3868', 'MOV_2948372'),
('KW_3869', 'MOV_2948372'),
('KW_3870', 'MOV_2948372'),
('KW_3871', 'MOV_2948372'),
('KW_3872', 'MOV_2948372'),
('KW_3873', 'MOV_2948372'),
('KW_3874', 'MOV_2948372'),
('KW_3875', 'MOV_2948372'),
('KW_3876', 'MOV_2948372'),
('KW_2302', 'MOV_2948372'),
('KW_3877', 'MOV_2948372'),
('KW_3878', 'MOV_2948372'),
('KW_3879', 'MOV_2948372'),
('KW_3880', 'MOV_2948372'),
('KW_3881', 'MOV_2948372'),
('KW_3882', 'MOV_2948372'),
('KW_2254', 'MOV_2948372'),
('KW_3883', 'MOV_2948372'),
('KW_3444', 'MOV_2948372'),
('KW_3884', 'MOV_2948372'),
('KW_2350', 'MOV_2948372'),
('KW_3885', 'MOV_2948372'),
('KW_3886', 'MOV_2948372'),
('KW_3887', 'MOV_2948372'),
('KW_3888', 'MOV_2948372'),
('KW_2435', 'MOV_2948372'),
('KW_3889', 'MOV_2948372'),
('KW_2496', 'MOV_2948372'),
('KW_3890', 'MOV_2948372'),
('KW_3891', 'MOV_2948372'),
('KW_3579', 'MOV_2948372'),
('KW_3892', 'MOV_2948372'),
('KW_3893', 'MOV_2948372'),
('KW_3894', 'MOV_2948372'),
('KW_3895', 'MOV_2948372'),
('KW_3896', 'MOV_2948372'),
('KW_3897', 'MOV_2948372'),
('KW_3898', 'MOV_2948372'),
('KW_3899', 'MOV_2948372'),
('KW_3900', 'MOV_2948372'),
('KW_3901', 'MOV_2948372'),
('KW_3902', 'MOV_2948372'),
('KW_3903', 'MOV_2948372'),
('KW_3904', 'MOV_2948372'),
('KW_3905', 'MOV_2948372'),
('KW_3906', 'MOV_2948372'),
('KW_3907', 'MOV_2948372'),
('KW_3908', 'MOV_2948372'),
('KW_3909', 'MOV_2948372'),
('KW_3910', 'MOV_2948372'),
('KW_3911', 'MOV_2948372'),
('KW_3912', 'MOV_2948372'),
('KW_3913', 'MOV_2948372'),
('KW_3914', 'MOV_2948372'),
('KW_3915', 'MOV_2948372'),
('KW_3916', 'MOV_2948372'),
('KW_3402', 'MOV_2948372'),
('KW_3833', 'MOV_2948372'),
('KW_2999', 'MOV_2948372'),
('KW_3917', 'MOV_2948372'),
('KW_3918', 'MOV_3581652'),
('KW_3919', 'MOV_3581652'),
('KW_3786', 'MOV_3581652'),
('KW_3920', 'MOV_3581652'),
('KW_3921', 'MOV_3581652'),
('KW_3922', 'MOV_3581652'),
('KW_1946', 'MOV_3581652'),
('KW_3923', 'MOV_3581652'),
('KW_3924', 'MOV_3581652'),
('KW_2024', 'MOV_3581652'),
('KW_3925', 'MOV_3581652'),
('KW_2222', 'MOV_3581652'),
('KW_3918', 'MOV_3581652'),
('KW_3919', 'MOV_3581652'),
('KW_3786', 'MOV_3581652'),
('KW_3920', 'MOV_3581652'),
('KW_3921', 'MOV_3581652'),
('KW_3922', 'MOV_3581652'),
('KW_1946', 'MOV_3581652'),
('KW_3923', 'MOV_3581652'),
('KW_3924', 'MOV_3581652'),
('KW_2024', 'MOV_3581652'),
('KW_3925', 'MOV_3581652'),
('KW_2222', 'MOV_3581652'),
('KW_3918', 'MOV_3581652'),
('KW_3919', 'MOV_3581652'),
('KW_3786', 'MOV_3581652'),
('KW_3920', 'MOV_3581652'),
('KW_3921', 'MOV_3581652'),
('KW_3922', 'MOV_3581652'),
('KW_1946', 'MOV_3581652'),
('KW_3923', 'MOV_3581652'),
('KW_3924', 'MOV_3581652'),
('KW_2024', 'MOV_3581652'),
('KW_3925', 'MOV_3581652'),
('KW_2222', 'MOV_3581652'),
('KW_2305', 'MOV_6902332'),
('KW_3408', 'MOV_6902332'),
('KW_2116', 'MOV_6902332'),
('KW_3926', 'MOV_6902332'),
('KW_3763', 'MOV_6902332'),
('KW_3927', 'MOV_6902332'),
('KW_3579', 'MOV_6902332'),
('KW_3928', 'MOV_6902332'),
('KW_2327', 'MOV_6902332'),
('KW_3929', 'MOV_6902332'),
('KW_3930', 'MOV_6902332'),
('KW_3931', 'MOV_6902332'),
('KW_3932', 'MOV_6902332'),
('KW_3933', 'MOV_6902332'),
('KW_3934', 'MOV_6902332'),
('KW_2254', 'MOV_6902332'),
('KW_3935', 'MOV_6902332'),
('KW_3309', 'MOV_6902332'),
('KW_3936', 'MOV_6902332'),
('KW_3937', 'MOV_6902332'),
('KW_3938', 'MOV_6902332'),
('KW_1934', 'MOV_6902332'),
('KW_3508', 'MOV_6902332'),
('KW_3510', 'MOV_6902332'),
('KW_3939', 'MOV_6902332'),
('KW_3940', 'MOV_6902332'),
('KW_3941', 'MOV_6902332'),
('KW_3942', 'MOV_6902332'),
('KW_3943', 'MOV_6902332'),
('KW_3392', 'MOV_6902332'),
('KW_2305', 'MOV_6902332'),
('KW_3408', 'MOV_6902332'),
('KW_2116', 'MOV_6902332'),
('KW_3926', 'MOV_6902332'),
('KW_3763', 'MOV_6902332'),
('KW_3927', 'MOV_6902332'),
('KW_3579', 'MOV_6902332'),
('KW_3928', 'MOV_6902332'),
('KW_2327', 'MOV_6902332'),
('KW_3929', 'MOV_6902332'),
('KW_3930', 'MOV_6902332'),
('KW_3931', 'MOV_6902332'),
('KW_3932', 'MOV_6902332'),
('KW_3933', 'MOV_6902332'),
('KW_3934', 'MOV_6902332'),
('KW_2254', 'MOV_6902332'),
('KW_3935', 'MOV_6902332'),
('KW_3309', 'MOV_6902332'),
('KW_3936', 'MOV_6902332'),
('KW_3937', 'MOV_6902332'),
('KW_3938', 'MOV_6902332'),
('KW_1934', 'MOV_6902332'),
('KW_3508', 'MOV_6902332'),
('KW_3510', 'MOV_6902332'),
('KW_3939', 'MOV_6902332'),
('KW_3940', 'MOV_6902332'),
('KW_3941', 'MOV_6902332'),
('KW_3942', 'MOV_6902332'),
('KW_3943', 'MOV_6902332'),
('KW_3392', 'MOV_6902332'),
('KW_3843', 'MOV_5363618'),
('KW_3661', 'MOV_5363618'),
('KW_3313', 'MOV_5363618'),
('KW_3944', 'MOV_5363618'),
('KW_2878', 'MOV_5363618'),
('KW_1992', 'MOV_5363618'),
('KW_3945', 'MOV_5363618'),
('KW_3946', 'MOV_5363618'),
('KW_3947', 'MOV_5363618'),
('KW_3948', 'MOV_5363618'),
('KW_3949', 'MOV_5363618'),
('KW_3950', 'MOV_5363618'),
('KW_3951', 'MOV_5363618'),
('KW_3952', 'MOV_5363618'),
('KW_3953', 'MOV_5363618'),
('KW_3954', 'MOV_5363618'),
('KW_3955', 'MOV_5363618'),
('KW_3956', 'MOV_5363618'),
('KW_3957', 'MOV_5363618'),
('KW_3958', 'MOV_5363618'),
('KW_3959', 'MOV_5363618'),
('KW_3960', 'MOV_5363618'),
('KW_3961', 'MOV_5363618'),
('KW_3375', 'MOV_5363618'),
('KW_3962', 'MOV_5363618'),
('KW_3963', 'MOV_5363618'),
('KW_2301', 'MOV_5363618'),
('KW_2103', 'MOV_5363618'),
('KW_3964', 'MOV_5363618'),
('KW_3965', 'MOV_5363618'),
('KW_3966', 'MOV_5363618'),
('KW_3967', 'MOV_5363618'),
('KW_3968', 'MOV_5363618'),
('KW_3969', 'MOV_5363618'),
('KW_3970', 'MOV_5363618'),
('KW_3971', 'MOV_5363618'),
('KW_3972', 'MOV_5363618'),
('KW_3973', 'MOV_5363618'),
('KW_3974', 'MOV_5363618'),
('KW_3975', 'MOV_5363618'),
('KW_3976', 'MOV_5363618'),
('KW_2755', 'MOV_5363618'),
('KW_3977', 'MOV_5363618'),
('KW_3978', 'MOV_5363618'),
('KW_3360', 'MOV_5363618'),
('KW_2317', 'MOV_5363618'),
('KW_3979', 'MOV_5363618'),
('KW_3980', 'MOV_5363618'),
('KW_3981', 'MOV_5363618'),
('KW_3982', 'MOV_5363618'),
('KW_2008', 'MOV_5363618'),
('KW_3983', 'MOV_5363618'),
('KW_3984', 'MOV_5363618'),
('KW_3985', 'MOV_5363618'),
('KW_3986', 'MOV_5363618'),
('KW_3987', 'MOV_5363618'),
('KW_3988', 'MOV_5363618'),
('KW_3989', 'MOV_5363618'),
('KW_3990', 'MOV_5363618'),
('KW_3991', 'MOV_5363618'),
('KW_3992', 'MOV_5363618'),
('KW_2447', 'MOV_5363618'),
('KW_3993', 'MOV_5363618'),
('KW_3994', 'MOV_5363618'),
('KW_3995', 'MOV_5363618'),
('KW_3996', 'MOV_5363618'),
('KW_3997', 'MOV_5363618'),
('KW_3476', 'MOV_5363618'),
('KW_3998', 'MOV_5363618'),
('KW_3999', 'MOV_5363618'),
('KW_4000', 'MOV_5363618'),
('KW_4001', 'MOV_5363618'),
('KW_4002', 'MOV_5363618'),
('KW_4003', 'MOV_5363618'),
('KW_2449', 'MOV_5363618'),
('KW_2104', 'MOV_5363618'),
('KW_4004', 'MOV_5363618'),
('KW_2576', 'MOV_5363618'),
('KW_4005', 'MOV_5363618'),
('KW_4006', 'MOV_5363618'),
('KW_4007', 'MOV_5363618'),
('KW_4008', 'MOV_5363618'),
('KW_4009', 'MOV_5363618'),
('KW_4010', 'MOV_5363618'),
('KW_2171', 'MOV_5363618'),
('KW_4011', 'MOV_5363618'),
('KW_4012', 'MOV_5363618'),
('KW_2947', 'MOV_5363618'),
('KW_2120', 'MOV_5363618'),
('KW_4013', 'MOV_5363618'),
('KW_4014', 'MOV_5363618'),
('KW_3141', 'MOV_5363618'),
('KW_2475', 'MOV_5363618'),
('KW_2467', 'MOV_5363618'),
('KW_4015', 'MOV_5363618'),
('KW_2327', 'MOV_5363618'),
('KW_2523', 'MOV_5363618'),
('KW_4016', 'MOV_5363618'),
('KW_2418', 'MOV_5363618'),
('KW_3885', 'MOV_5363618'),
('KW_4017', 'MOV_5363618'),
('KW_2200', 'MOV_5363618'),
('KW_2332', 'MOV_5363618'),
('KW_3101', 'MOV_5363618'),
('KW_2510', 'MOV_5363618'),
('KW_2433', 'MOV_5363618'),
('KW_2434', 'MOV_5363618'),
('KW_2387', 'MOV_5363618'),
('KW_4018', 'MOV_5363618'),
('KW_4019', 'MOV_5363618'),
('KW_4020', 'MOV_5363618'),
('KW_2404', 'MOV_5363618'),
('KW_2636', 'MOV_5363618'),
('KW_2637', 'MOV_5363618'),
('KW_2350', 'MOV_5363618'),
('KW_2547', 'MOV_5363618'),
('KW_2548', 'MOV_5363618'),
('KW_4021', 'MOV_5363618'),
('KW_1921', 'MOV_5363618'),
('KW_4022', 'MOV_5363618'),
('KW_2472', 'MOV_5363618'),
('KW_2422', 'MOV_5363618'),
('KW_4023', 'MOV_5363618'),
('KW_4024', 'MOV_5363618'),
('KW_4025', 'MOV_5363618'),
('KW_4026', 'MOV_5363618'),
('KW_4027', 'MOV_5363618'),
('KW_4028', 'MOV_5363618'),
('KW_2160', 'MOV_5363618'),
('KW_4029', 'MOV_5363618'),
('KW_4030', 'MOV_5363618'),
('KW_2321', 'MOV_5363618'),
('KW_4031', 'MOV_5363618'),
('KW_2624', 'MOV_5363618'),
('KW_4032', 'MOV_5363618'),
('KW_3040', 'MOV_5363618'),
('KW_4033', 'MOV_5363618'),
('KW_4034', 'MOV_5363618'),
('KW_4035', 'MOV_5363618'),
('KW_4036', 'MOV_5363618'),
('KW_2357', 'MOV_5363618'),
('KW_4037', 'MOV_5363618'),
('KW_4038', 'MOV_5363618'),
('KW_4039', 'MOV_5363618'),
('KW_4040', 'MOV_5363618'),
('KW_4041', 'MOV_5363618'),
('KW_4042', 'MOV_5363618'),
('KW_4043', 'MOV_5363618'),
('KW_4044', 'MOV_5363618'),
('KW_2859', 'MOV_5363618'),
('KW_4045', 'MOV_5363618'),
('KW_2448', 'MOV_5363618'),
('KW_4046', 'MOV_5363618'),
('KW_4047', 'MOV_5363618'),
('KW_4048', 'MOV_5363618'),
('KW_4049', 'MOV_5363618'),
('KW_4050', 'MOV_5363618'),
('KW_2222', 'MOV_5363618'),
('KW_2435', 'MOV_5363618'),
('KW_4051', 'MOV_5363618'),
('KW_4052', 'MOV_5363618'),
('KW_4053', 'MOV_5363618'),
('KW_4054', 'MOV_5363618'),
('KW_4055', 'MOV_5363618'),
('KW_4056', 'MOV_5363618'),
('KW_2585', 'MOV_5363618'),
('KW_2056', 'MOV_5363618'),
('KW_3308', 'MOV_5363618'),
('KW_3300', 'MOV_5363618'),
('KW_1957', 'MOV_5363618'),
('KW_4057', 'MOV_5363618'),
('KW_4058', 'MOV_5363618'),
('KW_2035', 'MOV_5363618'),
('KW_4059', 'MOV_5363618'),
('KW_4060', 'MOV_5363618'),
('KW_4061', 'MOV_5363618'),
('KW_4062', 'MOV_5363618'),
('KW_3870', 'MOV_5363618'),
('KW_4063', 'MOV_5363618'),
('KW_4064', 'MOV_5363618'),
('KW_4065', 'MOV_5363618'),
('KW_2305', 'MOV_5363618'),
('KW_2052', 'MOV_5363618'),
('KW_2355', 'MOV_5363618'),
('KW_4066', 'MOV_5363618'),
('KW_3781', 'MOV_5363618'),
('KW_3843', 'MOV_5363618'),
('KW_3661', 'MOV_5363618'),
('KW_3313', 'MOV_5363618'),
('KW_3944', 'MOV_5363618'),
('KW_2878', 'MOV_5363618'),
('KW_1992', 'MOV_5363618'),
('KW_3945', 'MOV_5363618'),
('KW_3946', 'MOV_5363618'),
('KW_3947', 'MOV_5363618'),
('KW_3948', 'MOV_5363618'),
('KW_3949', 'MOV_5363618'),
('KW_3950', 'MOV_5363618'),
('KW_3951', 'MOV_5363618'),
('KW_3952', 'MOV_5363618'),
('KW_3953', 'MOV_5363618'),
('KW_3954', 'MOV_5363618'),
('KW_3955', 'MOV_5363618'),
('KW_3956', 'MOV_5363618'),
('KW_3957', 'MOV_5363618'),
('KW_3958', 'MOV_5363618'),
('KW_3959', 'MOV_5363618'),
('KW_3960', 'MOV_5363618'),
('KW_3961', 'MOV_5363618'),
('KW_3375', 'MOV_5363618'),
('KW_3962', 'MOV_5363618'),
('KW_3963', 'MOV_5363618'),
('KW_2301', 'MOV_5363618'),
('KW_2103', 'MOV_5363618'),
('KW_3964', 'MOV_5363618'),
('KW_3965', 'MOV_5363618'),
('KW_3966', 'MOV_5363618'),
('KW_3967', 'MOV_5363618'),
('KW_3968', 'MOV_5363618'),
('KW_3969', 'MOV_5363618'),
('KW_3970', 'MOV_5363618'),
('KW_3971', 'MOV_5363618'),
('KW_3972', 'MOV_5363618'),
('KW_3973', 'MOV_5363618'),
('KW_3974', 'MOV_5363618'),
('KW_3975', 'MOV_5363618'),
('KW_3976', 'MOV_5363618'),
('KW_2755', 'MOV_5363618'),
('KW_3977', 'MOV_5363618'),
('KW_3978', 'MOV_5363618'),
('KW_3360', 'MOV_5363618'),
('KW_2317', 'MOV_5363618'),
('KW_3979', 'MOV_5363618'),
('KW_3980', 'MOV_5363618'),
('KW_3981', 'MOV_5363618'),
('KW_3982', 'MOV_5363618'),
('KW_2008', 'MOV_5363618'),
('KW_3983', 'MOV_5363618'),
('KW_3984', 'MOV_5363618'),
('KW_3985', 'MOV_5363618'),
('KW_3986', 'MOV_5363618'),
('KW_3987', 'MOV_5363618'),
('KW_3988', 'MOV_5363618'),
('KW_3989', 'MOV_5363618'),
('KW_3990', 'MOV_5363618'),
('KW_3991', 'MOV_5363618'),
('KW_3992', 'MOV_5363618'),
('KW_2447', 'MOV_5363618'),
('KW_3993', 'MOV_5363618'),
('KW_3994', 'MOV_5363618'),
('KW_3995', 'MOV_5363618'),
('KW_3996', 'MOV_5363618'),
('KW_3997', 'MOV_5363618'),
('KW_3476', 'MOV_5363618'),
('KW_3998', 'MOV_5363618'),
('KW_3999', 'MOV_5363618'),
('KW_4000', 'MOV_5363618'),
('KW_4001', 'MOV_5363618'),
('KW_4002', 'MOV_5363618'),
('KW_4003', 'MOV_5363618'),
('KW_2449', 'MOV_5363618'),
('KW_2104', 'MOV_5363618'),
('KW_4004', 'MOV_5363618'),
('KW_2576', 'MOV_5363618'),
('KW_4005', 'MOV_5363618'),
('KW_4006', 'MOV_5363618'),
('KW_4007', 'MOV_5363618'),
('KW_4008', 'MOV_5363618'),
('KW_4009', 'MOV_5363618'),
('KW_4010', 'MOV_5363618'),
('KW_2171', 'MOV_5363618'),
('KW_4011', 'MOV_5363618'),
('KW_4012', 'MOV_5363618'),
('KW_2947', 'MOV_5363618'),
('KW_2120', 'MOV_5363618'),
('KW_4013', 'MOV_5363618'),
('KW_4014', 'MOV_5363618'),
('KW_3141', 'MOV_5363618'),
('KW_2475', 'MOV_5363618'),
('KW_2467', 'MOV_5363618'),
('KW_4015', 'MOV_5363618'),
('KW_2327', 'MOV_5363618'),
('KW_2523', 'MOV_5363618'),
('KW_4016', 'MOV_5363618'),
('KW_2418', 'MOV_5363618'),
('KW_3885', 'MOV_5363618'),
('KW_4017', 'MOV_5363618'),
('KW_2200', 'MOV_5363618'),
('KW_2332', 'MOV_5363618'),
('KW_3101', 'MOV_5363618'),
('KW_2510', 'MOV_5363618'),
('KW_2433', 'MOV_5363618'),
('KW_2434', 'MOV_5363618'),
('KW_2387', 'MOV_5363618'),
('KW_4018', 'MOV_5363618'),
('KW_4019', 'MOV_5363618'),
('KW_4020', 'MOV_5363618'),
('KW_2404', 'MOV_5363618'),
('KW_2636', 'MOV_5363618'),
('KW_2637', 'MOV_5363618'),
('KW_2350', 'MOV_5363618'),
('KW_2547', 'MOV_5363618'),
('KW_2548', 'MOV_5363618'),
('KW_4021', 'MOV_5363618'),
('KW_1921', 'MOV_5363618'),
('KW_4022', 'MOV_5363618'),
('KW_2472', 'MOV_5363618'),
('KW_2422', 'MOV_5363618'),
('KW_4023', 'MOV_5363618'),
('KW_4024', 'MOV_5363618'),
('KW_4025', 'MOV_5363618'),
('KW_4026', 'MOV_5363618'),
('KW_4027', 'MOV_5363618'),
('KW_4028', 'MOV_5363618'),
('KW_2160', 'MOV_5363618'),
('KW_4029', 'MOV_5363618'),
('KW_4030', 'MOV_5363618'),
('KW_2321', 'MOV_5363618'),
('KW_4031', 'MOV_5363618'),
('KW_2624', 'MOV_5363618'),
('KW_4032', 'MOV_5363618'),
('KW_3040', 'MOV_5363618'),
('KW_4033', 'MOV_5363618'),
('KW_4034', 'MOV_5363618'),
('KW_4035', 'MOV_5363618'),
('KW_4036', 'MOV_5363618'),
('KW_2357', 'MOV_5363618'),
('KW_4037', 'MOV_5363618'),
('KW_4038', 'MOV_5363618'),
('KW_4039', 'MOV_5363618'),
('KW_4040', 'MOV_5363618'),
('KW_4041', 'MOV_5363618'),
('KW_4042', 'MOV_5363618'),
('KW_4043', 'MOV_5363618'),
('KW_4044', 'MOV_5363618'),
('KW_2859', 'MOV_5363618'),
('KW_4045', 'MOV_5363618'),
('KW_2448', 'MOV_5363618'),
('KW_4046', 'MOV_5363618'),
('KW_4047', 'MOV_5363618'),
('KW_4048', 'MOV_5363618'),
('KW_4049', 'MOV_5363618'),
('KW_4050', 'MOV_5363618'),
('KW_2222', 'MOV_5363618'),
('KW_2435', 'MOV_5363618'),
('KW_4051', 'MOV_5363618'),
('KW_4052', 'MOV_5363618'),
('KW_4053', 'MOV_5363618'),
('KW_4054', 'MOV_5363618'),
('KW_4055', 'MOV_5363618'),
('KW_4056', 'MOV_5363618'),
('KW_2585', 'MOV_5363618'),
('KW_2056', 'MOV_5363618'),
('KW_3308', 'MOV_5363618'),
('KW_3300', 'MOV_5363618'),
('KW_1957', 'MOV_5363618'),
('KW_4057', 'MOV_5363618'),
('KW_4058', 'MOV_5363618'),
('KW_2035', 'MOV_5363618'),
('KW_4059', 'MOV_5363618'),
('KW_4060', 'MOV_5363618'),
('KW_4061', 'MOV_5363618'),
('KW_4062', 'MOV_5363618'),
('KW_3870', 'MOV_5363618'),
('KW_4063', 'MOV_5363618'),
('KW_4064', 'MOV_5363618'),
('KW_4065', 'MOV_5363618'),
('KW_2305', 'MOV_5363618'),
('KW_2052', 'MOV_5363618'),
('KW_2355', 'MOV_5363618'),
('KW_4066', 'MOV_5363618'),
('KW_3781', 'MOV_5363618'),
('KW_3821', 'MOV_1070874'),
('KW_4067', 'MOV_1070874'),
('KW_4068', 'MOV_1070874'),
('KW_4069', 'MOV_1070874'),
('KW_4070', 'MOV_1070874'),
('KW_4071', 'MOV_1070874'),
('KW_4072', 'MOV_1070874'),
('KW_4073', 'MOV_1070874'),
('KW_4074', 'MOV_1070874'),
('KW_4075', 'MOV_1070874'),
('KW_4076', 'MOV_1070874'),
('KW_4077', 'MOV_1070874'),
('KW_1929', 'MOV_1070874'),
('KW_3091', 'MOV_1070874'),
('KW_4078', 'MOV_1070874'),
('KW_4079', 'MOV_1070874'),
('KW_4080', 'MOV_1070874'),
('KW_4081', 'MOV_1070874'),
('KW_4082', 'MOV_1070874'),
('KW_4083', 'MOV_1070874'),
('KW_3096', 'MOV_1070874'),
('KW_4084', 'MOV_1070874'),
('KW_4085', 'MOV_1070874'),
('KW_4086', 'MOV_1070874'),
('KW_4087', 'MOV_1070874'),
('KW_4088', 'MOV_1070874'),
('KW_4089', 'MOV_1070874'),
('KW_4090', 'MOV_1070874'),
('KW_4091', 'MOV_1070874'),
('KW_4092', 'MOV_1070874'),
('KW_4093', 'MOV_1070874'),
('KW_4094', 'MOV_1070874'),
('KW_4095', 'MOV_1070874'),
('KW_4096', 'MOV_1070874'),
('KW_4097', 'MOV_1070874'),
('KW_2827', 'MOV_1070874'),
('KW_4098', 'MOV_1070874'),
('KW_4099', 'MOV_1070874'),
('KW_4100', 'MOV_1070874'),
('KW_4101', 'MOV_1070874'),
('KW_4102', 'MOV_1070874'),
('KW_2732', 'MOV_1070874'),
('KW_4103', 'MOV_1070874'),
('KW_4104', 'MOV_1070874'),
('KW_4105', 'MOV_1070874'),
('KW_4106', 'MOV_1070874'),
('KW_4107', 'MOV_1070874'),
('KW_4108', 'MOV_1070874'),
('KW_4109', 'MOV_1070874'),
('KW_4110', 'MOV_1070874'),
('KW_4111', 'MOV_1070874'),
('KW_4112', 'MOV_1070874'),
('KW_4113', 'MOV_1070874'),
('KW_4114', 'MOV_1070874'),
('KW_4115', 'MOV_1070874'),
('KW_4116', 'MOV_1070874'),
('KW_4117', 'MOV_1070874'),
('KW_4118', 'MOV_1070874'),
('KW_4119', 'MOV_1070874'),
('KW_4120', 'MOV_1070874'),
('KW_4121', 'MOV_1070874'),
('KW_4122', 'MOV_1070874'),
('KW_4123', 'MOV_1070874'),
('KW_4124', 'MOV_1070874'),
('KW_4125', 'MOV_1070874'),
('KW_4126', 'MOV_1070874'),
('KW_4127', 'MOV_1070874'),
('KW_4128', 'MOV_1070874'),
('KW_4129', 'MOV_1070874'),
('KW_4130', 'MOV_1070874'),
('KW_4131', 'MOV_1070874'),
('KW_4132', 'MOV_1070874'),
('KW_4133', 'MOV_1070874'),
('KW_4134', 'MOV_1070874'),
('KW_2158', 'MOV_1070874'),
('KW_4135', 'MOV_1070874'),
('KW_4136', 'MOV_1070874'),
('KW_2007', 'MOV_1070874'),
('KW_3779', 'MOV_1070874'),
('KW_4017', 'MOV_1070874'),
('KW_3885', 'MOV_1070874'),
('KW_4137', 'MOV_1070874'),
('KW_4138', 'MOV_1070874'),
('KW_4139', 'MOV_1070874'),
('KW_4140', 'MOV_1070874'),
('KW_4141', 'MOV_1070874'),
('KW_4142', 'MOV_1070874'),
('KW_3192', 'MOV_1070874'),
('KW_2143', 'MOV_1070874'),
('KW_2910', 'MOV_1070874'),
('KW_2305', 'MOV_1070874'),
('KW_2300', 'MOV_1070874'),
('KW_2302', 'MOV_1070874'),
('KW_4143', 'MOV_1070874'),
('KW_4144', 'MOV_1070874'),
('KW_2350', 'MOV_1070874'),
('KW_4145', 'MOV_1070874'),
('KW_4146', 'MOV_1070874'),
('KW_2724', 'MOV_1070874'),
('KW_2911', 'MOV_1070874'),
('KW_4147', 'MOV_1070874'),
('KW_4148', 'MOV_1070874'),
('KW_2398', 'MOV_1070874'),
('KW_2421', 'MOV_1070874'),
('KW_2422', 'MOV_1070874'),
('KW_4149', 'MOV_1070874'),
('KW_4150', 'MOV_1070874'),
('KW_2299', 'MOV_1070874'),
('KW_4151', 'MOV_1070874'),
('KW_3141', 'MOV_1070874'),
('KW_4152', 'MOV_1070874'),
('KW_4153', 'MOV_1070874'),
('KW_2334', 'MOV_1070874'),
('KW_4154', 'MOV_1070874'),
('KW_4155', 'MOV_1070874'),
('KW_2512', 'MOV_1070874'),
('KW_2520', 'MOV_1070874'),
('KW_4156', 'MOV_1070874'),
('KW_4157', 'MOV_1070874'),
('KW_4158', 'MOV_1070874'),
('KW_4159', 'MOV_1070874'),
('KW_3344', 'MOV_1070874'),
('KW_2212', 'MOV_1070874'),
('KW_2970', 'MOV_1070874'),
('KW_2323', 'MOV_1070874'),
('KW_4160', 'MOV_1070874'),
('KW_3899', 'MOV_1070874'),
('KW_3346', 'MOV_1070874'),
('KW_2433', 'MOV_1070874'),
('KW_2434', 'MOV_1070874'),
('KW_2387', 'MOV_1070874'),
('KW_4161', 'MOV_1070874'),
('KW_4162', 'MOV_1070874'),
('KW_4163', 'MOV_1070874'),
('KW_4164', 'MOV_1070874'),
('KW_4165', 'MOV_1070874'),
('KW_2418', 'MOV_1070874'),
('KW_4166', 'MOV_1070874'),
('KW_4167', 'MOV_1070874'),
('KW_2324', 'MOV_1070874'),
('KW_3282', 'MOV_1070874'),
('KW_4168', 'MOV_1070874'),
('KW_4169', 'MOV_1070874'),
('KW_4170', 'MOV_1070874'),
('KW_2730', 'MOV_1070874'),
('KW_2509', 'MOV_1070874'),
('KW_4171', 'MOV_1070874'),
('KW_4172', 'MOV_1070874'),
('KW_2992', 'MOV_1070874'),
('KW_4173', 'MOV_1070874'),
('KW_4174', 'MOV_1070874'),
('KW_2569', 'MOV_1070874'),
('KW_4175', 'MOV_1070874'),
('KW_4176', 'MOV_1070874'),
('KW_4177', 'MOV_1070874'),
('KW_4178', 'MOV_1070874'),
('KW_3504', 'MOV_1070874'),
('KW_3482', 'MOV_1070874'),
('KW_4179', 'MOV_1070874'),
('KW_3927', 'MOV_1070874'),
('KW_4180', 'MOV_1070874'),
('KW_4181', 'MOV_1070874'),
('KW_4182', 'MOV_1070874'),
('KW_2301', 'MOV_1070874'),
('KW_4183', 'MOV_1070874'),
('KW_2327', 'MOV_1070874'),
('KW_2395', 'MOV_1070874'),
('KW_3496', 'MOV_1070874'),
('KW_2823', 'MOV_1070874'),
('KW_2688', 'MOV_1070874'),
('KW_4184', 'MOV_1070874'),
('KW_4185', 'MOV_1070874'),
('KW_4186', 'MOV_1070874'),
('KW_4187', 'MOV_1070874'),
('KW_4188', 'MOV_1070874'),
('KW_2582', 'MOV_1070874'),
('KW_4189', 'MOV_1070874'),
('KW_4190', 'MOV_1070874'),
('KW_4191', 'MOV_1070874'),
('KW_4192', 'MOV_1070874'),
('KW_4193', 'MOV_1070874'),
('KW_4194', 'MOV_1070874'),
('KW_4195', 'MOV_1070874'),
('KW_2060', 'MOV_1070874'),
('KW_2480', 'MOV_1070874'),
('KW_4196', 'MOV_1070874'),
('KW_4197', 'MOV_1070874'),
('KW_4198', 'MOV_1070874'),
('KW_4199', 'MOV_1070874'),
('KW_4200', 'MOV_1070874'),
('KW_4201', 'MOV_1070874'),
('KW_4202', 'MOV_1070874'),
('KW_4203', 'MOV_1070874'),
('KW_4204', 'MOV_1070874'),
('KW_3503', 'MOV_1070874'),
('KW_4205', 'MOV_1070874'),
('KW_4206', 'MOV_1070874'),
('KW_2116', 'MOV_1070874'),
('KW_4207', 'MOV_1070874'),
('KW_4208', 'MOV_1070874'),
('KW_4209', 'MOV_1070874'),
('KW_3408', 'MOV_1070874'),
('KW_4210', 'MOV_1070874'),
('KW_2510', 'MOV_1070874'),
('KW_4211', 'MOV_1070874'),
('KW_4212', 'MOV_1070874'),
('KW_4213', 'MOV_1070874'),
('KW_3699', 'MOV_1070874'),
('KW_2160', 'MOV_1070874'),
('KW_4214', 'MOV_1070874'),
('KW_4215', 'MOV_1070874'),
('KW_1921', 'MOV_1070874'),
('KW_2667', 'MOV_1070874'),
('KW_4216', 'MOV_1070874'),
('KW_4217', 'MOV_1070874'),
('KW_4218', 'MOV_1070874'),
('KW_3508', 'MOV_1070874'),
('KW_4219', 'MOV_1070874'),
('KW_3617', 'MOV_1070874'),
('KW_2898', 'MOV_1070874'),
('KW_2899', 'MOV_1070874'),
('KW_4220', 'MOV_1070874'),
('KW_4221', 'MOV_1070874'),
('KW_4011', 'MOV_1070874'),
('KW_4222', 'MOV_1070874'),
('KW_4223', 'MOV_1070874'),
('KW_4224', 'MOV_1070874'),
('KW_2191', 'MOV_1070874'),
('KW_4225', 'MOV_1070874'),
('KW_4226', 'MOV_1070874'),
('KW_4227', 'MOV_1070874'),
('KW_4228', 'MOV_1070874'),
('KW_4229', 'MOV_1070874'),
('KW_4230', 'MOV_1070874'),
('KW_4231', 'MOV_1070874'),
('KW_4232', 'MOV_1070874'),
('KW_4233', 'MOV_1070874'),
('KW_4234', 'MOV_1070874'),
('KW_4235', 'MOV_1070874'),
('KW_4236', 'MOV_1070874'),
('KW_4237', 'MOV_1070874'),
('KW_4238', 'MOV_1070874'),
('KW_4239', 'MOV_1070874'),
('KW_4240', 'MOV_1070874'),
('KW_4241', 'MOV_1070874'),
('KW_4242', 'MOV_1070874'),
('KW_4243', 'MOV_1070874'),
('KW_4244', 'MOV_1070874'),
('KW_4245', 'MOV_1070874'),
('KW_4246', 'MOV_1070874'),
('KW_4247', 'MOV_1070874'),
('KW_4248', 'MOV_1070874'),
('KW_4249', 'MOV_1070874'),
('KW_4250', 'MOV_1070874'),
('KW_4251', 'MOV_1070874'),
('KW_3204', 'MOV_1070874'),
('KW_4252', 'MOV_1070874'),
('KW_4253', 'MOV_1070874'),
('KW_4254', 'MOV_1070874'),
('KW_4255', 'MOV_1070874'),
('KW_4256', 'MOV_1070874'),
('KW_4257', 'MOV_1070874'),
('KW_4258', 'MOV_1070874'),
('KW_4259', 'MOV_1070874'),
('KW_4260', 'MOV_1070874'),
('KW_4261', 'MOV_1070874'),
('KW_4262', 'MOV_1070874'),
('KW_3821', 'MOV_1070874'),
('KW_4067', 'MOV_1070874'),
('KW_4068', 'MOV_1070874'),
('KW_4069', 'MOV_1070874'),
('KW_4070', 'MOV_1070874'),
('KW_4071', 'MOV_1070874'),
('KW_4072', 'MOV_1070874'),
('KW_4073', 'MOV_1070874'),
('KW_4074', 'MOV_1070874'),
('KW_4075', 'MOV_1070874'),
('KW_4076', 'MOV_1070874'),
('KW_4077', 'MOV_1070874'),
('KW_1929', 'MOV_1070874'),
('KW_3091', 'MOV_1070874'),
('KW_4078', 'MOV_1070874'),
('KW_4079', 'MOV_1070874'),
('KW_4080', 'MOV_1070874'),
('KW_4081', 'MOV_1070874'),
('KW_4082', 'MOV_1070874'),
('KW_4083', 'MOV_1070874'),
('KW_3096', 'MOV_1070874'),
('KW_4084', 'MOV_1070874'),
('KW_4085', 'MOV_1070874'),
('KW_4086', 'MOV_1070874'),
('KW_4087', 'MOV_1070874'),
('KW_4088', 'MOV_1070874'),
('KW_4089', 'MOV_1070874'),
('KW_4090', 'MOV_1070874'),
('KW_4091', 'MOV_1070874'),
('KW_4092', 'MOV_1070874'),
('KW_4093', 'MOV_1070874'),
('KW_4094', 'MOV_1070874'),
('KW_4095', 'MOV_1070874'),
('KW_4096', 'MOV_1070874'),
('KW_4097', 'MOV_1070874'),
('KW_2827', 'MOV_1070874'),
('KW_4098', 'MOV_1070874'),
('KW_4099', 'MOV_1070874'),
('KW_4100', 'MOV_1070874'),
('KW_4101', 'MOV_1070874'),
('KW_4102', 'MOV_1070874'),
('KW_2732', 'MOV_1070874'),
('KW_4103', 'MOV_1070874'),
('KW_4104', 'MOV_1070874'),
('KW_4105', 'MOV_1070874'),
('KW_4106', 'MOV_1070874'),
('KW_4107', 'MOV_1070874'),
('KW_4108', 'MOV_1070874'),
('KW_4109', 'MOV_1070874'),
('KW_4110', 'MOV_1070874'),
('KW_4111', 'MOV_1070874'),
('KW_4112', 'MOV_1070874'),
('KW_4113', 'MOV_1070874'),
('KW_4114', 'MOV_1070874'),
('KW_4115', 'MOV_1070874'),
('KW_4116', 'MOV_1070874'),
('KW_4117', 'MOV_1070874'),
('KW_4118', 'MOV_1070874'),
('KW_4119', 'MOV_1070874'),
('KW_4120', 'MOV_1070874'),
('KW_4121', 'MOV_1070874'),
('KW_4122', 'MOV_1070874'),
('KW_4123', 'MOV_1070874'),
('KW_4124', 'MOV_1070874'),
('KW_4125', 'MOV_1070874'),
('KW_4126', 'MOV_1070874'),
('KW_4127', 'MOV_1070874'),
('KW_4128', 'MOV_1070874'),
('KW_4129', 'MOV_1070874'),
('KW_4130', 'MOV_1070874'),
('KW_4131', 'MOV_1070874'),
('KW_4132', 'MOV_1070874'),
('KW_4133', 'MOV_1070874'),
('KW_4134', 'MOV_1070874'),
('KW_2158', 'MOV_1070874'),
('KW_4135', 'MOV_1070874'),
('KW_4136', 'MOV_1070874'),
('KW_2007', 'MOV_1070874'),
('KW_3779', 'MOV_1070874'),
('KW_4017', 'MOV_1070874'),
('KW_3885', 'MOV_1070874'),
('KW_4137', 'MOV_1070874'),
('KW_4138', 'MOV_1070874'),
('KW_4139', 'MOV_1070874'),
('KW_4140', 'MOV_1070874'),
('KW_4141', 'MOV_1070874'),
('KW_4142', 'MOV_1070874'),
('KW_3192', 'MOV_1070874'),
('KW_2143', 'MOV_1070874'),
('KW_2910', 'MOV_1070874'),
('KW_2305', 'MOV_1070874'),
('KW_2300', 'MOV_1070874'),
('KW_2302', 'MOV_1070874'),
('KW_4143', 'MOV_1070874'),
('KW_4144', 'MOV_1070874'),
('KW_2350', 'MOV_1070874'),
('KW_4145', 'MOV_1070874'),
('KW_4146', 'MOV_1070874'),
('KW_2724', 'MOV_1070874'),
('KW_2911', 'MOV_1070874'),
('KW_4147', 'MOV_1070874'),
('KW_4148', 'MOV_1070874'),
('KW_2398', 'MOV_1070874'),
('KW_2421', 'MOV_1070874'),
('KW_2422', 'MOV_1070874'),
('KW_4149', 'MOV_1070874'),
('KW_4150', 'MOV_1070874'),
('KW_2299', 'MOV_1070874'),
('KW_4151', 'MOV_1070874'),
('KW_3141', 'MOV_1070874'),
('KW_4152', 'MOV_1070874'),
('KW_4153', 'MOV_1070874'),
('KW_2334', 'MOV_1070874'),
('KW_4154', 'MOV_1070874'),
('KW_4155', 'MOV_1070874'),
('KW_2512', 'MOV_1070874'),
('KW_2520', 'MOV_1070874'),
('KW_4156', 'MOV_1070874'),
('KW_4157', 'MOV_1070874'),
('KW_4158', 'MOV_1070874'),
('KW_4159', 'MOV_1070874'),
('KW_3344', 'MOV_1070874'),
('KW_2212', 'MOV_1070874'),
('KW_2970', 'MOV_1070874'),
('KW_2323', 'MOV_1070874'),
('KW_4160', 'MOV_1070874'),
('KW_3899', 'MOV_1070874'),
('KW_3346', 'MOV_1070874'),
('KW_2433', 'MOV_1070874'),
('KW_2434', 'MOV_1070874'),
('KW_2387', 'MOV_1070874'),
('KW_4161', 'MOV_1070874'),
('KW_4162', 'MOV_1070874'),
('KW_4163', 'MOV_1070874'),
('KW_4164', 'MOV_1070874'),
('KW_4165', 'MOV_1070874'),
('KW_2418', 'MOV_1070874'),
('KW_4166', 'MOV_1070874'),
('KW_4167', 'MOV_1070874'),
('KW_2324', 'MOV_1070874'),
('KW_3282', 'MOV_1070874'),
('KW_4168', 'MOV_1070874'),
('KW_4169', 'MOV_1070874'),
('KW_4170', 'MOV_1070874'),
('KW_2730', 'MOV_1070874'),
('KW_2509', 'MOV_1070874'),
('KW_4171', 'MOV_1070874'),
('KW_3414', 'MOV_0499097'),
('KW_4263', 'MOV_0499097'),
('KW_3474', 'MOV_0499097'),
('KW_4264', 'MOV_0499097'),
('KW_3437', 'MOV_0499097'),
('KW_3795', 'MOV_0499097'),
('KW_4265', 'MOV_0499097'),
('KW_3192', 'MOV_0499097'),
('KW_3508', 'MOV_0499097'),
('KW_4266', 'MOV_0499097'),
('KW_2823', 'MOV_0499097'),
('KW_3529', 'MOV_0499097'),
('KW_4267', 'MOV_0499097'),
('KW_4268', 'MOV_0499097'),
('KW_4269', 'MOV_0499097'),
('KW_4270', 'MOV_0499097'),
('KW_4271', 'MOV_0499097'),
('KW_4272', 'MOV_0499097'),
('KW_4273', 'MOV_0499097'),
('KW_4274', 'MOV_0499097'),
('KW_2731', 'MOV_0499097'),
('KW_3473', 'MOV_0499097'),
('KW_4275', 'MOV_0499097'),
('KW_3475', 'MOV_0499097'),
('KW_2272', 'MOV_0499097'),
('KW_4276', 'MOV_0499097'),
('KW_4277', 'MOV_0499097'),
('KW_3417', 'MOV_0499097'),
('KW_4278', 'MOV_0499097'),
('KW_3414', 'MOV_0499097'),
('KW_4263', 'MOV_0499097'),
('KW_3474', 'MOV_0499097'),
('KW_4264', 'MOV_0499097'),
('KW_3437', 'MOV_0499097'),
('KW_3795', 'MOV_0499097'),
('KW_4265', 'MOV_0499097'),
('KW_3192', 'MOV_0499097'),
('KW_3508', 'MOV_0499097'),
('KW_4266', 'MOV_0499097'),
('KW_2823', 'MOV_0499097'),
('KW_3529', 'MOV_0499097'),
('KW_4267', 'MOV_0499097'),
('KW_4268', 'MOV_0499097'),
('KW_4269', 'MOV_0499097'),
('KW_4270', 'MOV_0499097'),
('KW_4271', 'MOV_0499097'),
('KW_4272', 'MOV_0499097'),
('KW_4273', 'MOV_0499097'),
('KW_4274', 'MOV_0499097'),
('KW_2731', 'MOV_0499097'),
('KW_3473', 'MOV_0499097'),
('KW_4275', 'MOV_0499097'),
('KW_3475', 'MOV_0499097'),
('KW_2272', 'MOV_0499097'),
('KW_4276', 'MOV_0499097'),
('KW_4277', 'MOV_0499097'),
('KW_3417', 'MOV_0499097'),
('KW_4278', 'MOV_0499097'),
('KW_3414', 'MOV_0499097'),
('KW_4263', 'MOV_0499097'),
('KW_3474', 'MOV_0499097'),
('KW_4264', 'MOV_0499097'),
('KW_3437', 'MOV_0499097'),
('KW_3795', 'MOV_0499097'),
('KW_4265', 'MOV_0499097'),
('KW_3192', 'MOV_0499097'),
('KW_3508', 'MOV_0499097'),
('KW_4266', 'MOV_0499097'),
('KW_2823', 'MOV_0499097'),
('KW_3529', 'MOV_0499097'),
('KW_4267', 'MOV_0499097'),
('KW_4268', 'MOV_0499097'),
('KW_4269', 'MOV_0499097'),
('KW_4270', 'MOV_0499097'),
('KW_4271', 'MOV_0499097'),
('KW_4272', 'MOV_0499097'),
('KW_4273', 'MOV_0499097'),
('KW_4274', 'MOV_0499097'),
('KW_2731', 'MOV_0499097'),
('KW_3473', 'MOV_0499097'),
('KW_4275', 'MOV_0499097'),
('KW_3475', 'MOV_0499097'),
('KW_2272', 'MOV_0499097'),
('KW_4276', 'MOV_0499097'),
('KW_4277', 'MOV_0499097'),
('KW_3417', 'MOV_0499097'),
('KW_4278', 'MOV_0499097'),
('KW_2184', 'MOV_5034838'),
('KW_4279', 'MOV_5034838'),
('KW_2176', 'MOV_5034838'),
('KW_4280', 'MOV_5034838'),
('KW_4281', 'MOV_5034838'),
('KW_4282', 'MOV_5034838'),
('KW_1935', 'MOV_5034838'),
('KW_3677', 'MOV_5034838'),
('KW_4283', 'MOV_5034838'),
('KW_4284', 'MOV_5034838'),
('KW_2172', 'MOV_5034838'),
('KW_1998', 'MOV_5034838'),
('KW_3581', 'MOV_5034838'),
('KW_2177', 'MOV_5034838'),
('KW_4285', 'MOV_5034838'),
('KW_4286', 'MOV_5034838'),
('KW_2134', 'MOV_5034838'),
('KW_2282', 'MOV_5034838'),
('KW_4287', 'MOV_5034838'),
('KW_2723', 'MOV_5034838'),
('KW_4288', 'MOV_5034838'),
('KW_4289', 'MOV_5034838'),
('KW_4290', 'MOV_5034838'),
('KW_4291', 'MOV_5034838'),
('KW_4292', 'MOV_5034838'),
('KW_4293', 'MOV_5034838'),
('KW_2175', 'MOV_5034838'),
('KW_4294', 'MOV_5034838'),
('KW_4295', 'MOV_5034838'),
('KW_4296', 'MOV_5034838'),
('KW_3659', 'MOV_5034838'),
('KW_2020', 'MOV_5034838'),
('KW_4297', 'MOV_5034838'),
('KW_4022', 'MOV_5034838'),
('KW_4298', 'MOV_5034838'),
('KW_4299', 'MOV_5034838'),
('KW_4300', 'MOV_5034838'),
('KW_4301', 'MOV_5034838'),
('KW_4302', 'MOV_5034838'),
('KW_4303', 'MOV_5034838'),
('KW_4304', 'MOV_5034838'),
('KW_4305', 'MOV_5034838'),
('KW_1950', 'MOV_5034838'),
('KW_3445', 'MOV_5034838'),
('KW_4306', 'MOV_5034838'),
('KW_2143', 'MOV_5034838'),
('KW_2669', 'MOV_5034838'),
('KW_3630', 'MOV_5034838'),
('KW_3346', 'MOV_5034838'),
('KW_4307', 'MOV_5034838'),
('KW_4308', 'MOV_5034838'),
('KW_4309', 'MOV_5034838'),
('KW_4310', 'MOV_5034838'),
('KW_4311', 'MOV_5034838'),
('KW_4312', 'MOV_5034838'),
('KW_4313', 'MOV_5034838'),
('KW_4314', 'MOV_5034838'),
('KW_3438', 'MOV_5034838'),
('KW_3439', 'MOV_5034838'),
('KW_4315', 'MOV_5034838'),
('KW_4316', 'MOV_5034838'),
('KW_4317', 'MOV_5034838'),
('KW_4318', 'MOV_5034838'),
('KW_4319', 'MOV_5034838'),
('KW_4320', 'MOV_5034838'),
('KW_4321', 'MOV_5034838'),
('KW_4322', 'MOV_5034838'),
('KW_4323', 'MOV_5034838'),
('KW_4324', 'MOV_5034838'),
('KW_4325', 'MOV_5034838'),
('KW_2484', 'MOV_5034838'),
('KW_1953', 'MOV_5034838'),
('KW_2052', 'MOV_5034838'),
('KW_4326', 'MOV_5034838'),
('KW_4327', 'MOV_5034838'),
('KW_4328', 'MOV_5034838'),
('KW_4329', 'MOV_5034838'),
('KW_4330', 'MOV_5034838'),
('KW_4331', 'MOV_5034838'),
('KW_4332', 'MOV_5034838'),
('KW_4333', 'MOV_5034838'),
('KW_4334', 'MOV_5034838'),
('KW_4335', 'MOV_5034838'),
('KW_4336', 'MOV_5034838'),
('KW_4337', 'MOV_5034838'),
('KW_4338', 'MOV_5034838'),
('KW_4339', 'MOV_5034838'),
('KW_3916', 'MOV_5034838'),
('KW_4340', 'MOV_5034838'),
('KW_2109', 'MOV_5034838'),
('KW_4341', 'MOV_5034838'),
('KW_4342', 'MOV_5034838'),
('KW_4343', 'MOV_5034838'),
('KW_4344', 'MOV_5034838'),
('KW_4345', 'MOV_5034838'),
('KW_4346', 'MOV_5034838'),
('KW_4347', 'MOV_5034838'),
('KW_4348', 'MOV_5034838'),
('KW_4349', 'MOV_5034838'),
('KW_4350', 'MOV_5034838'),
('KW_4351', 'MOV_5034838'),
('KW_4352', 'MOV_5034838'),
('KW_4353', 'MOV_5034838'),
('KW_4354', 'MOV_5034838'),
('KW_3176', 'MOV_5034838'),
('KW_4355', 'MOV_5034838'),
('KW_4356', 'MOV_5034838'),
('KW_4357', 'MOV_5034838'),
('KW_4358', 'MOV_5034838'),
('KW_4359', 'MOV_5034838'),
('KW_4360', 'MOV_5034838'),
('KW_4361', 'MOV_5034838'),
('KW_4362', 'MOV_5034838'),
('KW_4363', 'MOV_5034838'),
('KW_4364', 'MOV_5034838'),
('KW_4365', 'MOV_5034838'),
('KW_4366', 'MOV_5034838'),
('KW_4367', 'MOV_5034838'),
('KW_4368', 'MOV_5034838'),
('KW_4369', 'MOV_5034838'),
('KW_4370', 'MOV_5034838'),
('KW_4371', 'MOV_5034838'),
('KW_4372', 'MOV_5034838'),
('KW_4373', 'MOV_5034838'),
('KW_4374', 'MOV_5034838'),
('KW_4375', 'MOV_5034838'),
('KW_4376', 'MOV_5034838'),
('KW_4377', 'MOV_5034838'),
('KW_4378', 'MOV_5034838'),
('KW_4379', 'MOV_5034838'),
('KW_4380', 'MOV_5034838'),
('KW_4381', 'MOV_5034838'),
('KW_4382', 'MOV_5034838'),
('KW_4383', 'MOV_5034838'),
('KW_4384', 'MOV_5034838'),
('KW_4385', 'MOV_5034838'),
('KW_4386', 'MOV_5034838'),
('KW_4387', 'MOV_5034838'),
('KW_4388', 'MOV_5034838'),
('KW_4389', 'MOV_5034838'),
('KW_4390', 'MOV_5034838'),
('KW_4391', 'MOV_5034838'),
('KW_4392', 'MOV_5034838'),
('KW_4393', 'MOV_5034838'),
('KW_4394', 'MOV_5034838'),
('KW_4395', 'MOV_5034838'),
('KW_4396', 'MOV_5034838'),
('KW_4397', 'MOV_5034838'),
('KW_4398', 'MOV_5034838'),
('KW_4399', 'MOV_5034838'),
('KW_4400', 'MOV_5034838'),
('KW_4401', 'MOV_5034838'),
('KW_4402', 'MOV_5034838'),
('KW_4403', 'MOV_5034838'),
('KW_4404', 'MOV_5034838'),
('KW_4405', 'MOV_5034838'),
('KW_4406', 'MOV_5034838'),
('KW_4407', 'MOV_5034838'),
('KW_4408', 'MOV_5034838'),
('KW_4409', 'MOV_5034838'),
('KW_2675', 'MOV_5034838'),
('KW_4410', 'MOV_5034838'),
('KW_4411', 'MOV_5034838'),
('KW_4412', 'MOV_5034838'),
('KW_4413', 'MOV_5034838'),
('KW_4414', 'MOV_5034838'),
('KW_4415', 'MOV_5034838'),
('KW_4416', 'MOV_5034838'),
('KW_4417', 'MOV_5034838'),
('KW_4418', 'MOV_5034838'),
('KW_4419', 'MOV_5034838'),
('KW_4420', 'MOV_5034838'),
('KW_3498', 'MOV_5034838'),
('KW_4421', 'MOV_5034838'),
('KW_4422', 'MOV_5034838'),
('KW_4423', 'MOV_5034838'),
('KW_4424', 'MOV_5034838'),
('KW_4425', 'MOV_5034838'),
('KW_3823', 'MOV_5034838'),
('KW_2273', 'MOV_5034838'),
('KW_4426', 'MOV_5034838'),
('KW_4427', 'MOV_5034838'),
('KW_4428', 'MOV_5034838'),
('KW_4429', 'MOV_5034838'),
('KW_4430', 'MOV_5034838'),
('KW_2017', 'MOV_5034838'),
('KW_2301', 'MOV_5034838'),
('KW_4431', 'MOV_5034838'),
('KW_4432', 'MOV_5034838'),
('KW_4433', 'MOV_5034838'),
('KW_4434', 'MOV_5034838'),
('KW_4435', 'MOV_5034838'),
('KW_2251', 'MOV_5034838'),
('KW_4436', 'MOV_5034838'),
('KW_4437', 'MOV_5034838'),
('KW_4438', 'MOV_5034838'),
('KW_4439', 'MOV_5034838'),
('KW_4440', 'MOV_5034838'),
('KW_4441', 'MOV_5034838'),
('KW_4442', 'MOV_5034838'),
('KW_4443', 'MOV_5034838'),
('KW_4444', 'MOV_5034838'),
('KW_4445', 'MOV_5034838'),
('KW_3752', 'MOV_5034838'),
('KW_4446', 'MOV_5034838'),
('KW_4447', 'MOV_5034838'),
('KW_4448', 'MOV_5034838'),
('KW_2060', 'MOV_5034838'),
('KW_1940', 'MOV_5034838'),
('KW_4031', 'MOV_5034838'),
('KW_4063', 'MOV_5034838'),
('KW_1937', 'MOV_5034838'),
('KW_3775', 'MOV_5034838'),
('KW_4449', 'MOV_5034838'),
('KW_4450', 'MOV_5034838'),
('KW_4451', 'MOV_5034838'),
('KW_4452', 'MOV_5034838'),
('KW_4453', 'MOV_5034838'),
('KW_4454', 'MOV_5034838'),
('KW_4455', 'MOV_5034838'),
('KW_4456', 'MOV_5034838'),
('KW_4457', 'MOV_5034838'),
('KW_4458', 'MOV_5034838'),
('KW_4459', 'MOV_5034838'),
('KW_2951', 'MOV_5034838'),
('KW_4460', 'MOV_5034838'),
('KW_4461', 'MOV_5034838'),
('KW_4462', 'MOV_5034838'),
('KW_4463', 'MOV_5034838'),
('KW_4464', 'MOV_5034838'),
('KW_4465', 'MOV_5034838'),
('KW_4466', 'MOV_5034838'),
('KW_4467', 'MOV_5034838'),
('KW_4468', 'MOV_5034838'),
('KW_4469', 'MOV_5034838'),
('KW_4470', 'MOV_5034838'),
('KW_4471', 'MOV_5034838'),
('KW_4472', 'MOV_5034838'),
('KW_4473', 'MOV_5034838'),
('KW_4474', 'MOV_5034838'),
('KW_4475', 'MOV_5034838'),
('KW_2095', 'MOV_5034838'),
('KW_4476', 'MOV_5034838'),
('KW_4477', 'MOV_5034838'),
('KW_4478', 'MOV_5034838'),
('KW_4479', 'MOV_5034838'),
('KW_4480', 'MOV_5034838'),
('KW_4481', 'MOV_5034838'),
('KW_4482', 'MOV_5034838'),
('KW_4483', 'MOV_5034838'),
('KW_4484', 'MOV_5034838'),
('KW_4485', 'MOV_5034838'),
('KW_4486', 'MOV_5034838'),
('KW_4487', 'MOV_5034838'),
('KW_4488', 'MOV_5034838'),
('KW_4489', 'MOV_5034838'),
('KW_4490', 'MOV_5034838'),
('KW_4491', 'MOV_5034838'),
('KW_3631', 'MOV_5034838'),
('KW_4492', 'MOV_5034838'),
('KW_4493', 'MOV_5034838'),
('KW_2141', 'MOV_5034838'),
('KW_4494', 'MOV_5034838'),
('KW_4495', 'MOV_5034838'),
('KW_4496', 'MOV_5034838'),
('KW_4497', 'MOV_5034838'),
('KW_4498', 'MOV_5034838'),
('KW_3817', 'MOV_5034838'),
('KW_4499', 'MOV_5034838'),
('KW_4500', 'MOV_5034838'),
('KW_4501', 'MOV_5034838'),
('KW_3238', 'MOV_5034838'),
('KW_4502', 'MOV_5034838'),
('KW_4503', 'MOV_5034838'),
('KW_4504', 'MOV_5034838'),
('KW_4505', 'MOV_5034838'),
('KW_4506', 'MOV_5034838'),
('KW_4507', 'MOV_5034838'),
('KW_4508', 'MOV_5034838'),
('KW_3587', 'MOV_5034838'),
('KW_4509', 'MOV_5034838'),
('KW_4510', 'MOV_5034838');
INSERT INTO `keywordconnection_tb` (`keyWord_tb_keywordID`, `movie_tb_movieID`) VALUES
('KW_4511', 'MOV_5034838'),
('KW_4512', 'MOV_5034838'),
('KW_4513', 'MOV_5034838'),
('KW_4514', 'MOV_5034838'),
('KW_4515', 'MOV_5034838'),
('KW_4516', 'MOV_5034838'),
('KW_4517', 'MOV_5034838'),
('KW_4518', 'MOV_5034838'),
('KW_2454', 'MOV_5034838'),
('KW_4519', 'MOV_5034838'),
('KW_4520', 'MOV_5034838'),
('KW_4521', 'MOV_5034838'),
('KW_4522', 'MOV_5034838'),
('KW_4523', 'MOV_5034838'),
('KW_4524', 'MOV_5034838'),
('KW_4525', 'MOV_5034838'),
('KW_3598', 'MOV_5034838'),
('KW_4526', 'MOV_5034838'),
('KW_4527', 'MOV_5034838'),
('KW_2125', 'MOV_5034838'),
('KW_4528', 'MOV_5034838'),
('KW_4529', 'MOV_5034838'),
('KW_4530', 'MOV_5034838'),
('KW_4531', 'MOV_5034838'),
('KW_4532', 'MOV_5034838'),
('KW_4533', 'MOV_5034838'),
('KW_4534', 'MOV_5034838'),
('KW_4535', 'MOV_5034838'),
('KW_4536', 'MOV_5034838'),
('KW_4537', 'MOV_5034838'),
('KW_4538', 'MOV_5034838'),
('KW_4539', 'MOV_5034838'),
('KW_2498', 'MOV_5034838'),
('KW_4540', 'MOV_5034838'),
('KW_4541', 'MOV_5034838'),
('KW_4542', 'MOV_5034838'),
('KW_4543', 'MOV_5034838'),
('KW_4544', 'MOV_5034838'),
('KW_4545', 'MOV_5034838'),
('KW_4546', 'MOV_5034838'),
('KW_4547', 'MOV_5034838'),
('KW_4548', 'MOV_5034838'),
('KW_4136', 'MOV_5034838'),
('KW_4549', 'MOV_5034838'),
('KW_4550', 'MOV_5034838'),
('KW_4551', 'MOV_5034838'),
('KW_4552', 'MOV_5034838'),
('KW_4553', 'MOV_5034838'),
('KW_4554', 'MOV_5034838'),
('KW_4555', 'MOV_5034838'),
('KW_4556', 'MOV_5034838'),
('KW_4557', 'MOV_5034838'),
('KW_4558', 'MOV_5034838'),
('KW_4559', 'MOV_5034838'),
('KW_4560', 'MOV_5034838'),
('KW_4561', 'MOV_5034838'),
('KW_4562', 'MOV_5034838'),
('KW_4563', 'MOV_5034838'),
('KW_4564', 'MOV_5034838'),
('KW_4565', 'MOV_5034838'),
('KW_4566', 'MOV_5034838'),
('KW_2184', 'MOV_5034838'),
('KW_4279', 'MOV_5034838'),
('KW_2176', 'MOV_5034838'),
('KW_4280', 'MOV_5034838'),
('KW_4281', 'MOV_5034838'),
('KW_4282', 'MOV_5034838'),
('KW_1935', 'MOV_5034838'),
('KW_3677', 'MOV_5034838'),
('KW_4283', 'MOV_5034838'),
('KW_4284', 'MOV_5034838'),
('KW_2172', 'MOV_5034838'),
('KW_1998', 'MOV_5034838'),
('KW_3581', 'MOV_5034838'),
('KW_2177', 'MOV_5034838'),
('KW_4285', 'MOV_5034838'),
('KW_4286', 'MOV_5034838'),
('KW_2134', 'MOV_5034838'),
('KW_2282', 'MOV_5034838'),
('KW_4287', 'MOV_5034838'),
('KW_2723', 'MOV_5034838'),
('KW_4288', 'MOV_5034838'),
('KW_4289', 'MOV_5034838'),
('KW_4290', 'MOV_5034838'),
('KW_4291', 'MOV_5034838'),
('KW_4292', 'MOV_5034838'),
('KW_4293', 'MOV_5034838'),
('KW_2175', 'MOV_5034838'),
('KW_4294', 'MOV_5034838'),
('KW_4295', 'MOV_5034838'),
('KW_4296', 'MOV_5034838'),
('KW_3659', 'MOV_5034838'),
('KW_2020', 'MOV_5034838'),
('KW_4297', 'MOV_5034838'),
('KW_4022', 'MOV_5034838'),
('KW_4298', 'MOV_5034838'),
('KW_4299', 'MOV_5034838'),
('KW_4300', 'MOV_5034838'),
('KW_4301', 'MOV_5034838'),
('KW_4302', 'MOV_5034838'),
('KW_4303', 'MOV_5034838'),
('KW_4304', 'MOV_5034838'),
('KW_4305', 'MOV_5034838'),
('KW_1950', 'MOV_5034838'),
('KW_3445', 'MOV_5034838'),
('KW_4306', 'MOV_5034838'),
('KW_2143', 'MOV_5034838'),
('KW_2669', 'MOV_5034838'),
('KW_3630', 'MOV_5034838'),
('KW_3346', 'MOV_5034838'),
('KW_4307', 'MOV_5034838'),
('KW_4308', 'MOV_5034838'),
('KW_4309', 'MOV_5034838'),
('KW_4310', 'MOV_5034838'),
('KW_4311', 'MOV_5034838'),
('KW_4312', 'MOV_5034838'),
('KW_4313', 'MOV_5034838'),
('KW_4314', 'MOV_5034838'),
('KW_3438', 'MOV_5034838'),
('KW_3439', 'MOV_5034838'),
('KW_4315', 'MOV_5034838'),
('KW_4316', 'MOV_5034838'),
('KW_4317', 'MOV_5034838'),
('KW_4318', 'MOV_5034838'),
('KW_4319', 'MOV_5034838'),
('KW_4320', 'MOV_5034838'),
('KW_4321', 'MOV_5034838'),
('KW_4322', 'MOV_5034838'),
('KW_4323', 'MOV_5034838'),
('KW_4324', 'MOV_5034838'),
('KW_4325', 'MOV_5034838'),
('KW_2484', 'MOV_5034838'),
('KW_1953', 'MOV_5034838'),
('KW_2052', 'MOV_5034838'),
('KW_4326', 'MOV_5034838'),
('KW_4327', 'MOV_5034838'),
('KW_4328', 'MOV_5034838'),
('KW_4329', 'MOV_5034838'),
('KW_4330', 'MOV_5034838'),
('KW_4331', 'MOV_5034838'),
('KW_4332', 'MOV_5034838'),
('KW_4333', 'MOV_5034838'),
('KW_4334', 'MOV_5034838'),
('KW_4335', 'MOV_5034838'),
('KW_4336', 'MOV_5034838'),
('KW_4337', 'MOV_5034838'),
('KW_4338', 'MOV_5034838'),
('KW_4339', 'MOV_5034838'),
('KW_3916', 'MOV_5034838'),
('KW_4340', 'MOV_5034838'),
('KW_2109', 'MOV_5034838'),
('KW_4341', 'MOV_5034838'),
('KW_4342', 'MOV_5034838'),
('KW_4343', 'MOV_5034838'),
('KW_4344', 'MOV_5034838'),
('KW_4345', 'MOV_5034838'),
('KW_4346', 'MOV_5034838'),
('KW_4347', 'MOV_5034838'),
('KW_4348', 'MOV_5034838'),
('KW_4349', 'MOV_5034838'),
('KW_2184', 'MOV_5034838'),
('KW_4279', 'MOV_5034838'),
('KW_2176', 'MOV_5034838'),
('KW_4280', 'MOV_5034838'),
('KW_4281', 'MOV_5034838'),
('KW_4282', 'MOV_5034838'),
('KW_1935', 'MOV_5034838'),
('KW_3677', 'MOV_5034838'),
('KW_4283', 'MOV_5034838'),
('KW_4284', 'MOV_5034838'),
('KW_2172', 'MOV_5034838'),
('KW_1998', 'MOV_5034838'),
('KW_3581', 'MOV_5034838'),
('KW_2177', 'MOV_5034838'),
('KW_4285', 'MOV_5034838'),
('KW_4286', 'MOV_5034838'),
('KW_2134', 'MOV_5034838'),
('KW_2282', 'MOV_5034838'),
('KW_4287', 'MOV_5034838'),
('KW_2723', 'MOV_5034838'),
('KW_4288', 'MOV_5034838'),
('KW_4289', 'MOV_5034838'),
('KW_4290', 'MOV_5034838'),
('KW_4291', 'MOV_5034838'),
('KW_4292', 'MOV_5034838'),
('KW_4293', 'MOV_5034838'),
('KW_2175', 'MOV_5034838'),
('KW_4294', 'MOV_5034838'),
('KW_4295', 'MOV_5034838'),
('KW_4296', 'MOV_5034838'),
('KW_3659', 'MOV_5034838'),
('KW_2020', 'MOV_5034838'),
('KW_4297', 'MOV_5034838'),
('KW_4022', 'MOV_5034838'),
('KW_4298', 'MOV_5034838'),
('KW_4299', 'MOV_5034838'),
('KW_4300', 'MOV_5034838'),
('KW_4301', 'MOV_5034838'),
('KW_4302', 'MOV_5034838'),
('KW_4303', 'MOV_5034838'),
('KW_4304', 'MOV_5034838'),
('KW_4305', 'MOV_5034838'),
('KW_1950', 'MOV_5034838'),
('KW_3445', 'MOV_5034838'),
('KW_4306', 'MOV_5034838'),
('KW_2143', 'MOV_5034838'),
('KW_2669', 'MOV_5034838'),
('KW_3630', 'MOV_5034838'),
('KW_3346', 'MOV_5034838'),
('KW_4307', 'MOV_5034838'),
('KW_4308', 'MOV_5034838'),
('KW_4309', 'MOV_5034838'),
('KW_4310', 'MOV_5034838'),
('KW_4311', 'MOV_5034838'),
('KW_4312', 'MOV_5034838'),
('KW_4313', 'MOV_5034838'),
('KW_4314', 'MOV_5034838'),
('KW_3438', 'MOV_5034838'),
('KW_3439', 'MOV_5034838'),
('KW_4315', 'MOV_5034838'),
('KW_4316', 'MOV_5034838'),
('KW_4317', 'MOV_5034838'),
('KW_4318', 'MOV_5034838'),
('KW_4319', 'MOV_5034838'),
('KW_4320', 'MOV_5034838'),
('KW_4321', 'MOV_5034838'),
('KW_4322', 'MOV_5034838'),
('KW_4323', 'MOV_5034838'),
('KW_4324', 'MOV_5034838'),
('KW_4325', 'MOV_5034838'),
('KW_2484', 'MOV_5034838'),
('KW_1953', 'MOV_5034838'),
('KW_2052', 'MOV_5034838'),
('KW_4326', 'MOV_5034838'),
('KW_4327', 'MOV_5034838'),
('KW_4328', 'MOV_5034838'),
('KW_4329', 'MOV_5034838'),
('KW_4330', 'MOV_5034838'),
('KW_4331', 'MOV_5034838'),
('KW_4332', 'MOV_5034838'),
('KW_4333', 'MOV_5034838'),
('KW_4334', 'MOV_5034838'),
('KW_4335', 'MOV_5034838'),
('KW_4336', 'MOV_5034838'),
('KW_4337', 'MOV_5034838'),
('KW_4338', 'MOV_5034838'),
('KW_4339', 'MOV_5034838'),
('KW_3916', 'MOV_5034838'),
('KW_4340', 'MOV_5034838'),
('KW_2109', 'MOV_5034838'),
('KW_4341', 'MOV_5034838'),
('KW_4342', 'MOV_5034838'),
('KW_4343', 'MOV_5034838'),
('KW_4344', 'MOV_5034838'),
('KW_4345', 'MOV_5034838'),
('KW_4346', 'MOV_5034838'),
('KW_4347', 'MOV_5034838'),
('KW_4348', 'MOV_5034838'),
('KW_4349', 'MOV_5034838'),
('KW_4567', 'MOV_0293429'),
('KW_4568', 'MOV_0293429'),
('KW_4569', 'MOV_0293429'),
('KW_4570', 'MOV_0293429'),
('KW_2731', 'MOV_0293429'),
('KW_4571', 'MOV_0293429'),
('KW_2143', 'MOV_0293429'),
('KW_4572', 'MOV_0293429'),
('KW_4573', 'MOV_0293429'),
('KW_4574', 'MOV_0293429'),
('KW_4575', 'MOV_0293429'),
('KW_3402', 'MOV_0293429'),
('KW_4576', 'MOV_0293429'),
('KW_4577', 'MOV_0293429'),
('KW_4578', 'MOV_0293429'),
('KW_4579', 'MOV_0293429'),
('KW_2187', 'MOV_0293429'),
('KW_2282', 'MOV_0293429'),
('KW_4580', 'MOV_0293429'),
('KW_4581', 'MOV_0293429'),
('KW_4582', 'MOV_0293429'),
('KW_2764', 'MOV_0293429'),
('KW_4583', 'MOV_0293429'),
('KW_4584', 'MOV_0293429'),
('KW_3473', 'MOV_0293429'),
('KW_3680', 'MOV_0293429'),
('KW_2272', 'MOV_0293429'),
('KW_1992', 'MOV_0293429'),
('KW_4585', 'MOV_0293429'),
('KW_4586', 'MOV_0293429'),
('KW_4587', 'MOV_0293429'),
('KW_4588', 'MOV_0293429'),
('KW_4589', 'MOV_0293429'),
('KW_4590', 'MOV_0293429'),
('KW_4591', 'MOV_0293429'),
('KW_4592', 'MOV_0293429'),
('KW_4593', 'MOV_0293429'),
('KW_4594', 'MOV_0293429'),
('KW_4595', 'MOV_0293429'),
('KW_4596', 'MOV_0293429'),
('KW_4597', 'MOV_0293429'),
('KW_4598', 'MOV_0293429'),
('KW_4599', 'MOV_0293429'),
('KW_4600', 'MOV_0293429'),
('KW_4601', 'MOV_0293429'),
('KW_4602', 'MOV_0293429'),
('KW_4603', 'MOV_0293429'),
('KW_4604', 'MOV_0293429'),
('KW_3486', 'MOV_0293429'),
('KW_3439', 'MOV_0293429'),
('KW_3438', 'MOV_0293429'),
('KW_3616', 'MOV_0293429'),
('KW_4605', 'MOV_0293429'),
('KW_4606', 'MOV_0293429'),
('KW_2190', 'MOV_0293429'),
('KW_4607', 'MOV_0293429'),
('KW_4608', 'MOV_0293429'),
('KW_3095', 'MOV_0293429'),
('KW_4609', 'MOV_0293429'),
('KW_4610', 'MOV_0293429'),
('KW_4611', 'MOV_0293429'),
('KW_3448', 'MOV_0293429'),
('KW_2510', 'MOV_0293429'),
('KW_4612', 'MOV_0293429'),
('KW_3780', 'MOV_0293429'),
('KW_4613', 'MOV_0293429'),
('KW_4614', 'MOV_0293429'),
('KW_3209', 'MOV_0293429'),
('KW_3918', 'MOV_0293429'),
('KW_4615', 'MOV_0293429'),
('KW_3471', 'MOV_0293429'),
('KW_3470', 'MOV_0293429'),
('KW_4567', 'MOV_0293429'),
('KW_4568', 'MOV_0293429'),
('KW_4569', 'MOV_0293429'),
('KW_4570', 'MOV_0293429'),
('KW_2731', 'MOV_0293429'),
('KW_4571', 'MOV_0293429'),
('KW_2143', 'MOV_0293429'),
('KW_4572', 'MOV_0293429'),
('KW_4573', 'MOV_0293429'),
('KW_4574', 'MOV_0293429'),
('KW_4575', 'MOV_0293429'),
('KW_3402', 'MOV_0293429'),
('KW_4576', 'MOV_0293429'),
('KW_4577', 'MOV_0293429'),
('KW_4578', 'MOV_0293429'),
('KW_4579', 'MOV_0293429'),
('KW_2187', 'MOV_0293429'),
('KW_2282', 'MOV_0293429'),
('KW_4580', 'MOV_0293429'),
('KW_4581', 'MOV_0293429'),
('KW_4582', 'MOV_0293429'),
('KW_2764', 'MOV_0293429'),
('KW_4583', 'MOV_0293429'),
('KW_4584', 'MOV_0293429'),
('KW_3473', 'MOV_0293429'),
('KW_3680', 'MOV_0293429'),
('KW_2272', 'MOV_0293429'),
('KW_1992', 'MOV_0293429'),
('KW_4585', 'MOV_0293429'),
('KW_4586', 'MOV_0293429'),
('KW_4587', 'MOV_0293429'),
('KW_4588', 'MOV_0293429'),
('KW_4589', 'MOV_0293429'),
('KW_4590', 'MOV_0293429'),
('KW_4591', 'MOV_0293429'),
('KW_4592', 'MOV_0293429'),
('KW_4593', 'MOV_0293429'),
('KW_4594', 'MOV_0293429'),
('KW_4595', 'MOV_0293429'),
('KW_4596', 'MOV_0293429'),
('KW_4597', 'MOV_0293429'),
('KW_4598', 'MOV_0293429'),
('KW_4599', 'MOV_0293429'),
('KW_4600', 'MOV_0293429'),
('KW_4601', 'MOV_0293429'),
('KW_4602', 'MOV_0293429'),
('KW_4603', 'MOV_0293429'),
('KW_4604', 'MOV_0293429'),
('KW_3486', 'MOV_0293429'),
('KW_3439', 'MOV_0293429'),
('KW_3438', 'MOV_0293429'),
('KW_3616', 'MOV_0293429'),
('KW_4605', 'MOV_0293429'),
('KW_4606', 'MOV_0293429'),
('KW_2190', 'MOV_0293429'),
('KW_4607', 'MOV_0293429'),
('KW_4608', 'MOV_0293429'),
('KW_3095', 'MOV_0293429'),
('KW_4609', 'MOV_0293429'),
('KW_4610', 'MOV_0293429'),
('KW_4611', 'MOV_0293429'),
('KW_3448', 'MOV_0293429'),
('KW_2510', 'MOV_0293429'),
('KW_4612', 'MOV_0293429'),
('KW_3780', 'MOV_0293429'),
('KW_4613', 'MOV_0293429'),
('KW_4614', 'MOV_0293429'),
('KW_3209', 'MOV_0293429'),
('KW_3918', 'MOV_0293429'),
('KW_4615', 'MOV_0293429'),
('KW_3471', 'MOV_0293429'),
('KW_3470', 'MOV_0293429'),
('KW_4567', 'MOV_0293429'),
('KW_4568', 'MOV_0293429'),
('KW_4569', 'MOV_0293429'),
('KW_4570', 'MOV_0293429'),
('KW_2731', 'MOV_0293429'),
('KW_4571', 'MOV_0293429'),
('KW_2143', 'MOV_0293429'),
('KW_4572', 'MOV_0293429'),
('KW_4573', 'MOV_0293429'),
('KW_4574', 'MOV_0293429'),
('KW_4575', 'MOV_0293429'),
('KW_3402', 'MOV_0293429'),
('KW_4576', 'MOV_0293429'),
('KW_4577', 'MOV_0293429'),
('KW_4578', 'MOV_0293429'),
('KW_4579', 'MOV_0293429'),
('KW_2187', 'MOV_0293429'),
('KW_2282', 'MOV_0293429'),
('KW_4580', 'MOV_0293429'),
('KW_4581', 'MOV_0293429'),
('KW_4582', 'MOV_0293429'),
('KW_2764', 'MOV_0293429'),
('KW_4583', 'MOV_0293429'),
('KW_4584', 'MOV_0293429'),
('KW_3473', 'MOV_0293429'),
('KW_3680', 'MOV_0293429'),
('KW_2272', 'MOV_0293429'),
('KW_1992', 'MOV_0293429'),
('KW_4585', 'MOV_0293429'),
('KW_4586', 'MOV_0293429'),
('KW_4587', 'MOV_0293429'),
('KW_4588', 'MOV_0293429'),
('KW_4589', 'MOV_0293429'),
('KW_4590', 'MOV_0293429'),
('KW_4591', 'MOV_0293429'),
('KW_4592', 'MOV_0293429'),
('KW_4593', 'MOV_0293429'),
('KW_4594', 'MOV_0293429'),
('KW_4595', 'MOV_0293429'),
('KW_4596', 'MOV_0293429'),
('KW_4597', 'MOV_0293429'),
('KW_4598', 'MOV_0293429'),
('KW_4599', 'MOV_0293429'),
('KW_4600', 'MOV_0293429'),
('KW_4601', 'MOV_0293429'),
('KW_4602', 'MOV_0293429'),
('KW_4603', 'MOV_0293429'),
('KW_4604', 'MOV_0293429'),
('KW_3486', 'MOV_0293429'),
('KW_3439', 'MOV_0293429'),
('KW_3438', 'MOV_0293429'),
('KW_3616', 'MOV_0293429'),
('KW_4605', 'MOV_0293429'),
('KW_4606', 'MOV_0293429'),
('KW_2190', 'MOV_0293429'),
('KW_4607', 'MOV_0293429'),
('KW_4608', 'MOV_0293429'),
('KW_3095', 'MOV_0293429'),
('KW_4609', 'MOV_0293429'),
('KW_4610', 'MOV_0293429'),
('KW_4611', 'MOV_0293429'),
('KW_3448', 'MOV_0293429'),
('KW_2510', 'MOV_0293429'),
('KW_4612', 'MOV_0293429'),
('KW_3780', 'MOV_0293429'),
('KW_4613', 'MOV_0293429'),
('KW_4614', 'MOV_0293429'),
('KW_3209', 'MOV_0293429'),
('KW_3918', 'MOV_0293429'),
('KW_4615', 'MOV_0293429'),
('KW_3471', 'MOV_0293429'),
('KW_3470', 'MOV_0293429'),
('KW_4567', 'MOV_0293429'),
('KW_4568', 'MOV_0293429'),
('KW_4569', 'MOV_0293429'),
('KW_4570', 'MOV_0293429'),
('KW_2731', 'MOV_0293429'),
('KW_4571', 'MOV_0293429'),
('KW_2143', 'MOV_0293429'),
('KW_4572', 'MOV_0293429'),
('KW_4573', 'MOV_0293429'),
('KW_4574', 'MOV_0293429'),
('KW_4575', 'MOV_0293429'),
('KW_3402', 'MOV_0293429'),
('KW_4576', 'MOV_0293429'),
('KW_4577', 'MOV_0293429'),
('KW_4578', 'MOV_0293429'),
('KW_4579', 'MOV_0293429'),
('KW_2187', 'MOV_0293429'),
('KW_2282', 'MOV_0293429'),
('KW_4580', 'MOV_0293429'),
('KW_4581', 'MOV_0293429'),
('KW_4582', 'MOV_0293429'),
('KW_2764', 'MOV_0293429'),
('KW_4583', 'MOV_0293429'),
('KW_4584', 'MOV_0293429'),
('KW_3473', 'MOV_0293429'),
('KW_3680', 'MOV_0293429'),
('KW_2272', 'MOV_0293429'),
('KW_1992', 'MOV_0293429'),
('KW_4585', 'MOV_0293429'),
('KW_4586', 'MOV_0293429'),
('KW_4587', 'MOV_0293429'),
('KW_4588', 'MOV_0293429'),
('KW_4589', 'MOV_0293429'),
('KW_4590', 'MOV_0293429'),
('KW_4591', 'MOV_0293429'),
('KW_4592', 'MOV_0293429'),
('KW_4593', 'MOV_0293429'),
('KW_4594', 'MOV_0293429'),
('KW_4595', 'MOV_0293429'),
('KW_4596', 'MOV_0293429'),
('KW_4597', 'MOV_0293429'),
('KW_4598', 'MOV_0293429'),
('KW_4599', 'MOV_0293429'),
('KW_4600', 'MOV_0293429'),
('KW_4601', 'MOV_0293429'),
('KW_4602', 'MOV_0293429'),
('KW_4603', 'MOV_0293429'),
('KW_4604', 'MOV_0293429'),
('KW_3486', 'MOV_0293429'),
('KW_3439', 'MOV_0293429'),
('KW_3438', 'MOV_0293429'),
('KW_3616', 'MOV_0293429'),
('KW_4605', 'MOV_0293429'),
('KW_4606', 'MOV_0293429'),
('KW_2190', 'MOV_0293429'),
('KW_4607', 'MOV_0293429'),
('KW_4608', 'MOV_0293429'),
('KW_3095', 'MOV_0293429'),
('KW_4609', 'MOV_0293429'),
('KW_4610', 'MOV_0293429'),
('KW_4611', 'MOV_0293429'),
('KW_3448', 'MOV_0293429'),
('KW_2510', 'MOV_0293429'),
('KW_4612', 'MOV_0293429'),
('KW_3780', 'MOV_0293429'),
('KW_4613', 'MOV_0293429'),
('KW_4614', 'MOV_0293429'),
('KW_3209', 'MOV_0293429'),
('KW_3918', 'MOV_0293429'),
('KW_4615', 'MOV_0293429'),
('KW_3471', 'MOV_0293429'),
('KW_3470', 'MOV_0293429'),
('KW_4567', 'MOV_0293429'),
('KW_4568', 'MOV_0293429'),
('KW_4569', 'MOV_0293429'),
('KW_4570', 'MOV_0293429'),
('KW_2731', 'MOV_0293429'),
('KW_4571', 'MOV_0293429'),
('KW_2143', 'MOV_0293429'),
('KW_4572', 'MOV_0293429'),
('KW_4573', 'MOV_0293429'),
('KW_4574', 'MOV_0293429'),
('KW_4575', 'MOV_0293429'),
('KW_3402', 'MOV_0293429'),
('KW_4576', 'MOV_0293429'),
('KW_4577', 'MOV_0293429'),
('KW_4578', 'MOV_0293429'),
('KW_4579', 'MOV_0293429'),
('KW_2187', 'MOV_0293429'),
('KW_2282', 'MOV_0293429'),
('KW_4580', 'MOV_0293429'),
('KW_4581', 'MOV_0293429'),
('KW_4582', 'MOV_0293429'),
('KW_2764', 'MOV_0293429'),
('KW_4583', 'MOV_0293429'),
('KW_4584', 'MOV_0293429'),
('KW_3473', 'MOV_0293429'),
('KW_3680', 'MOV_0293429'),
('KW_2272', 'MOV_0293429'),
('KW_1992', 'MOV_0293429'),
('KW_4585', 'MOV_0293429'),
('KW_4586', 'MOV_0293429'),
('KW_4587', 'MOV_0293429'),
('KW_4588', 'MOV_0293429'),
('KW_4589', 'MOV_0293429'),
('KW_4590', 'MOV_0293429'),
('KW_4591', 'MOV_0293429'),
('KW_4592', 'MOV_0293429'),
('KW_4593', 'MOV_0293429'),
('KW_4594', 'MOV_0293429'),
('KW_4595', 'MOV_0293429'),
('KW_4596', 'MOV_0293429'),
('KW_4597', 'MOV_0293429'),
('KW_4598', 'MOV_0293429'),
('KW_4599', 'MOV_0293429'),
('KW_4600', 'MOV_0293429'),
('KW_4601', 'MOV_0293429'),
('KW_4602', 'MOV_0293429'),
('KW_4603', 'MOV_0293429'),
('KW_4604', 'MOV_0293429'),
('KW_3486', 'MOV_0293429'),
('KW_3439', 'MOV_0293429'),
('KW_3438', 'MOV_0293429'),
('KW_3616', 'MOV_0293429'),
('KW_4605', 'MOV_0293429'),
('KW_4606', 'MOV_0293429'),
('KW_2190', 'MOV_0293429'),
('KW_4607', 'MOV_0293429'),
('KW_4608', 'MOV_0293429'),
('KW_3095', 'MOV_0293429'),
('KW_4609', 'MOV_0293429'),
('KW_4610', 'MOV_0293429'),
('KW_4611', 'MOV_0293429'),
('KW_3448', 'MOV_0293429'),
('KW_2510', 'MOV_0293429'),
('KW_4612', 'MOV_0293429'),
('KW_3780', 'MOV_0293429'),
('KW_4613', 'MOV_0293429'),
('KW_4614', 'MOV_0293429'),
('KW_3209', 'MOV_0293429'),
('KW_3918', 'MOV_0293429'),
('KW_4615', 'MOV_0293429'),
('KW_3471', 'MOV_0293429'),
('KW_3470', 'MOV_0293429'),
('KW_4567', 'MOV_0113855'),
('KW_4315', 'MOV_0113855'),
('KW_4616', 'MOV_0113855'),
('KW_4299', 'MOV_0113855'),
('KW_4617', 'MOV_0113855'),
('KW_3747', 'MOV_0113855'),
('KW_2672', 'MOV_0113855'),
('KW_2127', 'MOV_0113855'),
('KW_2673', 'MOV_0113855'),
('KW_4618', 'MOV_0113855'),
('KW_4619', 'MOV_0113855'),
('KW_4620', 'MOV_0113855'),
('KW_2282', 'MOV_0113855'),
('KW_4571', 'MOV_0113855'),
('KW_2500', 'MOV_0113855'),
('KW_4621', 'MOV_0113855'),
('KW_4622', 'MOV_0113855'),
('KW_4141', 'MOV_0113855'),
('KW_4623', 'MOV_0113855'),
('KW_4624', 'MOV_0113855'),
('KW_3536', 'MOV_0113855'),
('KW_4625', 'MOV_0113855'),
('KW_4626', 'MOV_0113855'),
('KW_3475', 'MOV_0113855'),
('KW_4575', 'MOV_0113855'),
('KW_4627', 'MOV_0113855'),
('KW_2141', 'MOV_0113855'),
('KW_4628', 'MOV_0113855'),
('KW_2024', 'MOV_0113855'),
('KW_2823', 'MOV_0113855'),
('KW_3622', 'MOV_0113855'),
('KW_4572', 'MOV_0113855'),
('KW_3470', 'MOV_0113855'),
('KW_4629', 'MOV_0113855'),
('KW_4630', 'MOV_0113855'),
('KW_4631', 'MOV_0113855'),
('KW_3485', 'MOV_0113855'),
('KW_2249', 'MOV_0113855'),
('KW_2191', 'MOV_0113855'),
('KW_3238', 'MOV_0113855'),
('KW_4632', 'MOV_0113855'),
('KW_4633', 'MOV_0113855'),
('KW_3721', 'MOV_0113855'),
('KW_3755', 'MOV_0113855'),
('KW_2056', 'MOV_0113855'),
('KW_4634', 'MOV_0113855'),
('KW_4635', 'MOV_0113855'),
('KW_3763', 'MOV_0113855'),
('KW_3670', 'MOV_0113855'),
('KW_4636', 'MOV_0113855'),
('KW_3131', 'MOV_0113855'),
('KW_4637', 'MOV_0113855'),
('KW_4638', 'MOV_0113855'),
('KW_4639', 'MOV_0113855'),
('KW_3443', 'MOV_0113855'),
('KW_2227', 'MOV_0113855'),
('KW_2942', 'MOV_0113855'),
('KW_4640', 'MOV_0113855'),
('KW_3702', 'MOV_0113855'),
('KW_4641', 'MOV_0113855'),
('KW_3680', 'MOV_0113855'),
('KW_3474', 'MOV_0113855'),
('KW_3473', 'MOV_0113855'),
('KW_3460', 'MOV_0113855'),
('KW_3399', 'MOV_0113855'),
('KW_2228', 'MOV_0113855'),
('KW_2187', 'MOV_0113855'),
('KW_3484', 'MOV_0113855'),
('KW_4642', 'MOV_0113855'),
('KW_4643', 'MOV_0113855'),
('KW_4644', 'MOV_0113855'),
('KW_4645', 'MOV_0113855'),
('KW_4646', 'MOV_0113855'),
('KW_4577', 'MOV_0113855'),
('KW_2143', 'MOV_0113855'),
('KW_4568', 'MOV_0113855'),
('KW_3766', 'MOV_0113855'),
('KW_4647', 'MOV_0113855'),
('KW_4648', 'MOV_0113855'),
('KW_3427', 'MOV_0113855'),
('KW_3616', 'MOV_0113855'),
('KW_4649', 'MOV_0113855'),
('KW_4650', 'MOV_0113855'),
('KW_4651', 'MOV_0113855'),
('KW_4652', 'MOV_0113855'),
('KW_4653', 'MOV_0113855'),
('KW_4654', 'MOV_0113855'),
('KW_1938', 'MOV_0113855'),
('KW_4655', 'MOV_0113855'),
('KW_4656', 'MOV_0113855'),
('KW_3625', 'MOV_0113855'),
('KW_4446', 'MOV_0113855'),
('KW_2055', 'MOV_0113855'),
('KW_4657', 'MOV_0113855'),
('KW_4658', 'MOV_0113855'),
('KW_4659', 'MOV_0113855'),
('KW_4660', 'MOV_0113855'),
('KW_4661', 'MOV_0113855'),
('KW_4543', 'MOV_0113855'),
('KW_2171', 'MOV_0113855'),
('KW_4567', 'MOV_0113855'),
('KW_4315', 'MOV_0113855'),
('KW_4616', 'MOV_0113855'),
('KW_4299', 'MOV_0113855'),
('KW_4567', 'MOV_0113855'),
('KW_4315', 'MOV_0113855'),
('KW_4616', 'MOV_0113855'),
('KW_4299', 'MOV_0113855'),
('KW_4567', 'MOV_0113855'),
('KW_4315', 'MOV_0113855'),
('KW_4616', 'MOV_0113855'),
('KW_4299', 'MOV_0113855'),
('KW_4567', 'MOV_0113855'),
('KW_4315', 'MOV_0113855'),
('KW_4616', 'MOV_0113855'),
('KW_4299', 'MOV_0113855'),
('KW_4662', 'MOV_10121392'),
('KW_4663', 'MOV_10121392'),
('KW_4664', 'MOV_10121392'),
('KW_4665', 'MOV_10121392'),
('KW_4666', 'MOV_10121392'),
('KW_4667', 'MOV_10121392'),
('KW_4668', 'MOV_10121392'),
('KW_4669', 'MOV_10121392'),
('KW_3929', 'MOV_10121392'),
('KW_3753', 'MOV_10121392'),
('KW_4670', 'MOV_10121392'),
('KW_4671', 'MOV_10121392'),
('KW_4672', 'MOV_10121392'),
('KW_2753', 'MOV_10121392'),
('KW_4673', 'MOV_10121392'),
('KW_2303', 'MOV_10121392'),
('KW_4674', 'MOV_10121392'),
('KW_4675', 'MOV_10121392'),
('KW_4676', 'MOV_10121392'),
('KW_2560', 'MOV_10121392'),
('KW_4677', 'MOV_10121392'),
('KW_4678', 'MOV_10121392'),
('KW_4679', 'MOV_10121392'),
('KW_3535', 'MOV_10121392'),
('KW_4680', 'MOV_10121392'),
('KW_4681', 'MOV_10121392'),
('KW_4682', 'MOV_10121392'),
('KW_4683', 'MOV_10121392'),
('KW_4684', 'MOV_10121392'),
('KW_4685', 'MOV_10121392'),
('KW_3916', 'MOV_10121392'),
('KW_4686', 'MOV_10121392'),
('KW_4687', 'MOV_10121392'),
('KW_3695', 'MOV_10121392'),
('KW_4688', 'MOV_10121392'),
('KW_4689', 'MOV_10121392'),
('KW_4690', 'MOV_10121392'),
('KW_3828', 'MOV_10121392'),
('KW_3730', 'MOV_10121392'),
('KW_4691', 'MOV_10121392'),
('KW_4692', 'MOV_10121392'),
('KW_4693', 'MOV_10121392'),
('KW_4694', 'MOV_10121392'),
('KW_3360', 'MOV_10121392'),
('KW_4695', 'MOV_10121392'),
('KW_3969', 'MOV_10121392'),
('KW_4696', 'MOV_10121392'),
('KW_2552', 'MOV_10121392'),
('KW_4697', 'MOV_10121392'),
('KW_3402', 'MOV_10121392'),
('KW_3540', 'MOV_10121392'),
('KW_4698', 'MOV_10121392'),
('KW_2051', 'MOV_10121392'),
('KW_4699', 'MOV_10121392'),
('KW_4487', 'MOV_10121392'),
('KW_4662', 'MOV_10121392'),
('KW_4663', 'MOV_10121392'),
('KW_4664', 'MOV_10121392'),
('KW_4665', 'MOV_10121392'),
('KW_4666', 'MOV_10121392'),
('KW_4667', 'MOV_10121392'),
('KW_4668', 'MOV_10121392'),
('KW_4669', 'MOV_10121392'),
('KW_3929', 'MOV_10121392'),
('KW_3753', 'MOV_10121392'),
('KW_4670', 'MOV_10121392'),
('KW_4671', 'MOV_10121392'),
('KW_4672', 'MOV_10121392'),
('KW_2753', 'MOV_10121392'),
('KW_4673', 'MOV_10121392'),
('KW_2303', 'MOV_10121392'),
('KW_4674', 'MOV_10121392'),
('KW_4675', 'MOV_10121392'),
('KW_4676', 'MOV_10121392'),
('KW_2560', 'MOV_10121392'),
('KW_4677', 'MOV_10121392'),
('KW_4678', 'MOV_10121392'),
('KW_4679', 'MOV_10121392'),
('KW_3535', 'MOV_10121392'),
('KW_4680', 'MOV_10121392'),
('KW_4681', 'MOV_10121392'),
('KW_4682', 'MOV_10121392'),
('KW_4683', 'MOV_10121392'),
('KW_4684', 'MOV_10121392'),
('KW_4685', 'MOV_10121392'),
('KW_3916', 'MOV_10121392'),
('KW_4686', 'MOV_10121392'),
('KW_4687', 'MOV_10121392'),
('KW_3695', 'MOV_10121392'),
('KW_4688', 'MOV_10121392'),
('KW_4689', 'MOV_10121392'),
('KW_4690', 'MOV_10121392'),
('KW_3828', 'MOV_10121392'),
('KW_3730', 'MOV_10121392'),
('KW_4691', 'MOV_10121392'),
('KW_4692', 'MOV_10121392'),
('KW_4693', 'MOV_10121392'),
('KW_4694', 'MOV_10121392'),
('KW_3360', 'MOV_10121392'),
('KW_4695', 'MOV_10121392'),
('KW_3969', 'MOV_10121392'),
('KW_4696', 'MOV_10121392'),
('KW_2552', 'MOV_10121392'),
('KW_4697', 'MOV_10121392'),
('KW_3402', 'MOV_10121392'),
('KW_3540', 'MOV_10121392'),
('KW_4698', 'MOV_10121392'),
('KW_2051', 'MOV_10121392'),
('KW_4699', 'MOV_10121392'),
('KW_4487', 'MOV_10121392'),
('KW_4662', 'MOV_10121392'),
('KW_4663', 'MOV_10121392'),
('KW_4664', 'MOV_10121392'),
('KW_4665', 'MOV_10121392'),
('KW_4666', 'MOV_10121392'),
('KW_4667', 'MOV_10121392'),
('KW_4668', 'MOV_10121392'),
('KW_4669', 'MOV_10121392'),
('KW_3929', 'MOV_10121392'),
('KW_3753', 'MOV_10121392'),
('KW_4670', 'MOV_10121392'),
('KW_4671', 'MOV_10121392'),
('KW_4672', 'MOV_10121392'),
('KW_2753', 'MOV_10121392'),
('KW_4673', 'MOV_10121392'),
('KW_2303', 'MOV_10121392'),
('KW_4674', 'MOV_10121392'),
('KW_4675', 'MOV_10121392'),
('KW_4676', 'MOV_10121392'),
('KW_2560', 'MOV_10121392'),
('KW_4677', 'MOV_10121392'),
('KW_4678', 'MOV_10121392'),
('KW_4679', 'MOV_10121392'),
('KW_3535', 'MOV_10121392'),
('KW_4680', 'MOV_10121392'),
('KW_4681', 'MOV_10121392'),
('KW_4682', 'MOV_10121392'),
('KW_4683', 'MOV_10121392'),
('KW_4684', 'MOV_10121392'),
('KW_4685', 'MOV_10121392'),
('KW_3916', 'MOV_10121392'),
('KW_4686', 'MOV_10121392'),
('KW_4687', 'MOV_10121392'),
('KW_3695', 'MOV_10121392'),
('KW_4688', 'MOV_10121392'),
('KW_4689', 'MOV_10121392'),
('KW_4690', 'MOV_10121392'),
('KW_3828', 'MOV_10121392'),
('KW_3730', 'MOV_10121392'),
('KW_4691', 'MOV_10121392'),
('KW_4692', 'MOV_10121392'),
('KW_4693', 'MOV_10121392'),
('KW_4694', 'MOV_10121392'),
('KW_3360', 'MOV_10121392'),
('KW_4695', 'MOV_10121392'),
('KW_3969', 'MOV_10121392'),
('KW_4696', 'MOV_10121392'),
('KW_2552', 'MOV_10121392'),
('KW_4697', 'MOV_10121392'),
('KW_3402', 'MOV_10121392'),
('KW_3540', 'MOV_10121392'),
('KW_4698', 'MOV_10121392'),
('KW_2051', 'MOV_10121392'),
('KW_4699', 'MOV_10121392'),
('KW_4487', 'MOV_10121392'),
('KW_4662', 'MOV_10121392'),
('KW_4663', 'MOV_10121392'),
('KW_4664', 'MOV_10121392'),
('KW_4665', 'MOV_10121392'),
('KW_4666', 'MOV_10121392'),
('KW_4667', 'MOV_10121392'),
('KW_4668', 'MOV_10121392'),
('KW_4669', 'MOV_10121392'),
('KW_3929', 'MOV_10121392'),
('KW_3753', 'MOV_10121392'),
('KW_4670', 'MOV_10121392'),
('KW_4671', 'MOV_10121392'),
('KW_4672', 'MOV_10121392'),
('KW_2753', 'MOV_10121392'),
('KW_4673', 'MOV_10121392'),
('KW_2303', 'MOV_10121392'),
('KW_4674', 'MOV_10121392'),
('KW_4675', 'MOV_10121392'),
('KW_4676', 'MOV_10121392'),
('KW_2560', 'MOV_10121392'),
('KW_4677', 'MOV_10121392'),
('KW_4678', 'MOV_10121392'),
('KW_4679', 'MOV_10121392'),
('KW_3535', 'MOV_10121392'),
('KW_4680', 'MOV_10121392'),
('KW_4681', 'MOV_10121392'),
('KW_4682', 'MOV_10121392'),
('KW_4683', 'MOV_10121392'),
('KW_4684', 'MOV_10121392'),
('KW_4685', 'MOV_10121392'),
('KW_3916', 'MOV_10121392'),
('KW_4686', 'MOV_10121392'),
('KW_4687', 'MOV_10121392'),
('KW_3695', 'MOV_10121392'),
('KW_4688', 'MOV_10121392'),
('KW_4689', 'MOV_10121392'),
('KW_4690', 'MOV_10121392'),
('KW_3828', 'MOV_10121392'),
('KW_3730', 'MOV_10121392'),
('KW_4691', 'MOV_10121392'),
('KW_4692', 'MOV_10121392'),
('KW_4693', 'MOV_10121392'),
('KW_4694', 'MOV_10121392'),
('KW_3360', 'MOV_10121392'),
('KW_4695', 'MOV_10121392'),
('KW_3969', 'MOV_10121392'),
('KW_4696', 'MOV_10121392'),
('KW_2552', 'MOV_10121392'),
('KW_4697', 'MOV_10121392'),
('KW_3402', 'MOV_10121392'),
('KW_3540', 'MOV_10121392'),
('KW_4698', 'MOV_10121392'),
('KW_2051', 'MOV_10121392'),
('KW_4699', 'MOV_10121392'),
('KW_4487', 'MOV_10121392'),
('KW_4662', 'MOV_10121392'),
('KW_4663', 'MOV_10121392'),
('KW_4664', 'MOV_10121392'),
('KW_4665', 'MOV_10121392'),
('KW_4666', 'MOV_10121392'),
('KW_4667', 'MOV_10121392'),
('KW_4668', 'MOV_10121392'),
('KW_4669', 'MOV_10121392'),
('KW_3929', 'MOV_10121392'),
('KW_3753', 'MOV_10121392'),
('KW_4670', 'MOV_10121392'),
('KW_4671', 'MOV_10121392'),
('KW_4672', 'MOV_10121392'),
('KW_2753', 'MOV_10121392'),
('KW_4673', 'MOV_10121392'),
('KW_2303', 'MOV_10121392'),
('KW_4674', 'MOV_10121392'),
('KW_4675', 'MOV_10121392'),
('KW_4676', 'MOV_10121392'),
('KW_2560', 'MOV_10121392'),
('KW_4677', 'MOV_10121392'),
('KW_4678', 'MOV_10121392'),
('KW_4679', 'MOV_10121392'),
('KW_3535', 'MOV_10121392'),
('KW_4680', 'MOV_10121392'),
('KW_4681', 'MOV_10121392'),
('KW_4682', 'MOV_10121392'),
('KW_4683', 'MOV_10121392'),
('KW_4684', 'MOV_10121392'),
('KW_4685', 'MOV_10121392'),
('KW_3916', 'MOV_10121392'),
('KW_4686', 'MOV_10121392'),
('KW_4687', 'MOV_10121392'),
('KW_3695', 'MOV_10121392'),
('KW_4688', 'MOV_10121392'),
('KW_4689', 'MOV_10121392'),
('KW_4690', 'MOV_10121392'),
('KW_3828', 'MOV_10121392'),
('KW_3730', 'MOV_10121392'),
('KW_4691', 'MOV_10121392'),
('KW_4692', 'MOV_10121392'),
('KW_4693', 'MOV_10121392'),
('KW_4694', 'MOV_10121392'),
('KW_3360', 'MOV_10121392'),
('KW_4695', 'MOV_10121392'),
('KW_3969', 'MOV_10121392'),
('KW_4696', 'MOV_10121392'),
('KW_2552', 'MOV_10121392'),
('KW_4697', 'MOV_10121392'),
('KW_3402', 'MOV_10121392'),
('KW_3540', 'MOV_10121392'),
('KW_4698', 'MOV_10121392'),
('KW_2051', 'MOV_10121392'),
('KW_4699', 'MOV_10121392'),
('KW_4487', 'MOV_10121392'),
('KW_1934', 'MOV_7979580'),
('KW_1950', 'MOV_7979580'),
('KW_3856', 'MOV_7979580'),
('KW_3857', 'MOV_7979580'),
('KW_4700', 'MOV_7979580'),
('KW_4701', 'MOV_7979580'),
('KW_4702', 'MOV_7979580'),
('KW_4703', 'MOV_7979580'),
('KW_4704', 'MOV_7979580'),
('KW_4705', 'MOV_7979580'),
('KW_4706', 'MOV_7979580'),
('KW_4707', 'MOV_7979580'),
('KW_3445', 'MOV_7979580'),
('KW_2298', 'MOV_7979580'),
('KW_2308', 'MOV_7979580'),
('KW_2301', 'MOV_7979580'),
('KW_2299', 'MOV_7979580'),
('KW_4708', 'MOV_7979580'),
('KW_4709', 'MOV_7979580'),
('KW_4710', 'MOV_7979580'),
('KW_4711', 'MOV_7979580'),
('KW_4712', 'MOV_7979580'),
('KW_4283', 'MOV_7979580'),
('KW_2302', 'MOV_7979580'),
('KW_2303', 'MOV_7979580'),
('KW_2300', 'MOV_7979580'),
('KW_4713', 'MOV_7979580'),
('KW_4566', 'MOV_7979580'),
('KW_1934', 'MOV_7979580'),
('KW_1950', 'MOV_7979580'),
('KW_3856', 'MOV_7979580'),
('KW_3857', 'MOV_7979580'),
('KW_4700', 'MOV_7979580'),
('KW_4701', 'MOV_7979580'),
('KW_4702', 'MOV_7979580'),
('KW_4703', 'MOV_7979580'),
('KW_4704', 'MOV_7979580'),
('KW_4705', 'MOV_7979580'),
('KW_4706', 'MOV_7979580'),
('KW_4707', 'MOV_7979580'),
('KW_3445', 'MOV_7979580'),
('KW_2298', 'MOV_7979580'),
('KW_2308', 'MOV_7979580'),
('KW_2301', 'MOV_7979580'),
('KW_2299', 'MOV_7979580'),
('KW_4708', 'MOV_7979580'),
('KW_4709', 'MOV_7979580'),
('KW_4710', 'MOV_7979580'),
('KW_4711', 'MOV_7979580'),
('KW_4712', 'MOV_7979580'),
('KW_4283', 'MOV_7979580'),
('KW_2302', 'MOV_7979580'),
('KW_2303', 'MOV_7979580'),
('KW_2300', 'MOV_7979580'),
('KW_4713', 'MOV_7979580'),
('KW_4566', 'MOV_7979580'),
('KW_1934', 'MOV_7979580'),
('KW_1950', 'MOV_7979580'),
('KW_3856', 'MOV_7979580'),
('KW_3857', 'MOV_7979580'),
('KW_4700', 'MOV_7979580'),
('KW_4701', 'MOV_7979580'),
('KW_4702', 'MOV_7979580'),
('KW_4703', 'MOV_7979580'),
('KW_4704', 'MOV_7979580'),
('KW_4705', 'MOV_7979580'),
('KW_4706', 'MOV_7979580'),
('KW_4707', 'MOV_7979580'),
('KW_3445', 'MOV_7979580'),
('KW_2298', 'MOV_7979580'),
('KW_2308', 'MOV_7979580'),
('KW_2301', 'MOV_7979580'),
('KW_2299', 'MOV_7979580'),
('KW_4708', 'MOV_7979580'),
('KW_4709', 'MOV_7979580'),
('KW_4710', 'MOV_7979580'),
('KW_4711', 'MOV_7979580'),
('KW_4712', 'MOV_7979580'),
('KW_4283', 'MOV_7979580'),
('KW_2302', 'MOV_7979580'),
('KW_2303', 'MOV_7979580'),
('KW_2300', 'MOV_7979580'),
('KW_4713', 'MOV_7979580'),
('KW_4566', 'MOV_7979580'),
('KW_1934', 'MOV_7979580'),
('KW_1950', 'MOV_7979580'),
('KW_3856', 'MOV_7979580'),
('KW_3857', 'MOV_7979580'),
('KW_4700', 'MOV_7979580'),
('KW_4701', 'MOV_7979580'),
('KW_4702', 'MOV_7979580'),
('KW_4703', 'MOV_7979580'),
('KW_4704', 'MOV_7979580'),
('KW_4705', 'MOV_7979580'),
('KW_4706', 'MOV_7979580'),
('KW_4707', 'MOV_7979580'),
('KW_3445', 'MOV_7979580'),
('KW_2298', 'MOV_7979580'),
('KW_2308', 'MOV_7979580'),
('KW_2301', 'MOV_7979580'),
('KW_2299', 'MOV_7979580'),
('KW_4708', 'MOV_7979580'),
('KW_4709', 'MOV_7979580'),
('KW_4710', 'MOV_7979580'),
('KW_4711', 'MOV_7979580'),
('KW_4712', 'MOV_7979580'),
('KW_4283', 'MOV_7979580'),
('KW_2302', 'MOV_7979580'),
('KW_2303', 'MOV_7979580'),
('KW_2300', 'MOV_7979580'),
('KW_4713', 'MOV_7979580'),
('KW_4566', 'MOV_7979580'),
('KW_1934', 'MOV_7979580'),
('KW_1950', 'MOV_7979580'),
('KW_3856', 'MOV_7979580'),
('KW_3857', 'MOV_7979580'),
('KW_4700', 'MOV_7979580'),
('KW_4701', 'MOV_7979580'),
('KW_4702', 'MOV_7979580'),
('KW_4703', 'MOV_7979580'),
('KW_4704', 'MOV_7979580'),
('KW_4705', 'MOV_7979580'),
('KW_4706', 'MOV_7979580'),
('KW_4707', 'MOV_7979580'),
('KW_3445', 'MOV_7979580'),
('KW_2298', 'MOV_7979580'),
('KW_2308', 'MOV_7979580'),
('KW_2301', 'MOV_7979580'),
('KW_2299', 'MOV_7979580'),
('KW_4708', 'MOV_7979580'),
('KW_4709', 'MOV_7979580'),
('KW_4710', 'MOV_7979580'),
('KW_4711', 'MOV_7979580'),
('KW_4712', 'MOV_7979580'),
('KW_4283', 'MOV_7979580'),
('KW_2302', 'MOV_7979580'),
('KW_2303', 'MOV_7979580'),
('KW_2300', 'MOV_7979580'),
('KW_4713', 'MOV_7979580'),
('KW_4566', 'MOV_7979580'),
('KW_4071', 'MOV_9784798'),
('KW_4101', 'MOV_9784798'),
('KW_4141', 'MOV_9784798'),
('KW_4714', 'MOV_9784798'),
('KW_4715', 'MOV_9784798'),
('KW_4070', 'MOV_9784798'),
('KW_1929', 'MOV_9784798'),
('KW_4117', 'MOV_9784798'),
('KW_4716', 'MOV_9784798'),
('KW_2854', 'MOV_9784798'),
('KW_4717', 'MOV_9784798'),
('KW_4718', 'MOV_9784798'),
('KW_4072', 'MOV_9784798'),
('KW_2399', 'MOV_9784798'),
('KW_4719', 'MOV_9784798'),
('KW_4720', 'MOV_9784798'),
('KW_4721', 'MOV_9784798'),
('KW_4722', 'MOV_9784798'),
('KW_4074', 'MOV_9784798'),
('KW_4723', 'MOV_9784798'),
('KW_4724', 'MOV_9784798'),
('KW_4725', 'MOV_9784798'),
('KW_3289', 'MOV_9784798'),
('KW_4726', 'MOV_9784798'),
('KW_4727', 'MOV_9784798'),
('KW_3848', 'MOV_9784798'),
('KW_4728', 'MOV_9784798'),
('KW_4729', 'MOV_9784798'),
('KW_4017', 'MOV_9784798'),
('KW_3885', 'MOV_9784798'),
('KW_4730', 'MOV_9784798'),
('KW_4731', 'MOV_9784798'),
('KW_4732', 'MOV_9784798'),
('KW_2302', 'MOV_9784798'),
('KW_4733', 'MOV_9784798'),
('KW_4734', 'MOV_9784798'),
('KW_3408', 'MOV_9784798'),
('KW_3927', 'MOV_9784798'),
('KW_3763', 'MOV_9784798'),
('KW_2143', 'MOV_9784798'),
('KW_4735', 'MOV_9784798'),
('KW_2688', 'MOV_9784798'),
('KW_3721', 'MOV_9784798'),
('KW_2764', 'MOV_9784798'),
('KW_4736', 'MOV_9784798'),
('KW_2511', 'MOV_9784798'),
('KW_4128', 'MOV_9784798'),
('KW_4059', 'MOV_9784798'),
('KW_4737', 'MOV_9784798'),
('KW_3192', 'MOV_9784798'),
('KW_4738', 'MOV_9784798'),
('KW_2901', 'MOV_9784798'),
('KW_4039', 'MOV_9784798'),
('KW_2321', 'MOV_9784798'),
('KW_4739', 'MOV_9784798'),
('KW_4157', 'MOV_9784798'),
('KW_4740', 'MOV_9784798'),
('KW_4083', 'MOV_9784798'),
('KW_2317', 'MOV_9784798'),
('KW_4202', 'MOV_9784798'),
('KW_4741', 'MOV_9784798'),
('KW_2327', 'MOV_9784798'),
('KW_2475', 'MOV_9784798'),
('KW_4742', 'MOV_9784798'),
('KW_3029', 'MOV_9784798'),
('KW_4743', 'MOV_9784798'),
('KW_3141', 'MOV_9784798'),
('KW_4198', 'MOV_9784798'),
('KW_4744', 'MOV_9784798'),
('KW_3968', 'MOV_9784798'),
('KW_2305', 'MOV_9784798'),
('KW_4745', 'MOV_9784798'),
('KW_4746', 'MOV_9784798'),
('KW_4747', 'MOV_9784798'),
('KW_2512', 'MOV_9784798'),
('KW_2520', 'MOV_9784798'),
('KW_4748', 'MOV_9784798'),
('KW_4749', 'MOV_9784798'),
('KW_4750', 'MOV_9784798'),
('KW_1969', 'MOV_9784798'),
('KW_4751', 'MOV_9784798'),
('KW_4752', 'MOV_9784798'),
('KW_2222', 'MOV_9784798'),
('KW_2369', 'MOV_9784798'),
('KW_4753', 'MOV_9784798'),
('KW_2051', 'MOV_9784798'),
('KW_1930', 'MOV_9784798'),
('KW_3293', 'MOV_9784798'),
('KW_4754', 'MOV_9784798'),
('KW_4755', 'MOV_9784798'),
('KW_2023', 'MOV_9784798'),
('KW_4756', 'MOV_9784798'),
('KW_2421', 'MOV_9784798'),
('KW_2422', 'MOV_9784798'),
('KW_3655', 'MOV_9784798'),
('KW_2020', 'MOV_9784798'),
('KW_4757', 'MOV_9784798'),
('KW_4758', 'MOV_9784798'),
('KW_2873', 'MOV_9784798'),
('KW_3406', 'MOV_9784798'),
('KW_4109', 'MOV_9784798'),
('KW_4759', 'MOV_9784798'),
('KW_4760', 'MOV_9784798'),
('KW_4761', 'MOV_9784798'),
('KW_4762', 'MOV_9784798'),
('KW_2970', 'MOV_9784798'),
('KW_4763', 'MOV_9784798'),
('KW_4764', 'MOV_9784798'),
('KW_4765', 'MOV_9784798'),
('KW_4766', 'MOV_9784798'),
('KW_4767', 'MOV_9784798'),
('KW_2200', 'MOV_9784798'),
('KW_2332', 'MOV_9784798'),
('KW_4768', 'MOV_9784798'),
('KW_4769', 'MOV_9784798'),
('KW_2730', 'MOV_9784798'),
('KW_4770', 'MOV_9784798'),
('KW_4771', 'MOV_9784798'),
('KW_4772', 'MOV_9784798'),
('KW_3482', 'MOV_9784798'),
('KW_4773', 'MOV_9784798'),
('KW_2024', 'MOV_9784798'),
('KW_4774', 'MOV_9784798'),
('KW_2552', 'MOV_9784798'),
('KW_4775', 'MOV_9784798'),
('KW_2116', 'MOV_9784798'),
('KW_4776', 'MOV_9784798'),
('KW_4185', 'MOV_9784798'),
('KW_4777', 'MOV_9784798'),
('KW_4778', 'MOV_9784798'),
('KW_4779', 'MOV_9784798'),
('KW_4780', 'MOV_9784798'),
('KW_2690', 'MOV_9784798'),
('KW_4781', 'MOV_9784798'),
('KW_4782', 'MOV_9784798'),
('KW_2334', 'MOV_9784798'),
('KW_2464', 'MOV_9784798'),
('KW_4783', 'MOV_9784798'),
('KW_2823', 'MOV_9784798'),
('KW_2300', 'MOV_9784798'),
('KW_2304', 'MOV_9784798'),
('KW_4784', 'MOV_9784798'),
('KW_3496', 'MOV_9784798'),
('KW_4785', 'MOV_9784798'),
('KW_4786', 'MOV_9784798'),
('KW_2418', 'MOV_9784798'),
('KW_4787', 'MOV_9784798'),
('KW_4162', 'MOV_9784798'),
('KW_4788', 'MOV_9784798'),
('KW_4789', 'MOV_9784798'),
('KW_3529', 'MOV_9784798'),
('KW_4790', 'MOV_9784798'),
('KW_4267', 'MOV_9784798'),
('KW_4791', 'MOV_9784798'),
('KW_4792', 'MOV_9784798'),
('KW_4793', 'MOV_9784798'),
('KW_4794', 'MOV_9784798'),
('KW_4795', 'MOV_9784798'),
('KW_4796', 'MOV_9784798'),
('KW_4797', 'MOV_9784798'),
('KW_2001', 'MOV_9784798'),
('KW_4798', 'MOV_9784798'),
('KW_4799', 'MOV_9784798'),
('KW_4800', 'MOV_9784798'),
('KW_4801', 'MOV_9784798'),
('KW_4802', 'MOV_9784798'),
('KW_4803', 'MOV_9784798'),
('KW_2906', 'MOV_9784798'),
('KW_3489', 'MOV_9784798'),
('KW_4804', 'MOV_9784798'),
('KW_4805', 'MOV_9784798'),
('KW_4806', 'MOV_9784798'),
('KW_4807', 'MOV_9784798'),
('KW_2510', 'MOV_9784798'),
('KW_4808', 'MOV_9784798'),
('KW_4809', 'MOV_9784798'),
('KW_2248', 'MOV_9784798'),
('KW_4099', 'MOV_9784798'),
('KW_4076', 'MOV_9784798'),
('KW_4810', 'MOV_9784798'),
('KW_4811', 'MOV_9784798'),
('KW_4812', 'MOV_9784798'),
('KW_4813', 'MOV_9784798'),
('KW_3392', 'MOV_9784798'),
('KW_4814', 'MOV_9784798'),
('KW_4815', 'MOV_9784798'),
('KW_2293', 'MOV_9784798'),
('KW_3330', 'MOV_9784798'),
('KW_4071', 'MOV_9784798'),
('KW_4101', 'MOV_9784798'),
('KW_4141', 'MOV_9784798'),
('KW_4714', 'MOV_9784798'),
('KW_4715', 'MOV_9784798'),
('KW_4070', 'MOV_9784798'),
('KW_1929', 'MOV_9784798'),
('KW_4117', 'MOV_9784798'),
('KW_4716', 'MOV_9784798'),
('KW_2854', 'MOV_9784798'),
('KW_4717', 'MOV_9784798'),
('KW_4718', 'MOV_9784798'),
('KW_4072', 'MOV_9784798'),
('KW_2399', 'MOV_9784798'),
('KW_4719', 'MOV_9784798'),
('KW_4720', 'MOV_9784798'),
('KW_4721', 'MOV_9784798'),
('KW_4722', 'MOV_9784798'),
('KW_4074', 'MOV_9784798'),
('KW_4723', 'MOV_9784798'),
('KW_4724', 'MOV_9784798'),
('KW_4725', 'MOV_9784798'),
('KW_3289', 'MOV_9784798'),
('KW_4726', 'MOV_9784798'),
('KW_4727', 'MOV_9784798'),
('KW_3848', 'MOV_9784798'),
('KW_4728', 'MOV_9784798'),
('KW_4729', 'MOV_9784798'),
('KW_4017', 'MOV_9784798'),
('KW_3885', 'MOV_9784798'),
('KW_4730', 'MOV_9784798'),
('KW_4731', 'MOV_9784798'),
('KW_4732', 'MOV_9784798'),
('KW_2302', 'MOV_9784798'),
('KW_4733', 'MOV_9784798'),
('KW_4734', 'MOV_9784798'),
('KW_3408', 'MOV_9784798'),
('KW_3927', 'MOV_9784798'),
('KW_3763', 'MOV_9784798'),
('KW_2143', 'MOV_9784798'),
('KW_4735', 'MOV_9784798'),
('KW_2688', 'MOV_9784798'),
('KW_3721', 'MOV_9784798'),
('KW_2764', 'MOV_9784798'),
('KW_4736', 'MOV_9784798'),
('KW_2511', 'MOV_9784798'),
('KW_4128', 'MOV_9784798'),
('KW_4059', 'MOV_9784798'),
('KW_4737', 'MOV_9784798'),
('KW_3192', 'MOV_9784798'),
('KW_4738', 'MOV_9784798'),
('KW_2901', 'MOV_9784798'),
('KW_4039', 'MOV_9784798'),
('KW_2321', 'MOV_9784798'),
('KW_4739', 'MOV_9784798'),
('KW_4157', 'MOV_9784798'),
('KW_4740', 'MOV_9784798'),
('KW_4083', 'MOV_9784798'),
('KW_2317', 'MOV_9784798'),
('KW_4202', 'MOV_9784798'),
('KW_4741', 'MOV_9784798'),
('KW_2327', 'MOV_9784798'),
('KW_2475', 'MOV_9784798'),
('KW_4742', 'MOV_9784798'),
('KW_3029', 'MOV_9784798'),
('KW_4743', 'MOV_9784798'),
('KW_3141', 'MOV_9784798'),
('KW_4198', 'MOV_9784798'),
('KW_4744', 'MOV_9784798'),
('KW_3968', 'MOV_9784798'),
('KW_2305', 'MOV_9784798'),
('KW_4745', 'MOV_9784798'),
('KW_4746', 'MOV_9784798'),
('KW_4747', 'MOV_9784798'),
('KW_2512', 'MOV_9784798'),
('KW_2520', 'MOV_9784798'),
('KW_4748', 'MOV_9784798'),
('KW_4749', 'MOV_9784798'),
('KW_4750', 'MOV_9784798'),
('KW_1969', 'MOV_9784798'),
('KW_4751', 'MOV_9784798'),
('KW_4752', 'MOV_9784798'),
('KW_2222', 'MOV_9784798'),
('KW_2369', 'MOV_9784798'),
('KW_4753', 'MOV_9784798'),
('KW_2051', 'MOV_9784798'),
('KW_1930', 'MOV_9784798'),
('KW_3293', 'MOV_9784798'),
('KW_4754', 'MOV_9784798'),
('KW_4755', 'MOV_9784798'),
('KW_2023', 'MOV_9784798'),
('KW_4756', 'MOV_9784798'),
('KW_2421', 'MOV_9784798'),
('KW_2422', 'MOV_9784798'),
('KW_3655', 'MOV_9784798'),
('KW_2020', 'MOV_9784798'),
('KW_4757', 'MOV_9784798'),
('KW_4758', 'MOV_9784798'),
('KW_2873', 'MOV_9784798'),
('KW_3406', 'MOV_9784798'),
('KW_4109', 'MOV_9784798'),
('KW_4759', 'MOV_9784798'),
('KW_4760', 'MOV_9784798'),
('KW_4761', 'MOV_9784798'),
('KW_4762', 'MOV_9784798'),
('KW_2970', 'MOV_9784798'),
('KW_4763', 'MOV_9784798'),
('KW_4764', 'MOV_9784798'),
('KW_4765', 'MOV_9784798'),
('KW_4766', 'MOV_9784798'),
('KW_4767', 'MOV_9784798'),
('KW_2200', 'MOV_9784798'),
('KW_2332', 'MOV_9784798'),
('KW_4768', 'MOV_9784798'),
('KW_4769', 'MOV_9784798'),
('KW_2730', 'MOV_9784798'),
('KW_4770', 'MOV_9784798'),
('KW_4771', 'MOV_9784798'),
('KW_4772', 'MOV_9784798'),
('KW_3482', 'MOV_9784798'),
('KW_4773', 'MOV_9784798'),
('KW_2024', 'MOV_9784798'),
('KW_4774', 'MOV_9784798'),
('KW_2552', 'MOV_9784798'),
('KW_4775', 'MOV_9784798'),
('KW_2116', 'MOV_9784798'),
('KW_4776', 'MOV_9784798'),
('KW_4185', 'MOV_9784798'),
('KW_4777', 'MOV_9784798'),
('KW_4778', 'MOV_9784798'),
('KW_4779', 'MOV_9784798'),
('KW_4780', 'MOV_9784798'),
('KW_2690', 'MOV_9784798'),
('KW_4781', 'MOV_9784798'),
('KW_4782', 'MOV_9784798'),
('KW_2334', 'MOV_9784798'),
('KW_2464', 'MOV_9784798'),
('KW_4783', 'MOV_9784798'),
('KW_2823', 'MOV_9784798'),
('KW_2300', 'MOV_9784798'),
('KW_2304', 'MOV_9784798'),
('KW_4784', 'MOV_9784798'),
('KW_3496', 'MOV_9784798'),
('KW_4785', 'MOV_9784798'),
('KW_4786', 'MOV_9784798'),
('KW_2418', 'MOV_9784798'),
('KW_4787', 'MOV_9784798'),
('KW_4162', 'MOV_9784798'),
('KW_4788', 'MOV_9784798'),
('KW_4789', 'MOV_9784798'),
('KW_3529', 'MOV_9784798'),
('KW_4790', 'MOV_9784798'),
('KW_4267', 'MOV_9784798'),
('KW_4791', 'MOV_9784798'),
('KW_4792', 'MOV_9784798'),
('KW_4793', 'MOV_9784798'),
('KW_4794', 'MOV_9784798'),
('KW_4795', 'MOV_9784798'),
('KW_4796', 'MOV_9784798'),
('KW_4797', 'MOV_9784798'),
('KW_2001', 'MOV_9784798'),
('KW_4798', 'MOV_9784798'),
('KW_4799', 'MOV_9784798'),
('KW_4800', 'MOV_9784798'),
('KW_4801', 'MOV_9784798'),
('KW_4802', 'MOV_9784798'),
('KW_4803', 'MOV_9784798'),
('KW_2906', 'MOV_9784798'),
('KW_3489', 'MOV_9784798'),
('KW_4804', 'MOV_9784798'),
('KW_4805', 'MOV_9784798'),
('KW_4806', 'MOV_9784798'),
('KW_4807', 'MOV_9784798'),
('KW_2510', 'MOV_9784798'),
('KW_4808', 'MOV_9784798'),
('KW_4809', 'MOV_9784798'),
('KW_2248', 'MOV_9784798'),
('KW_4099', 'MOV_9784798'),
('KW_4076', 'MOV_9784798'),
('KW_4810', 'MOV_9784798'),
('KW_4811', 'MOV_9784798'),
('KW_4812', 'MOV_9784798'),
('KW_4813', 'MOV_9784798'),
('KW_3392', 'MOV_9784798'),
('KW_4814', 'MOV_9784798'),
('KW_4815', 'MOV_9784798'),
('KW_2293', 'MOV_9784798'),
('KW_3330', 'MOV_9784798'),
('KW_4816', 'MOV_10618286'),
('KW_4817', 'MOV_10618286'),
('KW_4818', 'MOV_10618286'),
('KW_2755', 'MOV_10618286'),
('KW_4819', 'MOV_10618286'),
('KW_4820', 'MOV_10618286'),
('KW_2617', 'MOV_10618286'),
('KW_4821', 'MOV_10618286'),
('KW_4822', 'MOV_10618286'),
('KW_4823', 'MOV_10618286'),
('KW_4824', 'MOV_10618286'),
('KW_4737', 'MOV_10618286'),
('KW_4825', 'MOV_10618286'),
('KW_4826', 'MOV_10618286'),
('KW_3944', 'MOV_10618286'),
('KW_2120', 'MOV_10618286'),
('KW_4827', 'MOV_10618286'),
('KW_1938', 'MOV_10618286'),
('KW_4828', 'MOV_10618286'),
('KW_4829', 'MOV_10618286'),
('KW_4830', 'MOV_10618286'),
('KW_4831', 'MOV_10618286'),
('KW_4832', 'MOV_10618286'),
('KW_2511', 'MOV_10618286'),
('KW_4135', 'MOV_10618286'),
('KW_1929', 'MOV_10618286'),
('KW_4833', 'MOV_10618286'),
('KW_4834', 'MOV_10618286'),
('KW_4835', 'MOV_10618286'),
('KW_4836', 'MOV_10618286'),
('KW_4837', 'MOV_10618286'),
('KW_4838', 'MOV_10618286'),
('KW_4839', 'MOV_10618286'),
('KW_4840', 'MOV_10618286'),
('KW_4841', 'MOV_10618286'),
('KW_4842', 'MOV_10618286'),
('KW_4843', 'MOV_10618286'),
('KW_4844', 'MOV_10618286'),
('KW_4845', 'MOV_10618286'),
('KW_4846', 'MOV_10618286'),
('KW_4847', 'MOV_10618286'),
('KW_4848', 'MOV_10618286'),
('KW_4849', 'MOV_10618286'),
('KW_2006', 'MOV_10618286'),
('KW_4850', 'MOV_10618286'),
('KW_4851', 'MOV_10618286'),
('KW_4852', 'MOV_10618286'),
('KW_4109', 'MOV_10618286'),
('KW_4853', 'MOV_10618286'),
('KW_4854', 'MOV_10618286'),
('KW_4855', 'MOV_10618286'),
('KW_4856', 'MOV_10618286'),
('KW_4857', 'MOV_10618286'),
('KW_4858', 'MOV_10618286'),
('KW_4859', 'MOV_10618286'),
('KW_4860', 'MOV_10618286'),
('KW_2293', 'MOV_10618286'),
('KW_4861', 'MOV_10618286'),
('KW_4862', 'MOV_10618286'),
('KW_4863', 'MOV_10618286'),
('KW_4864', 'MOV_10618286'),
('KW_3481', 'MOV_10618286'),
('KW_4865', 'MOV_10618286'),
('KW_4866', 'MOV_10618286'),
('KW_4867', 'MOV_10618286'),
('KW_4868', 'MOV_10618286'),
('KW_4869', 'MOV_10618286'),
('KW_4870', 'MOV_10618286'),
('KW_4636', 'MOV_10618286'),
('KW_4871', 'MOV_10618286'),
('KW_4872', 'MOV_10618286'),
('KW_4873', 'MOV_10618286'),
('KW_4874', 'MOV_10618286'),
('KW_4875', 'MOV_10618286'),
('KW_4816', 'MOV_10618286'),
('KW_4817', 'MOV_10618286'),
('KW_4818', 'MOV_10618286'),
('KW_2755', 'MOV_10618286'),
('KW_4819', 'MOV_10618286'),
('KW_4820', 'MOV_10618286'),
('KW_2617', 'MOV_10618286'),
('KW_4821', 'MOV_10618286'),
('KW_4822', 'MOV_10618286'),
('KW_4823', 'MOV_10618286'),
('KW_4824', 'MOV_10618286'),
('KW_4737', 'MOV_10618286'),
('KW_4825', 'MOV_10618286'),
('KW_4826', 'MOV_10618286'),
('KW_3944', 'MOV_10618286'),
('KW_2120', 'MOV_10618286'),
('KW_4827', 'MOV_10618286'),
('KW_1938', 'MOV_10618286'),
('KW_4828', 'MOV_10618286'),
('KW_4829', 'MOV_10618286'),
('KW_4830', 'MOV_10618286'),
('KW_4831', 'MOV_10618286'),
('KW_4832', 'MOV_10618286'),
('KW_2511', 'MOV_10618286'),
('KW_4135', 'MOV_10618286'),
('KW_1929', 'MOV_10618286'),
('KW_4833', 'MOV_10618286'),
('KW_4834', 'MOV_10618286'),
('KW_4835', 'MOV_10618286'),
('KW_4836', 'MOV_10618286'),
('KW_4816', 'MOV_10618286'),
('KW_4817', 'MOV_10618286'),
('KW_4818', 'MOV_10618286'),
('KW_2755', 'MOV_10618286'),
('KW_4819', 'MOV_10618286'),
('KW_4820', 'MOV_10618286'),
('KW_2617', 'MOV_10618286'),
('KW_4821', 'MOV_10618286'),
('KW_4822', 'MOV_10618286'),
('KW_4823', 'MOV_10618286'),
('KW_4824', 'MOV_10618286'),
('KW_4737', 'MOV_10618286'),
('KW_4825', 'MOV_10618286'),
('KW_4826', 'MOV_10618286'),
('KW_3944', 'MOV_10618286'),
('KW_2120', 'MOV_10618286'),
('KW_4827', 'MOV_10618286'),
('KW_1938', 'MOV_10618286'),
('KW_4828', 'MOV_10618286'),
('KW_4829', 'MOV_10618286'),
('KW_4830', 'MOV_10618286'),
('KW_4831', 'MOV_10618286'),
('KW_4832', 'MOV_10618286'),
('KW_2511', 'MOV_10618286'),
('KW_4135', 'MOV_10618286'),
('KW_1929', 'MOV_10618286'),
('KW_4833', 'MOV_10618286'),
('KW_4834', 'MOV_10618286'),
('KW_4835', 'MOV_10618286'),
('KW_4836', 'MOV_10618286'),
('KW_2802', 'MOV_11083552'),
('KW_4876', 'MOV_11083552'),
('KW_4877', 'MOV_11083552'),
('KW_2802', 'MOV_11083552'),
('KW_4876', 'MOV_11083552'),
('KW_4877', 'MOV_11083552'),
('KW_3540', 'MOV_12361974'),
('KW_4878', 'MOV_12361974'),
('KW_3678', 'MOV_12361974'),
('KW_4879', 'MOV_12361974'),
('KW_3679', 'MOV_12361974'),
('KW_3531', 'MOV_12361974'),
('KW_4880', 'MOV_12361974'),
('KW_4881', 'MOV_12361974'),
('KW_4882', 'MOV_12361974'),
('KW_4883', 'MOV_12361974'),
('KW_4107', 'MOV_12361974'),
('KW_4884', 'MOV_12361974'),
('KW_4885', 'MOV_12361974'),
('KW_4886', 'MOV_12361974'),
('KW_4887', 'MOV_12361974'),
('KW_4888', 'MOV_12361974'),
('KW_3729', 'MOV_12361974'),
('KW_4889', 'MOV_12361974'),
('KW_1920', 'MOV_12361974'),
('KW_4890', 'MOV_12361974'),
('KW_3712', 'MOV_12361974'),
('KW_3813', 'MOV_12361974'),
('KW_3539', 'MOV_12361974'),
('KW_4891', 'MOV_12361974'),
('KW_3537', 'MOV_12361974'),
('KW_4892', 'MOV_12361974'),
('KW_3670', 'MOV_12361974'),
('KW_4893', 'MOV_12361974'),
('KW_4894', 'MOV_12361974'),
('KW_4895', 'MOV_12361974'),
('KW_3446', 'MOV_12361974'),
('KW_2094', 'MOV_12361974'),
('KW_4896', 'MOV_12361974'),
('KW_4299', 'MOV_12361974'),
('KW_4668', 'MOV_12361974'),
('KW_3467', 'MOV_12361974'),
('KW_4897', 'MOV_12361974'),
('KW_3535', 'MOV_12361974'),
('KW_4898', 'MOV_12361974'),
('KW_4899', 'MOV_12361974'),
('KW_4900', 'MOV_12361974'),
('KW_3627', 'MOV_12361974'),
('KW_3440', 'MOV_12361974'),
('KW_4901', 'MOV_12361974'),
('KW_4902', 'MOV_12361974'),
('KW_4903', 'MOV_12361974'),
('KW_4904', 'MOV_12361974'),
('KW_1950', 'MOV_12361974'),
('KW_3498', 'MOV_12361974'),
('KW_2166', 'MOV_12361974'),
('KW_4905', 'MOV_12361974'),
('KW_4906', 'MOV_12361974'),
('KW_3726', 'MOV_12361974'),
('KW_4907', 'MOV_12361974'),
('KW_3408', 'MOV_12361974'),
('KW_4776', 'MOV_12361974'),
('KW_3829', 'MOV_12361974'),
('KW_2165', 'MOV_12361974'),
('KW_3884', 'MOV_12361974'),
('KW_4908', 'MOV_12361974'),
('KW_3695', 'MOV_12361974'),
('KW_3819', 'MOV_12361974'),
('KW_2823', 'MOV_12361974'),
('KW_2187', 'MOV_12361974'),
('KW_3581', 'MOV_12361974'),
('KW_3505', 'MOV_12361974'),
('KW_4296', 'MOV_12361974'),
('KW_4909', 'MOV_12361974'),
('KW_4910', 'MOV_12361974'),
('KW_4911', 'MOV_12361974'),
('KW_3697', 'MOV_12361974'),
('KW_3682', 'MOV_12361974'),
('KW_4912', 'MOV_12361974'),
('KW_3610', 'MOV_12361974'),
('KW_4913', 'MOV_12361974'),
('KW_4914', 'MOV_12361974'),
('KW_4915', 'MOV_12361974'),
('KW_4916', 'MOV_12361974'),
('KW_4917', 'MOV_12361974'),
('KW_4918', 'MOV_12361974'),
('KW_4919', 'MOV_12361974'),
('KW_4920', 'MOV_12361974'),
('KW_4921', 'MOV_12361974'),
('KW_4922', 'MOV_12361974'),
('KW_4923', 'MOV_12361974'),
('KW_4924', 'MOV_12361974'),
('KW_4925', 'MOV_12361974'),
('KW_4926', 'MOV_12361974'),
('KW_4927', 'MOV_12361974'),
('KW_4928', 'MOV_12361974'),
('KW_4929', 'MOV_12361974'),
('KW_4930', 'MOV_12361974'),
('KW_4931', 'MOV_12361974'),
('KW_4932', 'MOV_12361974'),
('KW_4933', 'MOV_12361974'),
('KW_1962', 'MOV_12361974'),
('KW_4934', 'MOV_12361974'),
('KW_4935', 'MOV_12361974'),
('KW_2274', 'MOV_12361974'),
('KW_4936', 'MOV_12361974'),
('KW_4937', 'MOV_12361974'),
('KW_2141', 'MOV_12361974'),
('KW_3710', 'MOV_12361974'),
('KW_3685', 'MOV_12361974'),
('KW_4938', 'MOV_12361974'),
('KW_4939', 'MOV_12361974'),
('KW_3438', 'MOV_12361974'),
('KW_3439', 'MOV_12361974'),
('KW_4940', 'MOV_12361974'),
('KW_3677', 'MOV_12361974'),
('KW_4941', 'MOV_12361974'),
('KW_4942', 'MOV_12361974'),
('KW_4943', 'MOV_12361974'),
('KW_4944', 'MOV_12361974'),
('KW_4945', 'MOV_12361974'),
('KW_4946', 'MOV_12361974'),
('KW_3741', 'MOV_12361974'),
('KW_4947', 'MOV_12361974'),
('KW_4948', 'MOV_12361974'),
('KW_4949', 'MOV_12361974'),
('KW_4950', 'MOV_12361974'),
('KW_4951', 'MOV_12361974'),
('KW_4952', 'MOV_12361974'),
('KW_4953', 'MOV_12361974'),
('KW_2781', 'MOV_12361974'),
('KW_4954', 'MOV_12361974'),
('KW_4955', 'MOV_12361974'),
('KW_4956', 'MOV_12361974'),
('KW_4957', 'MOV_12361974'),
('KW_3676', 'MOV_12361974'),
('KW_4958', 'MOV_12361974'),
('KW_4959', 'MOV_12361974'),
('KW_4960', 'MOV_12361974'),
('KW_4961', 'MOV_12361974'),
('KW_4962', 'MOV_12361974'),
('KW_4963', 'MOV_12361974'),
('KW_4964', 'MOV_12361974'),
('KW_4965', 'MOV_12361974'),
('KW_4966', 'MOV_12361974'),
('KW_4967', 'MOV_12361974'),
('KW_4968', 'MOV_12361974'),
('KW_4969', 'MOV_12361974'),
('KW_4970', 'MOV_12361974'),
('KW_2300', 'MOV_12361974'),
('KW_4971', 'MOV_12361974'),
('KW_4972', 'MOV_12361974'),
('KW_4973', 'MOV_12361974'),
('KW_4974', 'MOV_12361974'),
('KW_4975', 'MOV_12361974'),
('KW_2295', 'MOV_12361974'),
('KW_4976', 'MOV_12361974'),
('KW_4977', 'MOV_12361974'),
('KW_4978', 'MOV_12361974'),
('KW_4979', 'MOV_12361974'),
('KW_4980', 'MOV_12361974'),
('KW_4981', 'MOV_12361974'),
('KW_4437', 'MOV_12361974'),
('KW_4982', 'MOV_12361974'),
('KW_4983', 'MOV_12361974'),
('KW_3625', 'MOV_12361974'),
('KW_3624', 'MOV_12361974'),
('KW_4984', 'MOV_12361974'),
('KW_4985', 'MOV_12361974'),
('KW_4986', 'MOV_12361974'),
('KW_4987', 'MOV_12361974'),
('KW_2971', 'MOV_12361974'),
('KW_2007', 'MOV_12361974'),
('KW_2095', 'MOV_12361974'),
('KW_4476', 'MOV_12361974'),
('KW_4988', 'MOV_12361974'),
('KW_4989', 'MOV_12361974'),
('KW_4990', 'MOV_12361974'),
('KW_4991', 'MOV_12361974'),
('KW_4992', 'MOV_12361974'),
('KW_4993', 'MOV_12361974'),
('KW_4994', 'MOV_12361974'),
('KW_4995', 'MOV_12361974'),
('KW_4996', 'MOV_12361974'),
('KW_4997', 'MOV_12361974'),
('KW_4998', 'MOV_12361974'),
('KW_4999', 'MOV_12361974'),
('KW_3529', 'MOV_12361974'),
('KW_5000', 'MOV_12361974'),
('KW_3792', 'MOV_12361974'),
('KW_3587', 'MOV_12361974'),
('KW_5001', 'MOV_12361974'),
('KW_5002', 'MOV_12361974'),
('KW_5003', 'MOV_12361974'),
('KW_5004', 'MOV_12361974'),
('KW_5005', 'MOV_12361974'),
('KW_5006', 'MOV_12361974'),
('KW_5007', 'MOV_12361974'),
('KW_3122', 'MOV_12361974'),
('KW_5008', 'MOV_12361974'),
('KW_5009', 'MOV_12361974'),
('KW_5010', 'MOV_12361974'),
('KW_3404', 'MOV_12361974'),
('KW_5011', 'MOV_12361974'),
('KW_5012', 'MOV_12361974'),
('KW_2023', 'MOV_12361974'),
('KW_4765', 'MOV_12361974'),
('KW_5013', 'MOV_12361974'),
('KW_3557', 'MOV_12361974'),
('KW_5014', 'MOV_12361974'),
('KW_5015', 'MOV_12361974'),
('KW_3686', 'MOV_12361974'),
('KW_2247', 'MOV_12361974'),
('KW_5016', 'MOV_12361974'),
('KW_3740', 'MOV_12361974'),
('KW_5017', 'MOV_12361974'),
('KW_3777', 'MOV_12361974'),
('KW_3655', 'MOV_12361974'),
('KW_5018', 'MOV_12361974'),
('KW_3728', 'MOV_12361974'),
('KW_5019', 'MOV_12361974'),
('KW_5020', 'MOV_12361974'),
('KW_5021', 'MOV_12361974'),
('KW_3744', 'MOV_12361974'),
('KW_5022', 'MOV_12361974'),
('KW_5023', 'MOV_12361974'),
('KW_5024', 'MOV_12361974'),
('KW_5025', 'MOV_12361974'),
('KW_5026', 'MOV_12361974'),
('KW_5027', 'MOV_12361974'),
('KW_5028', 'MOV_12361974'),
('KW_3622', 'MOV_12361974'),
('KW_5029', 'MOV_12361974'),
('KW_4638', 'MOV_12361974');
INSERT INTO `keywordconnection_tb` (`keyWord_tb_keywordID`, `movie_tb_movieID`) VALUES
('KW_5030', 'MOV_12361974'),
('KW_5031', 'MOV_12361974'),
('KW_5032', 'MOV_12361974'),
('KW_2158', 'MOV_12361974'),
('KW_4134', 'MOV_12361974'),
('KW_5033', 'MOV_12361974'),
('KW_5034', 'MOV_12361974'),
('KW_2019', 'MOV_12361974'),
('KW_5035', 'MOV_12361974'),
('KW_5036', 'MOV_12361974'),
('KW_5037', 'MOV_12361974'),
('KW_5038', 'MOV_12361974'),
('KW_5039', 'MOV_12361974'),
('KW_5040', 'MOV_12361974'),
('KW_5041', 'MOV_12361974'),
('KW_5042', 'MOV_12361974'),
('KW_5043', 'MOV_12361974'),
('KW_5044', 'MOV_12361974'),
('KW_5045', 'MOV_12361974'),
('KW_3508', 'MOV_12361974'),
('KW_5046', 'MOV_12361974'),
('KW_3052', 'MOV_12361974'),
('KW_5047', 'MOV_12361974'),
('KW_5048', 'MOV_12361974'),
('KW_5049', 'MOV_12361974'),
('KW_5050', 'MOV_12361974'),
('KW_5051', 'MOV_12361974'),
('KW_3585', 'MOV_12361974'),
('KW_5052', 'MOV_12361974'),
('KW_5053', 'MOV_12361974'),
('KW_5054', 'MOV_12361974'),
('KW_5055', 'MOV_12361974'),
('KW_5056', 'MOV_12361974'),
('KW_5057', 'MOV_12361974'),
('KW_2675', 'MOV_12361974'),
('KW_5058', 'MOV_12361974'),
('KW_5059', 'MOV_12361974'),
('KW_5060', 'MOV_12361974'),
('KW_5061', 'MOV_12361974'),
('KW_5062', 'MOV_12361974'),
('KW_5063', 'MOV_12361974'),
('KW_5064', 'MOV_12361974'),
('KW_3489', 'MOV_12361974'),
('KW_5065', 'MOV_12361974'),
('KW_5066', 'MOV_12361974'),
('KW_5067', 'MOV_12361974'),
('KW_2228', 'MOV_12361974'),
('KW_3875', 'MOV_12361974'),
('KW_5068', 'MOV_12361974'),
('KW_5069', 'MOV_12361974'),
('KW_2648', 'MOV_12361974'),
('KW_5070', 'MOV_12361974'),
('KW_5071', 'MOV_12361974'),
('KW_5072', 'MOV_12361974'),
('KW_5073', 'MOV_12361974'),
('KW_3690', 'MOV_12361974'),
('KW_5074', 'MOV_12361974'),
('KW_5075', 'MOV_12361974'),
('KW_5076', 'MOV_12361974'),
('KW_5077', 'MOV_12361974'),
('KW_5078', 'MOV_12361974'),
('KW_5079', 'MOV_12361974'),
('KW_5080', 'MOV_12361974'),
('KW_5081', 'MOV_12361974'),
('KW_5082', 'MOV_12361974'),
('KW_3040', 'MOV_12361974'),
('KW_5083', 'MOV_12361974'),
('KW_5084', 'MOV_12361974'),
('KW_5085', 'MOV_12361974'),
('KW_5086', 'MOV_12361974'),
('KW_4325', 'MOV_12361974'),
('KW_2471', 'MOV_12361974'),
('KW_5087', 'MOV_12361974'),
('KW_4650', 'MOV_12361974'),
('KW_4450', 'MOV_12361974'),
('KW_5088', 'MOV_12361974'),
('KW_5089', 'MOV_12361974'),
('KW_5090', 'MOV_12361974'),
('KW_5091', 'MOV_12361974'),
('KW_3528', 'MOV_12361974'),
('KW_5092', 'MOV_12361974'),
('KW_4527', 'MOV_12361974'),
('KW_5093', 'MOV_12361974'),
('KW_4543', 'MOV_12361974'),
('KW_5094', 'MOV_12361974'),
('KW_5095', 'MOV_12361974'),
('KW_3757', 'MOV_12361974'),
('KW_5096', 'MOV_12361974'),
('KW_5097', 'MOV_12361974'),
('KW_5098', 'MOV_12361974'),
('KW_5099', 'MOV_12361974'),
('KW_3779', 'MOV_12361974'),
('KW_2857', 'MOV_12361974'),
('KW_5100', 'MOV_12361974'),
('KW_4495', 'MOV_12361974'),
('KW_5101', 'MOV_12361974'),
('KW_5102', 'MOV_12361974'),
('KW_5103', 'MOV_12361974'),
('KW_5104', 'MOV_12361974'),
('KW_5105', 'MOV_12361974'),
('KW_5106', 'MOV_12361974'),
('KW_5107', 'MOV_12361974'),
('KW_5108', 'MOV_12361974'),
('KW_5109', 'MOV_12361974'),
('KW_3437', 'MOV_12361974'),
('KW_5110', 'MOV_12361974'),
('KW_3460', 'MOV_12361974'),
('KW_5111', 'MOV_12361974'),
('KW_5112', 'MOV_12361974'),
('KW_5113', 'MOV_12361974'),
('KW_5114', 'MOV_12361974'),
('KW_5115', 'MOV_12361974'),
('KW_3755', 'MOV_12361974'),
('KW_5116', 'MOV_12361974'),
('KW_3609', 'MOV_12361974'),
('KW_5117', 'MOV_12361974'),
('KW_5118', 'MOV_12361974'),
('KW_3607', 'MOV_12361974'),
('KW_5119', 'MOV_12361974'),
('KW_5120', 'MOV_12361974'),
('KW_2282', 'MOV_12361974'),
('KW_3725', 'MOV_12361974'),
('KW_3742', 'MOV_12361974'),
('KW_5121', 'MOV_12361974'),
('KW_3739', 'MOV_12361974'),
('KW_5122', 'MOV_12361974'),
('KW_5123', 'MOV_12361974'),
('KW_5124', 'MOV_12361974'),
('KW_5125', 'MOV_12361974'),
('KW_3405', 'MOV_12361974'),
('KW_5126', 'MOV_12361974'),
('KW_3705', 'MOV_12361974'),
('KW_3704', 'MOV_12361974'),
('KW_5127', 'MOV_12361974'),
('KW_3669', 'MOV_12361974'),
('KW_5128', 'MOV_12361974'),
('KW_3673', 'MOV_12361974'),
('KW_5129', 'MOV_12361974'),
('KW_5130', 'MOV_12361974'),
('KW_5131', 'MOV_12361974'),
('KW_5132', 'MOV_12361974'),
('KW_5133', 'MOV_12361974'),
('KW_2020', 'MOV_12361974'),
('KW_5134', 'MOV_12361974'),
('KW_2202', 'MOV_12361974'),
('KW_3766', 'MOV_12361974'),
('KW_5135', 'MOV_12361974'),
('KW_5136', 'MOV_12361974'),
('KW_5137', 'MOV_12361974'),
('KW_3659', 'MOV_12361974'),
('KW_3732', 'MOV_12361974'),
('KW_5138', 'MOV_12361974'),
('KW_2235', 'MOV_12361974'),
('KW_5139', 'MOV_12361974'),
('KW_5140', 'MOV_12361974'),
('KW_2217', 'MOV_12361974'),
('KW_5141', 'MOV_12361974'),
('KW_3788', 'MOV_12361974'),
('KW_5142', 'MOV_12361974'),
('KW_5143', 'MOV_12361974'),
('KW_4454', 'MOV_12361974'),
('KW_2304', 'MOV_12361974'),
('KW_2510', 'MOV_12361974'),
('KW_3448', 'MOV_12361974'),
('KW_3209', 'MOV_12361974'),
('KW_4487', 'MOV_12361974'),
('KW_5144', 'MOV_12361974'),
('KW_3499', 'MOV_12361974'),
('KW_2253', 'MOV_12361974'),
('KW_3495', 'MOV_12361974'),
('KW_3496', 'MOV_12361974'),
('KW_3456', 'MOV_12361974'),
('KW_3238', 'MOV_12361974'),
('KW_5145', 'MOV_12361974'),
('KW_5146', 'MOV_12361974'),
('KW_5147', 'MOV_12361974'),
('KW_5148', 'MOV_12361974'),
('KW_2484', 'MOV_12361974'),
('KW_4318', 'MOV_12361974'),
('KW_2109', 'MOV_12361974'),
('KW_2859', 'MOV_12361974'),
('KW_5149', 'MOV_12361974'),
('KW_5150', 'MOV_12361974'),
('KW_5151', 'MOV_12361974'),
('KW_4635', 'MOV_12361974'),
('KW_3399', 'MOV_12361974'),
('KW_3192', 'MOV_12361974'),
('KW_2901', 'MOV_12361974'),
('KW_5152', 'MOV_12361974'),
('KW_3797', 'MOV_12361974'),
('KW_5153', 'MOV_12361974'),
('KW_3795', 'MOV_12361974'),
('KW_5154', 'MOV_12361974'),
('KW_3735', 'MOV_12361974'),
('KW_2260', 'MOV_12361974'),
('KW_5155', 'MOV_12361974'),
('KW_3791', 'MOV_12361974'),
('KW_5156', 'MOV_12361974'),
('KW_5157', 'MOV_12361974'),
('KW_5158', 'MOV_12361974'),
('KW_5159', 'MOV_12361974'),
('KW_5160', 'MOV_12361974'),
('KW_3412', 'MOV_12361974'),
('KW_5161', 'MOV_12361974'),
('KW_5162', 'MOV_12361974'),
('KW_5163', 'MOV_12361974'),
('KW_1938', 'MOV_12361974'),
('KW_5164', 'MOV_12361974'),
('KW_3781', 'MOV_12361974'),
('KW_5165', 'MOV_12361974'),
('KW_5166', 'MOV_12361974'),
('KW_4441', 'MOV_12361974'),
('KW_2834', 'MOV_12361974'),
('KW_2688', 'MOV_12361974'),
('KW_2754', 'MOV_12361974'),
('KW_3606', 'MOV_12361974'),
('KW_3626', 'MOV_12361974'),
('KW_3561', 'MOV_12361974'),
('KW_5167', 'MOV_12361974'),
('KW_3963', 'MOV_12361974'),
('KW_5168', 'MOV_12361974'),
('KW_5169', 'MOV_12361974'),
('KW_3621', 'MOV_12361974'),
('KW_5170', 'MOV_12361974'),
('KW_5171', 'MOV_12361974'),
('KW_5172', 'MOV_12361974'),
('KW_1934', 'MOV_12361974'),
('KW_3812', 'MOV_12361974'),
('KW_5173', 'MOV_12361974'),
('KW_3398', 'MOV_12361974'),
('KW_5174', 'MOV_12361974'),
('KW_2870', 'MOV_12361974'),
('KW_3775', 'MOV_12361974'),
('KW_3401', 'MOV_12361974'),
('KW_4654', 'MOV_12361974'),
('KW_2174', 'MOV_12361974'),
('KW_3768', 'MOV_12361974'),
('KW_5175', 'MOV_12361974'),
('KW_5176', 'MOV_12361974'),
('KW_3778', 'MOV_12361974'),
('KW_1995', 'MOV_12361974'),
('KW_5177', 'MOV_12361974'),
('KW_2498', 'MOV_12361974'),
('KW_5178', 'MOV_12361974'),
('KW_2221', 'MOV_12361974'),
('KW_3667', 'MOV_12361974'),
('KW_5179', 'MOV_12361974'),
('KW_3804', 'MOV_12361974'),
('KW_1992', 'MOV_12361974'),
('KW_2878', 'MOV_12361974'),
('KW_3473', 'MOV_12361974'),
('KW_4263', 'MOV_12361974'),
('KW_3474', 'MOV_12361974'),
('KW_3475', 'MOV_12361974'),
('KW_3680', 'MOV_12361974'),
('KW_4641', 'MOV_12361974'),
('KW_3702', 'MOV_12361974'),
('KW_5180', 'MOV_12361974'),
('KW_3825', 'MOV_12361974'),
('KW_3472', 'MOV_12361974'),
('KW_1956', 'MOV_12361974'),
('KW_2263', 'MOV_12361974'),
('KW_4314', 'MOV_12361974'),
('KW_4293', 'MOV_12361974'),
('KW_4265', 'MOV_12361974'),
('KW_5181', 'MOV_12361974'),
('KW_5182', 'MOV_12361974'),
('KW_3692', 'MOV_12361974'),
('KW_5183', 'MOV_12361974'),
('KW_3691', 'MOV_12361974'),
('KW_3763', 'MOV_12361974'),
('KW_3410', 'MOV_12361974'),
('KW_5184', 'MOV_12361974'),
('KW_5185', 'MOV_12361974'),
('KW_5186', 'MOV_12361974'),
('KW_5187', 'MOV_12361974'),
('KW_5188', 'MOV_12361974'),
('KW_5189', 'MOV_12361974'),
('KW_2261', 'MOV_12361974'),
('KW_3793', 'MOV_12361974'),
('KW_2284', 'MOV_12361974'),
('KW_2024', 'MOV_12361974'),
('KW_2143', 'MOV_12361974'),
('KW_3482', 'MOV_12361974'),
('KW_3483', 'MOV_12361974'),
('KW_2227', 'MOV_12361974'),
('KW_3484', 'MOV_12361974'),
('KW_3485', 'MOV_12361974'),
('KW_1957', 'MOV_12361974'),
('KW_2229', 'MOV_12361974'),
('KW_2230', 'MOV_12361974'),
('KW_3486', 'MOV_12361974'),
('KW_2231', 'MOV_12361974'),
('KW_2232', 'MOV_12361974'),
('KW_2910', 'MOV_12361974'),
('KW_4577', 'MOV_12361974'),
('KW_5190', 'MOV_12361974'),
('KW_2240', 'MOV_12361974'),
('KW_2241', 'MOV_12361974'),
('KW_2242', 'MOV_12361974'),
('KW_2246', 'MOV_12361974'),
('KW_2245', 'MOV_12361974'),
('KW_1932', 'MOV_12361974'),
('KW_3675', 'MOV_12361974'),
('KW_5191', 'MOV_12361974'),
('KW_3806', 'MOV_12361974'),
('KW_5192', 'MOV_12361974'),
('KW_5193', 'MOV_12361974'),
('KW_2534', 'MOV_12361974'),
('KW_5194', 'MOV_12361974'),
('KW_5195', 'MOV_12361974'),
('KW_5196', 'MOV_12361974'),
('KW_5197', 'MOV_12361974'),
('KW_5198', 'MOV_12361974'),
('KW_5199', 'MOV_12361974'),
('KW_5200', 'MOV_12361974'),
('KW_3774', 'MOV_12361974'),
('KW_2537', 'MOV_12361974'),
('KW_5201', 'MOV_12361974'),
('KW_5202', 'MOV_12361974'),
('KW_5203', 'MOV_12361974'),
('KW_5204', 'MOV_12361974'),
('KW_5205', 'MOV_12361974'),
('KW_2272', 'MOV_12361974'),
('KW_2219', 'MOV_12361974'),
('KW_5206', 'MOV_12361974'),
('KW_3661', 'MOV_12361974'),
('KW_5207', 'MOV_12361974'),
('KW_5208', 'MOV_12361974'),
('KW_5209', 'MOV_12361974'),
('KW_4588', 'MOV_12361974'),
('KW_3746', 'MOV_12361974'),
('KW_5210', 'MOV_12361974'),
('KW_5211', 'MOV_12361974'),
('KW_4589', 'MOV_12361974'),
('KW_5212', 'MOV_12361974'),
('KW_5213', 'MOV_12361974'),
('KW_5214', 'MOV_12361974'),
('KW_5215', 'MOV_12361974'),
('KW_2293', 'MOV_12361974'),
('KW_2467', 'MOV_12361974'),
('KW_2155', 'MOV_12361974'),
('KW_5216', 'MOV_12361974'),
('KW_1923', 'MOV_12361974'),
('KW_2156', 'MOV_12361974'),
('KW_5217', 'MOV_12361974'),
('KW_2302', 'MOV_12361974'),
('KW_4764', 'MOV_12361974'),
('KW_5218', 'MOV_12361974'),
('KW_5219', 'MOV_12361974'),
('KW_4267', 'MOV_12361974'),
('KW_4179', 'MOV_12361974'),
('KW_2195', 'MOV_12361974'),
('KW_3314', 'MOV_12361974'),
('KW_3282', 'MOV_12361974'),
('KW_5220', 'MOV_12361974'),
('KW_2802', 'MOV_12361974'),
('KW_5221', 'MOV_12361974'),
('KW_5222', 'MOV_12361974'),
('KW_5223', 'MOV_12361974'),
('KW_5224', 'MOV_12361974'),
('KW_3830', 'MOV_12361974'),
('KW_5225', 'MOV_12361974'),
('KW_3600', 'MOV_12361974'),
('KW_3601', 'MOV_12361974'),
('KW_3144', 'MOV_12361974'),
('KW_3150', 'MOV_12361974'),
('KW_5226', 'MOV_12361974'),
('KW_5227', 'MOV_12361974'),
('KW_5228', 'MOV_12361974'),
('KW_2271', 'MOV_12361974'),
('KW_2254', 'MOV_12361974'),
('KW_5229', 'MOV_12361974'),
('KW_5230', 'MOV_12361974'),
('KW_3603', 'MOV_12361974'),
('KW_5231', 'MOV_12361974'),
('KW_2191', 'MOV_12361974'),
('KW_5232', 'MOV_12361974'),
('KW_2216', 'MOV_12361974'),
('KW_5233', 'MOV_12361974'),
('KW_4029', 'MOV_12361974'),
('KW_3540', 'MOV_12361974'),
('KW_4878', 'MOV_12361974'),
('KW_3678', 'MOV_12361974'),
('KW_4879', 'MOV_12361974'),
('KW_3679', 'MOV_12361974'),
('KW_3531', 'MOV_12361974'),
('KW_4880', 'MOV_12361974'),
('KW_4881', 'MOV_12361974'),
('KW_4882', 'MOV_12361974'),
('KW_4883', 'MOV_12361974'),
('KW_4107', 'MOV_12361974'),
('KW_4884', 'MOV_12361974'),
('KW_4885', 'MOV_12361974'),
('KW_4886', 'MOV_12361974'),
('KW_4887', 'MOV_12361974'),
('KW_4888', 'MOV_12361974'),
('KW_3729', 'MOV_12361974'),
('KW_4889', 'MOV_12361974'),
('KW_1920', 'MOV_12361974'),
('KW_4890', 'MOV_12361974'),
('KW_3712', 'MOV_12361974'),
('KW_3813', 'MOV_12361974'),
('KW_3539', 'MOV_12361974'),
('KW_4891', 'MOV_12361974'),
('KW_3537', 'MOV_12361974'),
('KW_4892', 'MOV_12361974'),
('KW_3670', 'MOV_12361974'),
('KW_4893', 'MOV_12361974'),
('KW_4894', 'MOV_12361974'),
('KW_4895', 'MOV_12361974'),
('KW_3446', 'MOV_12361974'),
('KW_2094', 'MOV_12361974'),
('KW_4896', 'MOV_12361974'),
('KW_4299', 'MOV_12361974'),
('KW_4668', 'MOV_12361974'),
('KW_3467', 'MOV_12361974'),
('KW_4897', 'MOV_12361974'),
('KW_3535', 'MOV_12361974'),
('KW_4898', 'MOV_12361974'),
('KW_4899', 'MOV_12361974'),
('KW_4900', 'MOV_12361974'),
('KW_3627', 'MOV_12361974'),
('KW_3440', 'MOV_12361974'),
('KW_4901', 'MOV_12361974'),
('KW_4902', 'MOV_12361974'),
('KW_4903', 'MOV_12361974'),
('KW_4904', 'MOV_12361974'),
('KW_1950', 'MOV_12361974'),
('KW_3498', 'MOV_12361974'),
('KW_2166', 'MOV_12361974'),
('KW_4905', 'MOV_12361974'),
('KW_4906', 'MOV_12361974'),
('KW_3726', 'MOV_12361974'),
('KW_4907', 'MOV_12361974'),
('KW_3408', 'MOV_12361974'),
('KW_4776', 'MOV_12361974'),
('KW_3829', 'MOV_12361974'),
('KW_2165', 'MOV_12361974'),
('KW_3884', 'MOV_12361974'),
('KW_4908', 'MOV_12361974'),
('KW_3695', 'MOV_12361974'),
('KW_3819', 'MOV_12361974'),
('KW_2823', 'MOV_12361974'),
('KW_2187', 'MOV_12361974'),
('KW_3581', 'MOV_12361974'),
('KW_3505', 'MOV_12361974'),
('KW_4296', 'MOV_12361974'),
('KW_4909', 'MOV_12361974'),
('KW_4910', 'MOV_12361974'),
('KW_4911', 'MOV_12361974'),
('KW_3697', 'MOV_12361974'),
('KW_3682', 'MOV_12361974'),
('KW_4912', 'MOV_12361974'),
('KW_3610', 'MOV_12361974'),
('KW_4913', 'MOV_12361974'),
('KW_4914', 'MOV_12361974'),
('KW_4915', 'MOV_12361974'),
('KW_4916', 'MOV_12361974'),
('KW_4917', 'MOV_12361974'),
('KW_4918', 'MOV_12361974'),
('KW_4919', 'MOV_12361974'),
('KW_4920', 'MOV_12361974'),
('KW_4921', 'MOV_12361974'),
('KW_4922', 'MOV_12361974'),
('KW_4923', 'MOV_12361974'),
('KW_4924', 'MOV_12361974'),
('KW_4925', 'MOV_12361974'),
('KW_4926', 'MOV_12361974'),
('KW_4927', 'MOV_12361974'),
('KW_4928', 'MOV_12361974'),
('KW_4929', 'MOV_12361974'),
('KW_4930', 'MOV_12361974'),
('KW_4931', 'MOV_12361974'),
('KW_4932', 'MOV_12361974'),
('KW_4933', 'MOV_12361974'),
('KW_1962', 'MOV_12361974'),
('KW_4934', 'MOV_12361974'),
('KW_4935', 'MOV_12361974'),
('KW_2274', 'MOV_12361974'),
('KW_4936', 'MOV_12361974'),
('KW_4937', 'MOV_12361974'),
('KW_2141', 'MOV_12361974'),
('KW_3710', 'MOV_12361974'),
('KW_3685', 'MOV_12361974'),
('KW_4938', 'MOV_12361974'),
('KW_4939', 'MOV_12361974'),
('KW_3438', 'MOV_12361974'),
('KW_3439', 'MOV_12361974'),
('KW_3540', 'MOV_12361974'),
('KW_4878', 'MOV_12361974'),
('KW_3678', 'MOV_12361974'),
('KW_4879', 'MOV_12361974'),
('KW_3679', 'MOV_12361974'),
('KW_3531', 'MOV_12361974'),
('KW_4880', 'MOV_12361974'),
('KW_4881', 'MOV_12361974'),
('KW_4882', 'MOV_12361974'),
('KW_4883', 'MOV_12361974'),
('KW_4107', 'MOV_12361974'),
('KW_4884', 'MOV_12361974'),
('KW_4885', 'MOV_12361974'),
('KW_4886', 'MOV_12361974'),
('KW_4887', 'MOV_12361974'),
('KW_4888', 'MOV_12361974'),
('KW_3729', 'MOV_12361974'),
('KW_4889', 'MOV_12361974'),
('KW_1920', 'MOV_12361974'),
('KW_4890', 'MOV_12361974'),
('KW_3712', 'MOV_12361974'),
('KW_3813', 'MOV_12361974'),
('KW_3539', 'MOV_12361974'),
('KW_4891', 'MOV_12361974'),
('KW_3537', 'MOV_12361974'),
('KW_4892', 'MOV_12361974'),
('KW_3670', 'MOV_12361974'),
('KW_4893', 'MOV_12361974'),
('KW_4894', 'MOV_12361974'),
('KW_4895', 'MOV_12361974'),
('KW_3446', 'MOV_12361974'),
('KW_2094', 'MOV_12361974'),
('KW_4896', 'MOV_12361974'),
('KW_4299', 'MOV_12361974'),
('KW_4668', 'MOV_12361974'),
('KW_3467', 'MOV_12361974'),
('KW_4897', 'MOV_12361974'),
('KW_3535', 'MOV_12361974'),
('KW_4898', 'MOV_12361974'),
('KW_4899', 'MOV_12361974'),
('KW_4900', 'MOV_12361974'),
('KW_3627', 'MOV_12361974'),
('KW_3440', 'MOV_12361974'),
('KW_4901', 'MOV_12361974'),
('KW_4902', 'MOV_12361974'),
('KW_4903', 'MOV_12361974'),
('KW_4904', 'MOV_12361974'),
('KW_1950', 'MOV_12361974'),
('KW_3498', 'MOV_12361974'),
('KW_2166', 'MOV_12361974'),
('KW_4905', 'MOV_12361974'),
('KW_4906', 'MOV_12361974'),
('KW_3726', 'MOV_12361974'),
('KW_4907', 'MOV_12361974'),
('KW_3408', 'MOV_12361974'),
('KW_4776', 'MOV_12361974'),
('KW_3829', 'MOV_12361974'),
('KW_2165', 'MOV_12361974'),
('KW_3884', 'MOV_12361974'),
('KW_4908', 'MOV_12361974'),
('KW_3695', 'MOV_12361974'),
('KW_3819', 'MOV_12361974'),
('KW_2823', 'MOV_12361974'),
('KW_2187', 'MOV_12361974'),
('KW_3581', 'MOV_12361974'),
('KW_3505', 'MOV_12361974'),
('KW_4296', 'MOV_12361974'),
('KW_4909', 'MOV_12361974'),
('KW_4910', 'MOV_12361974'),
('KW_4911', 'MOV_12361974'),
('KW_3697', 'MOV_12361974'),
('KW_3682', 'MOV_12361974'),
('KW_4912', 'MOV_12361974'),
('KW_3610', 'MOV_12361974'),
('KW_4913', 'MOV_12361974'),
('KW_4914', 'MOV_12361974'),
('KW_4915', 'MOV_12361974'),
('KW_4916', 'MOV_12361974'),
('KW_4917', 'MOV_12361974'),
('KW_4918', 'MOV_12361974'),
('KW_4919', 'MOV_12361974'),
('KW_4920', 'MOV_12361974'),
('KW_4921', 'MOV_12361974'),
('KW_4922', 'MOV_12361974'),
('KW_4923', 'MOV_12361974'),
('KW_4924', 'MOV_12361974'),
('KW_4925', 'MOV_12361974'),
('KW_4926', 'MOV_12361974'),
('KW_4927', 'MOV_12361974'),
('KW_4928', 'MOV_12361974'),
('KW_4929', 'MOV_12361974'),
('KW_4930', 'MOV_12361974'),
('KW_4931', 'MOV_12361974'),
('KW_4932', 'MOV_12361974'),
('KW_4933', 'MOV_12361974'),
('KW_1962', 'MOV_12361974'),
('KW_4934', 'MOV_12361974'),
('KW_4935', 'MOV_12361974'),
('KW_2274', 'MOV_12361974'),
('KW_4936', 'MOV_12361974'),
('KW_4937', 'MOV_12361974'),
('KW_2141', 'MOV_12361974'),
('KW_3710', 'MOV_12361974'),
('KW_3685', 'MOV_12361974'),
('KW_4938', 'MOV_12361974'),
('KW_4939', 'MOV_12361974'),
('KW_3438', 'MOV_12361974'),
('KW_3439', 'MOV_12361974'),
('KW_3540', 'MOV_12361974'),
('KW_4878', 'MOV_12361974'),
('KW_3678', 'MOV_12361974'),
('KW_4879', 'MOV_12361974'),
('KW_3679', 'MOV_12361974'),
('KW_3531', 'MOV_12361974'),
('KW_4880', 'MOV_12361974'),
('KW_4881', 'MOV_12361974'),
('KW_4882', 'MOV_12361974'),
('KW_4883', 'MOV_12361974'),
('KW_4107', 'MOV_12361974'),
('KW_4884', 'MOV_12361974'),
('KW_4885', 'MOV_12361974'),
('KW_4886', 'MOV_12361974'),
('KW_4887', 'MOV_12361974'),
('KW_4888', 'MOV_12361974'),
('KW_3729', 'MOV_12361974'),
('KW_4889', 'MOV_12361974'),
('KW_1920', 'MOV_12361974'),
('KW_4890', 'MOV_12361974'),
('KW_3712', 'MOV_12361974'),
('KW_3813', 'MOV_12361974'),
('KW_3539', 'MOV_12361974'),
('KW_4891', 'MOV_12361974'),
('KW_3537', 'MOV_12361974'),
('KW_4892', 'MOV_12361974'),
('KW_3670', 'MOV_12361974'),
('KW_4893', 'MOV_12361974'),
('KW_4894', 'MOV_12361974'),
('KW_4895', 'MOV_12361974'),
('KW_3446', 'MOV_12361974'),
('KW_2094', 'MOV_12361974'),
('KW_4896', 'MOV_12361974'),
('KW_4299', 'MOV_12361974'),
('KW_4668', 'MOV_12361974'),
('KW_3467', 'MOV_12361974'),
('KW_4897', 'MOV_12361974'),
('KW_3535', 'MOV_12361974'),
('KW_4898', 'MOV_12361974'),
('KW_4899', 'MOV_12361974'),
('KW_4900', 'MOV_12361974'),
('KW_3627', 'MOV_12361974'),
('KW_3440', 'MOV_12361974'),
('KW_4901', 'MOV_12361974'),
('KW_4902', 'MOV_12361974'),
('KW_4903', 'MOV_12361974'),
('KW_4904', 'MOV_12361974'),
('KW_1950', 'MOV_12361974'),
('KW_3498', 'MOV_12361974'),
('KW_2166', 'MOV_12361974'),
('KW_4905', 'MOV_12361974'),
('KW_4906', 'MOV_12361974'),
('KW_3726', 'MOV_12361974'),
('KW_4907', 'MOV_12361974'),
('KW_3408', 'MOV_12361974'),
('KW_4776', 'MOV_12361974'),
('KW_3829', 'MOV_12361974'),
('KW_2165', 'MOV_12361974'),
('KW_3884', 'MOV_12361974'),
('KW_4908', 'MOV_12361974'),
('KW_3695', 'MOV_12361974'),
('KW_3819', 'MOV_12361974'),
('KW_2823', 'MOV_12361974'),
('KW_2187', 'MOV_12361974'),
('KW_3581', 'MOV_12361974'),
('KW_3505', 'MOV_12361974'),
('KW_4296', 'MOV_12361974'),
('KW_4909', 'MOV_12361974'),
('KW_4910', 'MOV_12361974'),
('KW_4911', 'MOV_12361974'),
('KW_3697', 'MOV_12361974'),
('KW_3682', 'MOV_12361974'),
('KW_4912', 'MOV_12361974'),
('KW_3610', 'MOV_12361974'),
('KW_4913', 'MOV_12361974'),
('KW_4914', 'MOV_12361974'),
('KW_4915', 'MOV_12361974'),
('KW_4916', 'MOV_12361974'),
('KW_4917', 'MOV_12361974'),
('KW_4918', 'MOV_12361974'),
('KW_4919', 'MOV_12361974'),
('KW_4920', 'MOV_12361974'),
('KW_4921', 'MOV_12361974'),
('KW_4922', 'MOV_12361974'),
('KW_4923', 'MOV_12361974'),
('KW_4924', 'MOV_12361974'),
('KW_4925', 'MOV_12361974'),
('KW_4926', 'MOV_12361974'),
('KW_4927', 'MOV_12361974'),
('KW_4928', 'MOV_12361974'),
('KW_4929', 'MOV_12361974'),
('KW_4930', 'MOV_12361974'),
('KW_4931', 'MOV_12361974'),
('KW_4932', 'MOV_12361974'),
('KW_4933', 'MOV_12361974'),
('KW_1962', 'MOV_12361974'),
('KW_4934', 'MOV_12361974'),
('KW_4935', 'MOV_12361974'),
('KW_2274', 'MOV_12361974'),
('KW_4936', 'MOV_12361974'),
('KW_4937', 'MOV_12361974'),
('KW_2141', 'MOV_12361974'),
('KW_3710', 'MOV_12361974'),
('KW_3685', 'MOV_12361974'),
('KW_4938', 'MOV_12361974'),
('KW_4939', 'MOV_12361974'),
('KW_3438', 'MOV_12361974'),
('KW_3439', 'MOV_12361974'),
('KW_5234', 'MOV_9664108'),
('KW_5235', 'MOV_9664108'),
('KW_5236', 'MOV_9664108'),
('KW_5086', 'MOV_9664108'),
('KW_5191', 'MOV_9664108'),
('KW_2282', 'MOV_9664108'),
('KW_2496', 'MOV_9664108'),
('KW_5237', 'MOV_9664108'),
('KW_5234', 'MOV_9664108'),
('KW_5235', 'MOV_9664108'),
('KW_5236', 'MOV_9664108'),
('KW_5086', 'MOV_9664108'),
('KW_5191', 'MOV_9664108'),
('KW_2282', 'MOV_9664108'),
('KW_2496', 'MOV_9664108'),
('KW_5237', 'MOV_9664108'),
('KW_5234', 'MOV_9664108'),
('KW_5235', 'MOV_9664108'),
('KW_5236', 'MOV_9664108'),
('KW_5086', 'MOV_9664108'),
('KW_5191', 'MOV_9664108'),
('KW_2282', 'MOV_9664108'),
('KW_2496', 'MOV_9664108'),
('KW_5237', 'MOV_9664108'),
('KW_5238', 'MOV_0068646'),
('KW_4256', 'MOV_0068646'),
('KW_5239', 'MOV_0068646'),
('KW_5240', 'MOV_0068646'),
('KW_5241', 'MOV_0068646'),
('KW_5242', 'MOV_0068646'),
('KW_5243', 'MOV_0068646'),
('KW_2300', 'MOV_0068646'),
('KW_5244', 'MOV_0068646'),
('KW_5245', 'MOV_0068646'),
('KW_2143', 'MOV_0068646'),
('KW_2823', 'MOV_0068646'),
('KW_5246', 'MOV_0068646'),
('KW_5247', 'MOV_0068646'),
('KW_2684', 'MOV_0068646'),
('KW_2272', 'MOV_0068646'),
('KW_5248', 'MOV_0068646'),
('KW_5249', 'MOV_0068646'),
('KW_3446', 'MOV_0068646'),
('KW_3148', 'MOV_0068646'),
('KW_3786', 'MOV_0068646'),
('KW_5250', 'MOV_0068646'),
('KW_5251', 'MOV_0068646'),
('KW_3486', 'MOV_0068646'),
('KW_5252', 'MOV_0068646'),
('KW_5253', 'MOV_0068646'),
('KW_5254', 'MOV_0068646'),
('KW_3939', 'MOV_0068646'),
('KW_5255', 'MOV_0068646'),
('KW_5256', 'MOV_0068646'),
('KW_5257', 'MOV_0068646'),
('KW_3483', 'MOV_0068646'),
('KW_5258', 'MOV_0068646'),
('KW_2116', 'MOV_0068646'),
('KW_3510', 'MOV_0068646'),
('KW_2308', 'MOV_0068646'),
('KW_5259', 'MOV_0068646'),
('KW_5260', 'MOV_0068646'),
('KW_4817', 'MOV_0068646'),
('KW_5261', 'MOV_0068646'),
('KW_4202', 'MOV_0068646'),
('KW_4776', 'MOV_0068646'),
('KW_3335', 'MOV_0068646'),
('KW_4278', 'MOV_0068646'),
('KW_3504', 'MOV_0068646'),
('KW_5262', 'MOV_0068646'),
('KW_5263', 'MOV_0068646'),
('KW_5264', 'MOV_0068646'),
('KW_5265', 'MOV_0068646'),
('KW_5266', 'MOV_0068646'),
('KW_3593', 'MOV_0068646'),
('KW_5267', 'MOV_0068646'),
('KW_2718', 'MOV_0068646'),
('KW_5268', 'MOV_0068646'),
('KW_5269', 'MOV_0068646'),
('KW_3402', 'MOV_0068646'),
('KW_3425', 'MOV_0068646'),
('KW_2548', 'MOV_0068646'),
('KW_4642', 'MOV_0068646'),
('KW_5216', 'MOV_0068646'),
('KW_5270', 'MOV_0068646'),
('KW_3763', 'MOV_0068646'),
('KW_5271', 'MOV_0068646'),
('KW_5272', 'MOV_0068646'),
('KW_2298', 'MOV_0068646'),
('KW_5273', 'MOV_0068646'),
('KW_2024', 'MOV_0068646'),
('KW_5274', 'MOV_0068646'),
('KW_5275', 'MOV_0068646'),
('KW_5276', 'MOV_0068646'),
('KW_2546', 'MOV_0068646'),
('KW_5277', 'MOV_0068646'),
('KW_5278', 'MOV_0068646'),
('KW_5279', 'MOV_0068646'),
('KW_5280', 'MOV_0068646'),
('KW_3076', 'MOV_0068646'),
('KW_5281', 'MOV_0068646'),
('KW_1923', 'MOV_0068646'),
('KW_5282', 'MOV_0068646'),
('KW_2156', 'MOV_0068646'),
('KW_5283', 'MOV_0068646'),
('KW_5284', 'MOV_0068646'),
('KW_5285', 'MOV_0068646'),
('KW_2301', 'MOV_0068646'),
('KW_5286', 'MOV_0068646'),
('KW_5287', 'MOV_0068646'),
('KW_5288', 'MOV_0068646'),
('KW_5289', 'MOV_0068646'),
('KW_2393', 'MOV_0068646'),
('KW_5290', 'MOV_0068646'),
('KW_3505', 'MOV_0068646'),
('KW_5291', 'MOV_0068646'),
('KW_5292', 'MOV_0068646'),
('KW_5293', 'MOV_0068646'),
('KW_3474', 'MOV_0068646'),
('KW_2488', 'MOV_0068646'),
('KW_3192', 'MOV_0068646'),
('KW_5294', 'MOV_0068646'),
('KW_4087', 'MOV_0068646'),
('KW_5295', 'MOV_0068646'),
('KW_5296', 'MOV_0068646'),
('KW_5297', 'MOV_0068646'),
('KW_5298', 'MOV_0068646'),
('KW_5299', 'MOV_0068646'),
('KW_5300', 'MOV_0068646'),
('KW_3753', 'MOV_0068646'),
('KW_3091', 'MOV_0068646'),
('KW_2731', 'MOV_0068646'),
('KW_2171', 'MOV_0068646'),
('KW_5301', 'MOV_0068646'),
('KW_3164', 'MOV_0068646'),
('KW_5302', 'MOV_0068646'),
('KW_5303', 'MOV_0068646'),
('KW_5304', 'MOV_0068646'),
('KW_5305', 'MOV_0068646'),
('KW_5306', 'MOV_0068646'),
('KW_5307', 'MOV_0068646'),
('KW_3016', 'MOV_0068646'),
('KW_5308', 'MOV_0068646'),
('KW_5309', 'MOV_0068646'),
('KW_4866', 'MOV_0068646'),
('KW_4832', 'MOV_0068646'),
('KW_5232', 'MOV_0068646'),
('KW_5310', 'MOV_0068646'),
('KW_5311', 'MOV_0068646'),
('KW_5312', 'MOV_0068646'),
('KW_5313', 'MOV_0068646'),
('KW_5314', 'MOV_0068646'),
('KW_2350', 'MOV_0068646'),
('KW_5315', 'MOV_0068646'),
('KW_5316', 'MOV_0068646'),
('KW_5317', 'MOV_0068646'),
('KW_5318', 'MOV_0068646'),
('KW_5319', 'MOV_0068646'),
('KW_3932', 'MOV_0068646'),
('KW_5320', 'MOV_0068646'),
('KW_5321', 'MOV_0068646'),
('KW_5322', 'MOV_0068646'),
('KW_5323', 'MOV_0068646'),
('KW_5324', 'MOV_0068646'),
('KW_5325', 'MOV_0068646'),
('KW_5326', 'MOV_0068646'),
('KW_5327', 'MOV_0068646'),
('KW_5328', 'MOV_0068646'),
('KW_5329', 'MOV_0068646'),
('KW_5330', 'MOV_0068646'),
('KW_5331', 'MOV_0068646'),
('KW_5332', 'MOV_0068646'),
('KW_5333', 'MOV_0068646'),
('KW_5334', 'MOV_0068646'),
('KW_5335', 'MOV_0068646'),
('KW_5336', 'MOV_0068646'),
('KW_5337', 'MOV_0068646'),
('KW_5338', 'MOV_0068646'),
('KW_5339', 'MOV_0068646'),
('KW_5340', 'MOV_0068646'),
('KW_5341', 'MOV_0068646'),
('KW_5342', 'MOV_0068646'),
('KW_5343', 'MOV_0068646'),
('KW_5344', 'MOV_0068646'),
('KW_5345', 'MOV_0068646'),
('KW_5346', 'MOV_0068646'),
('KW_5347', 'MOV_0068646'),
('KW_5348', 'MOV_0068646'),
('KW_5349', 'MOV_0068646'),
('KW_5350', 'MOV_0068646'),
('KW_5351', 'MOV_0068646'),
('KW_5352', 'MOV_0068646'),
('KW_5353', 'MOV_0068646'),
('KW_5354', 'MOV_0068646'),
('KW_5355', 'MOV_0068646'),
('KW_5356', 'MOV_0068646'),
('KW_5357', 'MOV_0068646'),
('KW_5358', 'MOV_0068646'),
('KW_5359', 'MOV_0068646'),
('KW_5360', 'MOV_0068646'),
('KW_5361', 'MOV_0068646'),
('KW_5362', 'MOV_0068646'),
('KW_5363', 'MOV_0068646'),
('KW_5364', 'MOV_0068646'),
('KW_5365', 'MOV_0068646'),
('KW_5366', 'MOV_0068646'),
('KW_5367', 'MOV_0068646'),
('KW_5368', 'MOV_0068646'),
('KW_5369', 'MOV_0068646'),
('KW_5370', 'MOV_0068646'),
('KW_5371', 'MOV_0068646'),
('KW_5372', 'MOV_0068646'),
('KW_5373', 'MOV_0068646'),
('KW_5374', 'MOV_0068646'),
('KW_5375', 'MOV_0068646'),
('KW_5376', 'MOV_0068646'),
('KW_5377', 'MOV_0068646'),
('KW_5378', 'MOV_0068646'),
('KW_5379', 'MOV_0068646'),
('KW_5380', 'MOV_0068646'),
('KW_5381', 'MOV_0068646'),
('KW_5382', 'MOV_0068646'),
('KW_5383', 'MOV_0068646'),
('KW_4141', 'MOV_0068646'),
('KW_5384', 'MOV_0068646'),
('KW_5385', 'MOV_0068646'),
('KW_5386', 'MOV_0068646'),
('KW_5387', 'MOV_0068646'),
('KW_5388', 'MOV_0068646'),
('KW_5389', 'MOV_0068646'),
('KW_5390', 'MOV_0068646'),
('KW_5391', 'MOV_0068646'),
('KW_5392', 'MOV_0068646'),
('KW_5393', 'MOV_0068646'),
('KW_5394', 'MOV_0068646'),
('KW_5395', 'MOV_0068646'),
('KW_5396', 'MOV_0068646'),
('KW_5397', 'MOV_0068646'),
('KW_5398', 'MOV_0068646'),
('KW_5399', 'MOV_0068646'),
('KW_5400', 'MOV_0068646'),
('KW_5401', 'MOV_0068646'),
('KW_5402', 'MOV_0068646'),
('KW_5403', 'MOV_0068646'),
('KW_5404', 'MOV_0068646'),
('KW_5405', 'MOV_0068646'),
('KW_5406', 'MOV_0068646'),
('KW_5407', 'MOV_0068646'),
('KW_5408', 'MOV_0068646'),
('KW_5409', 'MOV_0068646'),
('KW_5410', 'MOV_0068646'),
('KW_5411', 'MOV_0068646'),
('KW_5412', 'MOV_0068646'),
('KW_5413', 'MOV_0068646'),
('KW_5414', 'MOV_0068646'),
('KW_5415', 'MOV_0068646'),
('KW_5416', 'MOV_0068646'),
('KW_5417', 'MOV_0068646'),
('KW_5418', 'MOV_0068646'),
('KW_5419', 'MOV_0068646'),
('KW_5420', 'MOV_0068646'),
('KW_5421', 'MOV_0068646'),
('KW_5422', 'MOV_0068646'),
('KW_5423', 'MOV_0068646'),
('KW_5424', 'MOV_0068646'),
('KW_5425', 'MOV_0068646'),
('KW_5426', 'MOV_0068646'),
('KW_5427', 'MOV_0068646'),
('KW_5428', 'MOV_0068646'),
('KW_5429', 'MOV_0068646'),
('KW_5430', 'MOV_0068646'),
('KW_5431', 'MOV_0068646'),
('KW_5432', 'MOV_0068646'),
('KW_5433', 'MOV_0068646'),
('KW_5434', 'MOV_0068646'),
('KW_2222', 'MOV_0068646'),
('KW_4577', 'MOV_0068646'),
('KW_5435', 'MOV_0068646'),
('KW_5436', 'MOV_0068646'),
('KW_4823', 'MOV_0068646'),
('KW_5437', 'MOV_0068646'),
('KW_5438', 'MOV_0068646'),
('KW_5439', 'MOV_0068646'),
('KW_5440', 'MOV_0068646'),
('KW_5441', 'MOV_0068646'),
('KW_2280', 'MOV_0068646'),
('KW_4729', 'MOV_0068646'),
('KW_5442', 'MOV_0068646'),
('KW_5443', 'MOV_0068646'),
('KW_5444', 'MOV_0068646'),
('KW_5445', 'MOV_0068646'),
('KW_5446', 'MOV_0068646'),
('KW_5447', 'MOV_0068646'),
('KW_5448', 'MOV_0068646'),
('KW_2739', 'MOV_0068646'),
('KW_5449', 'MOV_0068646'),
('KW_5450', 'MOV_0068646'),
('KW_5451', 'MOV_0068646'),
('KW_5452', 'MOV_0068646'),
('KW_5453', 'MOV_0068646'),
('KW_5454', 'MOV_0068646'),
('KW_3764', 'MOV_0068646'),
('KW_5455', 'MOV_0068646'),
('KW_4487', 'MOV_0068646'),
('KW_4195', 'MOV_0068646'),
('KW_2242', 'MOV_0068646'),
('KW_4266', 'MOV_0068646'),
('KW_3802', 'MOV_0068646'),
('KW_5456', 'MOV_0068646'),
('KW_3781', 'MOV_0068646'),
('KW_2688', 'MOV_0068646'),
('KW_5203', 'MOV_0068646'),
('KW_4543', 'MOV_0068646'),
('KW_4636', 'MOV_0068646'),
('KW_5457', 'MOV_0068646'),
('KW_3841', 'MOV_0068646'),
('KW_5458', 'MOV_0068646'),
('KW_5459', 'MOV_0068646'),
('KW_5460', 'MOV_0068646'),
('KW_5461', 'MOV_0068646'),
('KW_5462', 'MOV_0068646'),
('KW_5463', 'MOV_0068646'),
('KW_5238', 'MOV_0068646'),
('KW_4256', 'MOV_0068646'),
('KW_5239', 'MOV_0068646'),
('KW_5240', 'MOV_0068646'),
('KW_5241', 'MOV_0068646'),
('KW_5242', 'MOV_0068646'),
('KW_5243', 'MOV_0068646'),
('KW_2300', 'MOV_0068646'),
('KW_5244', 'MOV_0068646'),
('KW_5245', 'MOV_0068646'),
('KW_2143', 'MOV_0068646'),
('KW_2823', 'MOV_0068646'),
('KW_5246', 'MOV_0068646'),
('KW_5247', 'MOV_0068646'),
('KW_2684', 'MOV_0068646'),
('KW_2272', 'MOV_0068646'),
('KW_5248', 'MOV_0068646'),
('KW_5249', 'MOV_0068646'),
('KW_3446', 'MOV_0068646'),
('KW_3148', 'MOV_0068646'),
('KW_3786', 'MOV_0068646'),
('KW_5250', 'MOV_0068646'),
('KW_5251', 'MOV_0068646'),
('KW_3486', 'MOV_0068646'),
('KW_5252', 'MOV_0068646'),
('KW_5464', 'MOV_0993840'),
('KW_5465', 'MOV_0993840'),
('KW_5466', 'MOV_0993840'),
('KW_2024', 'MOV_0993840'),
('KW_1941', 'MOV_0993840'),
('KW_5467', 'MOV_0993840'),
('KW_5468', 'MOV_0993840'),
('KW_5434', 'MOV_0993840'),
('KW_2143', 'MOV_0993840'),
('KW_4889', 'MOV_0993840'),
('KW_4713', 'MOV_0993840'),
('KW_5265', 'MOV_0993840'),
('KW_3655', 'MOV_0993840'),
('KW_5469', 'MOV_0993840'),
('KW_3797', 'MOV_0993840'),
('KW_5470', 'MOV_0993840'),
('KW_2282', 'MOV_0993840'),
('KW_5464', 'MOV_0993840'),
('KW_5465', 'MOV_0993840'),
('KW_5466', 'MOV_0993840'),
('KW_2024', 'MOV_0993840'),
('KW_1941', 'MOV_0993840'),
('KW_5467', 'MOV_0993840'),
('KW_5468', 'MOV_0993840'),
('KW_5434', 'MOV_0993840'),
('KW_2143', 'MOV_0993840'),
('KW_4889', 'MOV_0993840'),
('KW_4713', 'MOV_0993840'),
('KW_5265', 'MOV_0993840'),
('KW_3655', 'MOV_0993840'),
('KW_5469', 'MOV_0993840'),
('KW_3797', 'MOV_0993840'),
('KW_5470', 'MOV_0993840'),
('KW_2282', 'MOV_0993840'),
('KW_5464', 'MOV_0993840'),
('KW_5465', 'MOV_0993840'),
('KW_5466', 'MOV_0993840'),
('KW_2024', 'MOV_0993840'),
('KW_1941', 'MOV_0993840'),
('KW_5467', 'MOV_0993840'),
('KW_5468', 'MOV_0993840'),
('KW_5434', 'MOV_0993840'),
('KW_2143', 'MOV_0993840'),
('KW_4889', 'MOV_0993840'),
('KW_4713', 'MOV_0993840'),
('KW_5265', 'MOV_0993840'),
('KW_3655', 'MOV_0993840'),
('KW_5469', 'MOV_0993840'),
('KW_3797', 'MOV_0993840'),
('KW_5470', 'MOV_0993840'),
('KW_2282', 'MOV_0993840'),
('KW_5464', 'MOV_0993840'),
('KW_5465', 'MOV_0993840'),
('KW_5466', 'MOV_0993840'),
('KW_2024', 'MOV_0993840'),
('KW_1941', 'MOV_0993840'),
('KW_5467', 'MOV_0993840'),
('KW_5468', 'MOV_0993840'),
('KW_5434', 'MOV_0993840'),
('KW_2143', 'MOV_0993840'),
('KW_4889', 'MOV_0993840'),
('KW_4713', 'MOV_0993840'),
('KW_5265', 'MOV_0993840'),
('KW_3655', 'MOV_0993840'),
('KW_5469', 'MOV_0993840'),
('KW_3797', 'MOV_0993840'),
('KW_5470', 'MOV_0993840'),
('KW_2282', 'MOV_0993840'),
('KW_5464', 'MOV_0993840'),
('KW_5465', 'MOV_0993840'),
('KW_5466', 'MOV_0993840'),
('KW_2024', 'MOV_0993840'),
('KW_1941', 'MOV_0993840'),
('KW_5467', 'MOV_0993840'),
('KW_5468', 'MOV_0993840'),
('KW_5434', 'MOV_0993840'),
('KW_2143', 'MOV_0993840'),
('KW_4889', 'MOV_0993840'),
('KW_4713', 'MOV_0993840'),
('KW_5265', 'MOV_0993840'),
('KW_3655', 'MOV_0993840'),
('KW_5469', 'MOV_0993840'),
('KW_3797', 'MOV_0993840'),
('KW_5470', 'MOV_0993840'),
('KW_2282', 'MOV_0993840'),
('KW_3843', 'MOV_10514222'),
('KW_2434', 'MOV_10514222'),
('KW_5471', 'MOV_10514222'),
('KW_5472', 'MOV_10514222'),
('KW_5473', 'MOV_10514222'),
('KW_2387', 'MOV_10514222'),
('KW_2415', 'MOV_10514222'),
('KW_2016', 'MOV_10514222'),
('KW_5474', 'MOV_10514222'),
('KW_5475', 'MOV_10514222'),
('KW_5476', 'MOV_10514222'),
('KW_3039', 'MOV_10514222'),
('KW_5477', 'MOV_10514222'),
('KW_5478', 'MOV_10514222'),
('KW_3925', 'MOV_10514222'),
('KW_1924', 'MOV_10514222'),
('KW_5479', 'MOV_10514222'),
('KW_2490', 'MOV_10514222'),
('KW_4742', 'MOV_10514222'),
('KW_2171', 'MOV_10514222'),
('KW_2435', 'MOV_10514222'),
('KW_5480', 'MOV_10514222'),
('KW_5481', 'MOV_10514222'),
('KW_5482', 'MOV_10514222'),
('KW_5483', 'MOV_10514222'),
('KW_5484', 'MOV_10514222'),
('KW_4099', 'MOV_10514222'),
('KW_5485', 'MOV_10514222'),
('KW_5486', 'MOV_10514222'),
('KW_5487', 'MOV_10514222'),
('KW_5488', 'MOV_10514222'),
('KW_4386', 'MOV_10514222'),
('KW_4011', 'MOV_10514222'),
('KW_5489', 'MOV_10514222'),
('KW_4072', 'MOV_10514222'),
('KW_5490', 'MOV_10514222'),
('KW_5491', 'MOV_10514222'),
('KW_4245', 'MOV_10514222'),
('KW_5492', 'MOV_10514222'),
('KW_2433', 'MOV_10514222'),
('KW_5493', 'MOV_10514222'),
('KW_5494', 'MOV_10514222'),
('KW_5495', 'MOV_10514222'),
('KW_5496', 'MOV_10514222'),
('KW_5497', 'MOV_10514222'),
('KW_5498', 'MOV_10514222'),
('KW_5499', 'MOV_10514222'),
('KW_2296', 'MOV_10514222'),
('KW_2418', 'MOV_10514222'),
('KW_2023', 'MOV_10514222'),
('KW_4017', 'MOV_10514222'),
('KW_3885', 'MOV_10514222'),
('KW_3816', 'MOV_10514222'),
('KW_5500', 'MOV_10514222'),
('KW_5501', 'MOV_10514222'),
('KW_2547', 'MOV_10514222'),
('KW_2548', 'MOV_10514222'),
('KW_4174', 'MOV_10514222'),
('KW_5502', 'MOV_10514222'),
('KW_2512', 'MOV_10514222'),
('KW_2520', 'MOV_10514222'),
('KW_4059', 'MOV_10514222'),
('KW_2448', 'MOV_10514222'),
('KW_2449', 'MOV_10514222'),
('KW_5503', 'MOV_10514222'),
('KW_2302', 'MOV_10514222'),
('KW_2300', 'MOV_10514222'),
('KW_2361', 'MOV_10514222'),
('KW_5504', 'MOV_10514222'),
('KW_5505', 'MOV_10514222'),
('KW_5506', 'MOV_10514222'),
('KW_5507', 'MOV_10514222'),
('KW_2317', 'MOV_10514222'),
('KW_2350', 'MOV_10514222'),
('KW_2254', 'MOV_10514222'),
('KW_5508', 'MOV_10514222'),
('KW_4738', 'MOV_10514222'),
('KW_5509', 'MOV_10514222'),
('KW_2222', 'MOV_10514222'),
('KW_2327', 'MOV_10514222'),
('KW_2191', 'MOV_10514222'),
('KW_4195', 'MOV_10514222'),
('KW_5510', 'MOV_10514222'),
('KW_2164', 'MOV_10514222'),
('KW_4588', 'MOV_10514222'),
('KW_5511', 'MOV_10514222'),
('KW_3313', 'MOV_10514222'),
('KW_5512', 'MOV_10514222'),
('KW_5513', 'MOV_10514222'),
('KW_2472', 'MOV_10514222'),
('KW_5514', 'MOV_10514222'),
('KW_5515', 'MOV_10514222'),
('KW_5516', 'MOV_10514222'),
('KW_5517', 'MOV_10514222'),
('KW_4750', 'MOV_10514222'),
('KW_1969', 'MOV_10514222'),
('KW_5518', 'MOV_10514222'),
('KW_5519', 'MOV_10514222'),
('KW_2395', 'MOV_10514222'),
('KW_5520', 'MOV_10514222'),
('KW_5521', 'MOV_10514222'),
('KW_5522', 'MOV_10514222'),
('KW_5523', 'MOV_10514222'),
('KW_2464', 'MOV_10514222'),
('KW_2505', 'MOV_10514222'),
('KW_5524', 'MOV_10514222'),
('KW_2210', 'MOV_10514222'),
('KW_5525', 'MOV_10514222'),
('KW_2305', 'MOV_10514222'),
('KW_5526', 'MOV_10514222'),
('KW_5527', 'MOV_10514222'),
('KW_2582', 'MOV_10514222'),
('KW_3503', 'MOV_10514222'),
('KW_5528', 'MOV_10514222'),
('KW_5529', 'MOV_10514222'),
('KW_2823', 'MOV_10514222'),
('KW_5530', 'MOV_10514222'),
('KW_5531', 'MOV_10514222'),
('KW_2141', 'MOV_10514222'),
('KW_5532', 'MOV_10514222'),
('KW_2006', 'MOV_10514222'),
('KW_5533', 'MOV_10514222'),
('KW_5534', 'MOV_10514222'),
('KW_2200', 'MOV_10514222'),
('KW_5535', 'MOV_10514222'),
('KW_2430', 'MOV_10514222'),
('KW_5536', 'MOV_10514222'),
('KW_5537', 'MOV_10514222'),
('KW_5538', 'MOV_10514222'),
('KW_3294', 'MOV_10514222'),
('KW_3289', 'MOV_10514222'),
('KW_5539', 'MOV_10514222'),
('KW_5540', 'MOV_10514222'),
('KW_5541', 'MOV_10514222'),
('KW_5542', 'MOV_10514222'),
('KW_5543', 'MOV_10514222'),
('KW_5544', 'MOV_10514222'),
('KW_2467', 'MOV_10514222'),
('KW_5545', 'MOV_10514222'),
('KW_5546', 'MOV_10514222'),
('KW_5547', 'MOV_10514222'),
('KW_5548', 'MOV_10514222'),
('KW_5549', 'MOV_10514222'),
('KW_5550', 'MOV_10514222'),
('KW_5551', 'MOV_10514222'),
('KW_5552', 'MOV_10514222'),
('KW_5553', 'MOV_10514222'),
('KW_5554', 'MOV_10514222'),
('KW_5555', 'MOV_10514222'),
('KW_5556', 'MOV_10514222'),
('KW_2313', 'MOV_10514222'),
('KW_5557', 'MOV_10514222'),
('KW_5558', 'MOV_10514222'),
('KW_5559', 'MOV_10514222'),
('KW_5560', 'MOV_10514222'),
('KW_5561', 'MOV_10514222'),
('KW_5562', 'MOV_10514222'),
('KW_5563', 'MOV_10514222'),
('KW_5564', 'MOV_10514222'),
('KW_5565', 'MOV_10514222'),
('KW_5566', 'MOV_10514222'),
('KW_5567', 'MOV_10514222'),
('KW_5568', 'MOV_10514222'),
('KW_5569', 'MOV_10514222'),
('KW_5570', 'MOV_10514222'),
('KW_5571', 'MOV_10514222'),
('KW_5572', 'MOV_10514222'),
('KW_3699', 'MOV_10514222'),
('KW_4532', 'MOV_10514222'),
('KW_5573', 'MOV_10514222'),
('KW_2787', 'MOV_10514222'),
('KW_5574', 'MOV_10514222'),
('KW_5575', 'MOV_10514222'),
('KW_5576', 'MOV_10514222'),
('KW_2143', 'MOV_10514222'),
('KW_3392', 'MOV_10514222'),
('KW_4566', 'MOV_10514222'),
('KW_5577', 'MOV_10514222'),
('KW_5578', 'MOV_10514222'),
('KW_3843', 'MOV_10514222'),
('KW_2434', 'MOV_10514222'),
('KW_5471', 'MOV_10514222'),
('KW_5472', 'MOV_10514222'),
('KW_5473', 'MOV_10514222'),
('KW_2387', 'MOV_10514222'),
('KW_2415', 'MOV_10514222'),
('KW_2016', 'MOV_10514222'),
('KW_5474', 'MOV_10514222'),
('KW_5475', 'MOV_10514222'),
('KW_5476', 'MOV_10514222'),
('KW_3039', 'MOV_10514222'),
('KW_5477', 'MOV_10514222'),
('KW_5478', 'MOV_10514222'),
('KW_3925', 'MOV_10514222'),
('KW_1924', 'MOV_10514222'),
('KW_5479', 'MOV_10514222'),
('KW_2490', 'MOV_10514222'),
('KW_4742', 'MOV_10514222'),
('KW_2171', 'MOV_10514222'),
('KW_2435', 'MOV_10514222'),
('KW_5480', 'MOV_10514222'),
('KW_5481', 'MOV_10514222'),
('KW_5482', 'MOV_10514222'),
('KW_5483', 'MOV_10514222'),
('KW_5484', 'MOV_10514222'),
('KW_4099', 'MOV_10514222'),
('KW_5485', 'MOV_10514222'),
('KW_5486', 'MOV_10514222'),
('KW_5487', 'MOV_10514222'),
('KW_5488', 'MOV_10514222'),
('KW_4386', 'MOV_10514222'),
('KW_4011', 'MOV_10514222'),
('KW_5489', 'MOV_10514222'),
('KW_4072', 'MOV_10514222'),
('KW_5490', 'MOV_10514222'),
('KW_5491', 'MOV_10514222'),
('KW_4245', 'MOV_10514222'),
('KW_5492', 'MOV_10514222'),
('KW_2433', 'MOV_10514222'),
('KW_5493', 'MOV_10514222'),
('KW_5494', 'MOV_10514222'),
('KW_5495', 'MOV_10514222'),
('KW_5496', 'MOV_10514222'),
('KW_5497', 'MOV_10514222'),
('KW_5498', 'MOV_10514222'),
('KW_5499', 'MOV_10514222'),
('KW_2296', 'MOV_10514222'),
('KW_2418', 'MOV_10514222'),
('KW_2023', 'MOV_10514222'),
('KW_4017', 'MOV_10514222'),
('KW_3885', 'MOV_10514222'),
('KW_3816', 'MOV_10514222'),
('KW_5500', 'MOV_10514222'),
('KW_5501', 'MOV_10514222'),
('KW_2547', 'MOV_10514222'),
('KW_2548', 'MOV_10514222'),
('KW_4174', 'MOV_10514222'),
('KW_5502', 'MOV_10514222'),
('KW_2512', 'MOV_10514222'),
('KW_2520', 'MOV_10514222'),
('KW_4059', 'MOV_10514222'),
('KW_2448', 'MOV_10514222'),
('KW_2449', 'MOV_10514222'),
('KW_5503', 'MOV_10514222'),
('KW_2302', 'MOV_10514222'),
('KW_2300', 'MOV_10514222'),
('KW_2361', 'MOV_10514222'),
('KW_5504', 'MOV_10514222'),
('KW_5505', 'MOV_10514222'),
('KW_5506', 'MOV_10514222'),
('KW_5507', 'MOV_10514222'),
('KW_2317', 'MOV_10514222'),
('KW_2350', 'MOV_10514222'),
('KW_2254', 'MOV_10514222'),
('KW_5508', 'MOV_10514222'),
('KW_4738', 'MOV_10514222'),
('KW_2141', 'MOV_9777666'),
('KW_1960', 'MOV_9777666'),
('KW_2282', 'MOV_9777666'),
('KW_5579', 'MOV_9777666'),
('KW_4885', 'MOV_9777666'),
('KW_4296', 'MOV_9777666'),
('KW_2141', 'MOV_9777666'),
('KW_1960', 'MOV_9777666'),
('KW_2282', 'MOV_9777666'),
('KW_5579', 'MOV_9777666'),
('KW_4885', 'MOV_9777666'),
('KW_4296', 'MOV_9777666'),
('KW_2141', 'MOV_9777666'),
('KW_1960', 'MOV_9777666'),
('KW_2282', 'MOV_9777666'),
('KW_5579', 'MOV_9777666'),
('KW_4885', 'MOV_9777666'),
('KW_4296', 'MOV_9777666'),
('KW_2141', 'MOV_9777666'),
('KW_1960', 'MOV_9777666'),
('KW_2282', 'MOV_9777666'),
('KW_5579', 'MOV_9777666'),
('KW_4885', 'MOV_9777666'),
('KW_4296', 'MOV_9777666'),
('KW_3533', 'MOV_9032400'),
('KW_3537', 'MOV_9032400'),
('KW_3531', 'MOV_9032400'),
('KW_5580', 'MOV_9032400'),
('KW_3540', 'MOV_9032400'),
('KW_3539', 'MOV_9032400'),
('KW_3581', 'MOV_9032400'),
('KW_5581', 'MOV_9032400'),
('KW_5582', 'MOV_9032400'),
('KW_4888', 'MOV_9032400'),
('KW_2662', 'MOV_9032400'),
('KW_2664', 'MOV_9032400'),
('KW_5583', 'MOV_9032400'),
('KW_3610', 'MOV_9032400'),
('KW_4107', 'MOV_9032400'),
('KW_3613', 'MOV_9032400'),
('KW_2282', 'MOV_9032400'),
('KW_5584', 'MOV_9032400'),
('KW_3544', 'MOV_9032400'),
('KW_5585', 'MOV_9032400'),
('KW_5586', 'MOV_9032400'),
('KW_5587', 'MOV_9032400'),
('KW_3533', 'MOV_9032400'),
('KW_3537', 'MOV_9032400'),
('KW_3531', 'MOV_9032400'),
('KW_5580', 'MOV_9032400'),
('KW_3540', 'MOV_9032400'),
('KW_3539', 'MOV_9032400'),
('KW_3581', 'MOV_9032400'),
('KW_5581', 'MOV_9032400'),
('KW_5582', 'MOV_9032400'),
('KW_4888', 'MOV_9032400'),
('KW_2662', 'MOV_9032400'),
('KW_2664', 'MOV_9032400'),
('KW_5583', 'MOV_9032400'),
('KW_3610', 'MOV_9032400'),
('KW_4107', 'MOV_9032400'),
('KW_3613', 'MOV_9032400'),
('KW_2282', 'MOV_9032400'),
('KW_5584', 'MOV_9032400'),
('KW_3544', 'MOV_9032400'),
('KW_5585', 'MOV_9032400'),
('KW_5586', 'MOV_9032400'),
('KW_5587', 'MOV_9032400'),
('KW_3533', 'MOV_9032400'),
('KW_3537', 'MOV_9032400'),
('KW_3531', 'MOV_9032400'),
('KW_5580', 'MOV_9032400'),
('KW_3540', 'MOV_9032400'),
('KW_3539', 'MOV_9032400'),
('KW_3581', 'MOV_9032400'),
('KW_5581', 'MOV_9032400'),
('KW_5582', 'MOV_9032400'),
('KW_4888', 'MOV_9032400'),
('KW_2662', 'MOV_9032400'),
('KW_2664', 'MOV_9032400'),
('KW_5583', 'MOV_9032400'),
('KW_3610', 'MOV_9032400'),
('KW_4107', 'MOV_9032400'),
('KW_3613', 'MOV_9032400'),
('KW_2282', 'MOV_9032400'),
('KW_5584', 'MOV_9032400'),
('KW_3544', 'MOV_9032400'),
('KW_5585', 'MOV_9032400'),
('KW_5586', 'MOV_9032400'),
('KW_5587', 'MOV_9032400'),
('KW_3533', 'MOV_9032400'),
('KW_3537', 'MOV_9032400'),
('KW_3531', 'MOV_9032400'),
('KW_5580', 'MOV_9032400'),
('KW_3540', 'MOV_9032400'),
('KW_3539', 'MOV_9032400'),
('KW_3581', 'MOV_9032400'),
('KW_5581', 'MOV_9032400'),
('KW_5582', 'MOV_9032400'),
('KW_4888', 'MOV_9032400'),
('KW_2662', 'MOV_9032400'),
('KW_2664', 'MOV_9032400'),
('KW_5583', 'MOV_9032400'),
('KW_3610', 'MOV_9032400'),
('KW_4107', 'MOV_9032400'),
('KW_3613', 'MOV_9032400'),
('KW_2282', 'MOV_9032400'),
('KW_5584', 'MOV_9032400'),
('KW_3544', 'MOV_9032400'),
('KW_5585', 'MOV_9032400'),
('KW_5586', 'MOV_9032400'),
('KW_5587', 'MOV_9032400'),
('KW_3533', 'MOV_9032400'),
('KW_3537', 'MOV_9032400'),
('KW_3531', 'MOV_9032400'),
('KW_5580', 'MOV_9032400'),
('KW_3540', 'MOV_9032400'),
('KW_3539', 'MOV_9032400'),
('KW_3581', 'MOV_9032400'),
('KW_5581', 'MOV_9032400'),
('KW_5582', 'MOV_9032400'),
('KW_4888', 'MOV_9032400'),
('KW_2662', 'MOV_9032400'),
('KW_2664', 'MOV_9032400'),
('KW_5583', 'MOV_9032400'),
('KW_3610', 'MOV_9032400'),
('KW_4107', 'MOV_9032400'),
('KW_3613', 'MOV_9032400'),
('KW_2282', 'MOV_9032400'),
('KW_5584', 'MOV_9032400'),
('KW_3544', 'MOV_9032400'),
('KW_5585', 'MOV_9032400'),
('KW_5586', 'MOV_9032400'),
('KW_5587', 'MOV_9032400'),
('KW_3925', 'MOV_1321510'),
('KW_3925', 'MOV_1321510'),
('KW_3925', 'MOV_1321510'),
('KW_3925', 'MOV_1321510'),
('KW_3540', 'MOV_9376612'),
('KW_3533', 'MOV_9376612'),
('KW_3537', 'MOV_9376612'),
('KW_3531', 'MOV_9376612'),
('KW_3470', 'MOV_9376612'),
('KW_4618', 'MOV_9376612'),
('KW_3427', 'MOV_9376612'),
('KW_4572', 'MOV_9376612'),
('KW_5580', 'MOV_9376612'),
('KW_5588', 'MOV_9376612'),
('KW_5589', 'MOV_9376612'),
('KW_3581', 'MOV_9376612'),
('KW_3677', 'MOV_9376612'),
('KW_3534', 'MOV_9376612'),
('KW_3613', 'MOV_9376612'),
('KW_2282', 'MOV_9376612'),
('KW_3474', 'MOV_9376612'),
('KW_5220', 'MOV_9376612'),
('KW_3473', 'MOV_9376612'),
('KW_4275', 'MOV_9376612'),
('KW_3475', 'MOV_9376612'),
('KW_4566', 'MOV_9376612'),
('KW_3540', 'MOV_9376612'),
('KW_3533', 'MOV_9376612'),
('KW_3537', 'MOV_9376612'),
('KW_3531', 'MOV_9376612'),
('KW_3470', 'MOV_9376612'),
('KW_4618', 'MOV_9376612'),
('KW_3427', 'MOV_9376612'),
('KW_4572', 'MOV_9376612'),
('KW_5580', 'MOV_9376612'),
('KW_5588', 'MOV_9376612'),
('KW_5589', 'MOV_9376612'),
('KW_3581', 'MOV_9376612'),
('KW_3677', 'MOV_9376612'),
('KW_3534', 'MOV_9376612'),
('KW_3613', 'MOV_9376612'),
('KW_2282', 'MOV_9376612'),
('KW_3474', 'MOV_9376612'),
('KW_5220', 'MOV_9376612'),
('KW_3473', 'MOV_9376612'),
('KW_4275', 'MOV_9376612'),
('KW_3475', 'MOV_9376612'),
('KW_4566', 'MOV_9376612'),
('KW_3540', 'MOV_9376612'),
('KW_3533', 'MOV_9376612'),
('KW_3537', 'MOV_9376612'),
('KW_3531', 'MOV_9376612'),
('KW_3470', 'MOV_9376612'),
('KW_4618', 'MOV_9376612'),
('KW_3427', 'MOV_9376612'),
('KW_4572', 'MOV_9376612'),
('KW_5580', 'MOV_9376612'),
('KW_5588', 'MOV_9376612'),
('KW_5589', 'MOV_9376612'),
('KW_3581', 'MOV_9376612'),
('KW_3677', 'MOV_9376612'),
('KW_3534', 'MOV_9376612'),
('KW_3613', 'MOV_9376612'),
('KW_2282', 'MOV_9376612'),
('KW_3474', 'MOV_9376612'),
('KW_5220', 'MOV_9376612'),
('KW_3473', 'MOV_9376612'),
('KW_4275', 'MOV_9376612'),
('KW_3475', 'MOV_9376612'),
('KW_4566', 'MOV_9376612'),
('KW_3540', 'MOV_9376612'),
('KW_3533', 'MOV_9376612'),
('KW_3537', 'MOV_9376612'),
('KW_3531', 'MOV_9376612'),
('KW_3470', 'MOV_9376612'),
('KW_4618', 'MOV_9376612'),
('KW_3427', 'MOV_9376612'),
('KW_4572', 'MOV_9376612'),
('KW_5580', 'MOV_9376612'),
('KW_5588', 'MOV_9376612'),
('KW_5589', 'MOV_9376612'),
('KW_3581', 'MOV_9376612'),
('KW_3677', 'MOV_9376612'),
('KW_3534', 'MOV_9376612'),
('KW_3613', 'MOV_9376612'),
('KW_2282', 'MOV_9376612'),
('KW_3474', 'MOV_9376612'),
('KW_5220', 'MOV_9376612'),
('KW_3473', 'MOV_9376612'),
('KW_4275', 'MOV_9376612'),
('KW_3475', 'MOV_9376612'),
('KW_4566', 'MOV_9376612'),
('KW_5590', 'MOV_10272386'),
('KW_5591', 'MOV_10272386'),
('KW_5592', 'MOV_10272386'),
('KW_2301', 'MOV_10272386'),
('KW_5433', 'MOV_10272386'),
('KW_5593', 'MOV_10272386'),
('KW_5237', 'MOV_9203694'),
('KW_5594', 'MOV_9203694'),
('KW_5086', 'MOV_9203694'),
('KW_5595', 'MOV_9203694'),
('KW_4457', 'MOV_9203694'),
('KW_5237', 'MOV_9203694'),
('KW_5594', 'MOV_9203694'),
('KW_5086', 'MOV_9203694'),
('KW_5595', 'MOV_9203694'),
('KW_4457', 'MOV_9203694'),
('KW_5237', 'MOV_9203694'),
('KW_5594', 'MOV_9203694'),
('KW_5086', 'MOV_9203694'),
('KW_5595', 'MOV_9203694'),
('KW_4457', 'MOV_9203694'),
('KW_5596', 'MOV_10962368'),
('KW_5597', 'MOV_10962368'),
('KW_3632', 'MOV_10962368'),
('KW_3675', 'MOV_10962368'),
('KW_3882', 'MOV_10962368'),
('KW_5598', 'MOV_10962368'),
('KW_5599', 'MOV_10962368'),
('KW_5600', 'MOV_10962368'),
('KW_5601', 'MOV_10962368'),
('KW_4713', 'MOV_10962368'),
('KW_5602', 'MOV_10962368'),
('KW_5603', 'MOV_10962368'),
('KW_5256', 'MOV_10962368'),
('KW_2299', 'MOV_10962368'),
('KW_5604', 'MOV_10962368'),
('KW_5605', 'MOV_10962368'),
('KW_5606', 'MOV_10962368'),
('KW_5607', 'MOV_10962368'),
('KW_5608', 'MOV_10962368'),
('KW_5609', 'MOV_10962368'),
('KW_1992', 'MOV_10962368'),
('KW_5610', 'MOV_10962368'),
('KW_2060', 'MOV_10962368'),
('KW_5611', 'MOV_10962368'),
('KW_5612', 'MOV_10962368'),
('KW_5613', 'MOV_10962368'),
('KW_5516', 'MOV_10962368'),
('KW_5614', 'MOV_10962368'),
('KW_5167', 'MOV_10962368'),
('KW_5615', 'MOV_10962368'),
('KW_5616', 'MOV_10962368'),
('KW_5617', 'MOV_10962368'),
('KW_5618', 'MOV_10962368'),
('KW_5619', 'MOV_10962368'),
('KW_5620', 'MOV_10962368'),
('KW_5621', 'MOV_10962368'),
('KW_5622', 'MOV_10962368'),
('KW_4439', 'MOV_10962368'),
('KW_5623', 'MOV_10962368'),
('KW_5624', 'MOV_10962368'),
('KW_5625', 'MOV_10962368'),
('KW_5626', 'MOV_10962368'),
('KW_5627', 'MOV_10962368'),
('KW_5628', 'MOV_10962368'),
('KW_3561', 'MOV_10962368'),
('KW_5629', 'MOV_10962368'),
('KW_5630', 'MOV_10962368'),
('KW_5631', 'MOV_10962368'),
('KW_5632', 'MOV_10962368'),
('KW_5633', 'MOV_10962368'),
('KW_5634', 'MOV_10962368'),
('KW_5635', 'MOV_10962368'),
('KW_5636', 'MOV_10962368'),
('KW_5637', 'MOV_10962368'),
('KW_5638', 'MOV_10962368'),
('KW_5639', 'MOV_10962368'),
('KW_5640', 'MOV_10962368'),
('KW_5641', 'MOV_10962368'),
('KW_5642', 'MOV_10962368'),
('KW_2164', 'MOV_10962368'),
('KW_5643', 'MOV_10962368'),
('KW_5644', 'MOV_10962368'),
('KW_5645', 'MOV_10962368'),
('KW_5646', 'MOV_10962368'),
('KW_5647', 'MOV_10962368'),
('KW_5648', 'MOV_10962368'),
('KW_2751', 'MOV_10962368'),
('KW_5649', 'MOV_10962368'),
('KW_2120', 'MOV_10962368'),
('KW_5650', 'MOV_10962368'),
('KW_5651', 'MOV_10962368'),
('KW_5652', 'MOV_10962368'),
('KW_5653', 'MOV_10962368'),
('KW_5654', 'MOV_10962368'),
('KW_5655', 'MOV_10962368'),
('KW_5656', 'MOV_10962368'),
('KW_5657', 'MOV_10962368'),
('KW_5658', 'MOV_10962368'),
('KW_5659', 'MOV_10962368'),
('KW_5660', 'MOV_10962368'),
('KW_5661', 'MOV_10962368'),
('KW_5662', 'MOV_10962368'),
('KW_2465', 'MOV_10962368'),
('KW_5663', 'MOV_10962368'),
('KW_5664', 'MOV_10962368'),
('KW_5665', 'MOV_10962368'),
('KW_5666', 'MOV_10962368'),
('KW_5667', 'MOV_10962368'),
('KW_5668', 'MOV_10962368'),
('KW_5669', 'MOV_10962368'),
('KW_5670', 'MOV_10962368'),
('KW_5671', 'MOV_10962368'),
('KW_5672', 'MOV_10962368'),
('KW_3003', 'MOV_10962368'),
('KW_5673', 'MOV_10962368'),
('KW_5674', 'MOV_10962368'),
('KW_5675', 'MOV_10962368'),
('KW_2317', 'MOV_10962368'),
('KW_5676', 'MOV_10962368'),
('KW_5677', 'MOV_10962368'),
('KW_5678', 'MOV_10962368'),
('KW_5679', 'MOV_10962368'),
('KW_5680', 'MOV_10962368'),
('KW_5681', 'MOV_10962368'),
('KW_5682', 'MOV_10962368'),
('KW_5683', 'MOV_10962368'),
('KW_5684', 'MOV_10962368'),
('KW_5685', 'MOV_10962368'),
('KW_2819', 'MOV_10962368'),
('KW_5686', 'MOV_10962368'),
('KW_3326', 'MOV_10962368'),
('KW_3975', 'MOV_10962368'),
('KW_5687', 'MOV_10962368'),
('KW_2293', 'MOV_10962368'),
('KW_5688', 'MOV_10962368'),
('KW_5689', 'MOV_10962368'),
('KW_5690', 'MOV_10962368'),
('KW_5691', 'MOV_10962368'),
('KW_4788', 'MOV_10962368'),
('KW_3492', 'MOV_10962368'),
('KW_5692', 'MOV_10962368'),
('KW_4363', 'MOV_10962368'),
('KW_5693', 'MOV_10962368'),
('KW_4314', 'MOV_10962368'),
('KW_3187', 'MOV_10962368'),
('KW_5694', 'MOV_10962368'),
('KW_5695', 'MOV_10962368'),
('KW_3489', 'MOV_10962368'),
('KW_2764', 'MOV_10962368'),
('KW_5157', 'MOV_10962368'),
('KW_5696', 'MOV_10962368'),
('KW_5697', 'MOV_10962368'),
('KW_5698', 'MOV_10962368'),
('KW_5699', 'MOV_10962368'),
('KW_5700', 'MOV_10962368'),
('KW_5701', 'MOV_10962368'),
('KW_5702', 'MOV_10962368'),
('KW_5703', 'MOV_10962368'),
('KW_2449', 'MOV_10962368'),
('KW_5704', 'MOV_10962368'),
('KW_2261', 'MOV_10962368'),
('KW_2085', 'MOV_10962368'),
('KW_5705', 'MOV_10962368'),
('KW_5706', 'MOV_10962368'),
('KW_5707', 'MOV_10962368'),
('KW_5708', 'MOV_10962368'),
('KW_5709', 'MOV_10962368'),
('KW_5710', 'MOV_10962368'),
('KW_4278', 'MOV_10962368'),
('KW_5596', 'MOV_10962368'),
('KW_5597', 'MOV_10962368'),
('KW_3632', 'MOV_10962368'),
('KW_3675', 'MOV_10962368'),
('KW_3882', 'MOV_10962368'),
('KW_5598', 'MOV_10962368'),
('KW_5599', 'MOV_10962368'),
('KW_5600', 'MOV_10962368'),
('KW_5601', 'MOV_10962368'),
('KW_4713', 'MOV_10962368'),
('KW_5602', 'MOV_10962368'),
('KW_5603', 'MOV_10962368'),
('KW_5256', 'MOV_10962368'),
('KW_2299', 'MOV_10962368'),
('KW_5604', 'MOV_10962368'),
('KW_5605', 'MOV_10962368'),
('KW_5606', 'MOV_10962368'),
('KW_5607', 'MOV_10962368'),
('KW_5608', 'MOV_10962368'),
('KW_5609', 'MOV_10962368'),
('KW_1992', 'MOV_10962368'),
('KW_5610', 'MOV_10962368'),
('KW_2060', 'MOV_10962368'),
('KW_5611', 'MOV_10962368'),
('KW_5612', 'MOV_10962368'),
('KW_5613', 'MOV_10962368'),
('KW_5516', 'MOV_10962368'),
('KW_5614', 'MOV_10962368'),
('KW_5167', 'MOV_10962368'),
('KW_5615', 'MOV_10962368'),
('KW_5616', 'MOV_10962368'),
('KW_5617', 'MOV_10962368'),
('KW_5618', 'MOV_10962368'),
('KW_5619', 'MOV_10962368'),
('KW_5620', 'MOV_10962368'),
('KW_5621', 'MOV_10962368'),
('KW_5622', 'MOV_10962368'),
('KW_4439', 'MOV_10962368'),
('KW_5623', 'MOV_10962368'),
('KW_5624', 'MOV_10962368'),
('KW_5625', 'MOV_10962368'),
('KW_5626', 'MOV_10962368'),
('KW_5627', 'MOV_10962368'),
('KW_5628', 'MOV_10962368'),
('KW_3561', 'MOV_10962368'),
('KW_5629', 'MOV_10962368'),
('KW_5630', 'MOV_10962368'),
('KW_5631', 'MOV_10962368'),
('KW_5632', 'MOV_10962368'),
('KW_5633', 'MOV_10962368'),
('KW_5634', 'MOV_10962368'),
('KW_5635', 'MOV_10962368'),
('KW_5636', 'MOV_10962368'),
('KW_5637', 'MOV_10962368'),
('KW_5638', 'MOV_10962368'),
('KW_5639', 'MOV_10962368'),
('KW_5640', 'MOV_10962368'),
('KW_5641', 'MOV_10962368'),
('KW_5642', 'MOV_10962368'),
('KW_2164', 'MOV_10962368'),
('KW_5596', 'MOV_10962368'),
('KW_5597', 'MOV_10962368'),
('KW_3632', 'MOV_10962368'),
('KW_3675', 'MOV_10962368'),
('KW_3882', 'MOV_10962368'),
('KW_5598', 'MOV_10962368'),
('KW_5599', 'MOV_10962368'),
('KW_5600', 'MOV_10962368'),
('KW_5601', 'MOV_10962368'),
('KW_4713', 'MOV_10962368'),
('KW_5602', 'MOV_10962368'),
('KW_5603', 'MOV_10962368'),
('KW_5256', 'MOV_10962368'),
('KW_2299', 'MOV_10962368'),
('KW_5604', 'MOV_10962368'),
('KW_5605', 'MOV_10962368'),
('KW_5606', 'MOV_10962368'),
('KW_5607', 'MOV_10962368'),
('KW_5608', 'MOV_10962368'),
('KW_5609', 'MOV_10962368'),
('KW_1992', 'MOV_10962368'),
('KW_5610', 'MOV_10962368'),
('KW_2060', 'MOV_10962368'),
('KW_5611', 'MOV_10962368');
INSERT INTO `keywordconnection_tb` (`keyWord_tb_keywordID`, `movie_tb_movieID`) VALUES
('KW_5612', 'MOV_10962368'),
('KW_5613', 'MOV_10962368'),
('KW_5516', 'MOV_10962368'),
('KW_5614', 'MOV_10962368'),
('KW_5167', 'MOV_10962368'),
('KW_5615', 'MOV_10962368'),
('KW_5616', 'MOV_10962368'),
('KW_5617', 'MOV_10962368'),
('KW_5618', 'MOV_10962368'),
('KW_5619', 'MOV_10962368'),
('KW_5620', 'MOV_10962368'),
('KW_5621', 'MOV_10962368'),
('KW_5622', 'MOV_10962368'),
('KW_4439', 'MOV_10962368'),
('KW_5623', 'MOV_10962368'),
('KW_5624', 'MOV_10962368'),
('KW_5625', 'MOV_10962368'),
('KW_5626', 'MOV_10962368'),
('KW_5627', 'MOV_10962368'),
('KW_5628', 'MOV_10962368'),
('KW_3561', 'MOV_10962368'),
('KW_5629', 'MOV_10962368'),
('KW_5630', 'MOV_10962368'),
('KW_5631', 'MOV_10962368'),
('KW_5632', 'MOV_10962368'),
('KW_5633', 'MOV_10962368'),
('KW_5634', 'MOV_10962368'),
('KW_5635', 'MOV_10962368'),
('KW_5636', 'MOV_10962368'),
('KW_5637', 'MOV_10962368'),
('KW_5638', 'MOV_10962368'),
('KW_5639', 'MOV_10962368'),
('KW_5640', 'MOV_10962368'),
('KW_5641', 'MOV_10962368'),
('KW_5642', 'MOV_10962368'),
('KW_2164', 'MOV_10962368'),
('KW_5596', 'MOV_10962368'),
('KW_5597', 'MOV_10962368'),
('KW_3632', 'MOV_10962368'),
('KW_3675', 'MOV_10962368'),
('KW_3882', 'MOV_10962368'),
('KW_5598', 'MOV_10962368'),
('KW_5599', 'MOV_10962368'),
('KW_5600', 'MOV_10962368'),
('KW_5601', 'MOV_10962368'),
('KW_4713', 'MOV_10962368'),
('KW_5602', 'MOV_10962368'),
('KW_5603', 'MOV_10962368'),
('KW_5256', 'MOV_10962368'),
('KW_2299', 'MOV_10962368'),
('KW_5604', 'MOV_10962368'),
('KW_5605', 'MOV_10962368'),
('KW_5606', 'MOV_10962368'),
('KW_5607', 'MOV_10962368'),
('KW_5608', 'MOV_10962368'),
('KW_5609', 'MOV_10962368'),
('KW_1992', 'MOV_10962368'),
('KW_5610', 'MOV_10962368'),
('KW_2060', 'MOV_10962368'),
('KW_5611', 'MOV_10962368'),
('KW_5612', 'MOV_10962368'),
('KW_5613', 'MOV_10962368'),
('KW_5516', 'MOV_10962368'),
('KW_5614', 'MOV_10962368'),
('KW_5167', 'MOV_10962368'),
('KW_5615', 'MOV_10962368'),
('KW_5616', 'MOV_10962368'),
('KW_5617', 'MOV_10962368'),
('KW_5618', 'MOV_10962368'),
('KW_5619', 'MOV_10962368'),
('KW_5620', 'MOV_10962368'),
('KW_5621', 'MOV_10962368'),
('KW_5622', 'MOV_10962368'),
('KW_4439', 'MOV_10962368'),
('KW_5623', 'MOV_10962368'),
('KW_5624', 'MOV_10962368'),
('KW_5625', 'MOV_10962368'),
('KW_5626', 'MOV_10962368'),
('KW_5627', 'MOV_10962368'),
('KW_5628', 'MOV_10962368'),
('KW_3561', 'MOV_10962368'),
('KW_5629', 'MOV_10962368'),
('KW_5630', 'MOV_10962368'),
('KW_5631', 'MOV_10962368'),
('KW_5632', 'MOV_10962368'),
('KW_5633', 'MOV_10962368'),
('KW_5634', 'MOV_10962368'),
('KW_5635', 'MOV_10962368'),
('KW_5636', 'MOV_10962368'),
('KW_5637', 'MOV_10962368'),
('KW_5638', 'MOV_10962368'),
('KW_5639', 'MOV_10962368'),
('KW_5640', 'MOV_10962368'),
('KW_5641', 'MOV_10962368'),
('KW_5642', 'MOV_10962368'),
('KW_2164', 'MOV_10962368');

-- --------------------------------------------------------

--
-- Table structure for table `keyword_tb`
--

CREATE TABLE `keyword_tb` (
  `keywordID` varchar(100) NOT NULL,
  `keywordName` varchar(100) DEFAULT NULL
) ENGINE=InnoDB DEFAULT CHARSET=utf8mb4;

--
-- Dumping data for table `keyword_tb`
--

INSERT INTO `keyword_tb` (`keywordID`, `keywordName`) VALUES
('KW_1920', 'accident'),
('KW_1921', 'drug use'),
('KW_1922', 'broken windshield'),
('KW_1923', 'loss of wife'),
('KW_1924', 'sex'),
('KW_1925', 'hit and run'),
('KW_1926', 'remake of american film'),
('KW_1927', 'nursing home'),
('KW_1928', 'nurse'),
('KW_1929', 'based on true story'),
('KW_1930', 'friendship'),
('KW_1931', 'hostel life'),
('KW_1932', 'survival'),
('KW_1933', 'monsters'),
('KW_1934', 'dog'),
('KW_1935', 'monster'),
('KW_1936', 'teenager'),
('KW_1937', 'jungle'),
('KW_1938', 'beach'),
('KW_1939', 'boat'),
('KW_1940', 'orphan'),
('KW_1941', 'apocalypse'),
('KW_1942', 'crossbow'),
('KW_1943', 'giant frog'),
('KW_1944', 'giant crab'),
('KW_1945', 'post apocalypse'),
('KW_1946', 'love'),
('KW_1947', 'loss of loved ones'),
('KW_1948', 'reference to tom cruise'),
('KW_1949', 'plant mutation'),
('KW_1950', 'robot'),
('KW_1951', 'animal'),
('KW_1952', 'map'),
('KW_1953', 'child'),
('KW_1954', 'grenade'),
('KW_1955', 'loner'),
('KW_1956', 'bravery'),
('KW_1957', 'drawing'),
('KW_1958', 'trauma'),
('KW_1959', 'quest'),
('KW_1960', 'three word title'),
('KW_1961', 'urban fantasy'),
('KW_1962', 'voice over narration'),
('KW_1963', 'narrated by character'),
('KW_1964', 'narrated by protagonist'),
('KW_1965', 'asteroid'),
('KW_1966', 'mysterious noise'),
('KW_1967', 'animated sequence'),
('KW_1968', 'newspaper article'),
('KW_1969', 'newspaper headline'),
('KW_1970', 'burping'),
('KW_1971', 'cockroach'),
('KW_1972', 'tank'),
('KW_1973', 'man versus animal'),
('KW_1974', 'human versus animal'),
('KW_1975', 'bunker'),
('KW_1976', 'lack of privacy'),
('KW_1977', 'overheard conversation'),
('KW_1978', 'loneliness'),
('KW_1979', 'lonely man'),
('KW_1980', 'community'),
('KW_1981', 'overheard sex'),
('KW_1982', 'awkward situation'),
('KW_1983', 'insomnia'),
('KW_1984', 'insomniac'),
('KW_1985', 'baby'),
('KW_1986', 'cow'),
('KW_1987', 'milking a cow'),
('KW_1988', 'vacuum cleaning'),
('KW_1989', 'vacuum cleaner'),
('KW_1990', 'toothbrushing'),
('KW_1991', 'brushing one\'s teeth'),
('KW_1992', 'bare chested male'),
('KW_1993', 'radar'),
('KW_1994', 'target shooting'),
('KW_1995', 'arrow'),
('KW_1996', 'talking to a cow'),
('KW_1997', 'talking to an animal'),
('KW_1998', 'creature'),
('KW_1999', 'one eyed woman'),
('KW_2000', 'one eyed character'),
('KW_2001', 'flashlight'),
('KW_2002', 'camera shot of feet'),
('KW_2003', 'killed by a monster'),
('KW_2004', 'silhouette'),
('KW_2005', 'mutant'),
('KW_2006', 'freeze frame'),
('KW_2007', 'flashback'),
('KW_2008', 'boyfriend girlfriend relationship'),
('KW_2009', 'posing for a portrait'),
('KW_2010', 'portrait drawing'),
('KW_2011', 'portrait'),
('KW_2012', 'drawing a portrait'),
('KW_2013', 'no signal'),
('KW_2014', 'gift'),
('KW_2015', 'ex boyfriend ex girlfriend relationship'),
('KW_2016', 'teenage boy'),
('KW_2017', 'teenage girl'),
('KW_2018', 'flare'),
('KW_2019', 'alarm'),
('KW_2020', 'explosion'),
('KW_2021', 'sketchbook'),
('KW_2022', 'radio'),
('KW_2023', 'photograph'),
('KW_2024', 'death'),
('KW_2025', 'loss of friend'),
('KW_2026', 'framed photograph'),
('KW_2027', 'interracial relationship'),
('KW_2028', 'chandelier'),
('KW_2029', 'change in lifestyle'),
('KW_2030', 'inner voice'),
('KW_2031', 'mannequin'),
('KW_2032', 'male male hug'),
('KW_2033', 'bus'),
('KW_2034', 'car wreck'),
('KW_2035', 'frisbee'),
('KW_2036', 'frog'),
('KW_2037', 'monster frog'),
('KW_2038', 'mutant frog'),
('KW_2039', 'plaster dwarf'),
('KW_2040', 'hiding in a bus'),
('KW_2041', 'barking dog'),
('KW_2042', 'man versus frog'),
('KW_2043', 'human versus frog'),
('KW_2044', 'talking to a dog'),
('KW_2045', 'frog monster'),
('KW_2046', 'dress'),
('KW_2047', 'character\'s point of view camera shot'),
('KW_2048', 'long distance relationship'),
('KW_2049', 'sleeping in a bus'),
('KW_2050', 'bus wreck'),
('KW_2051', 'friend'),
('KW_2052', 'girl'),
('KW_2053', 'monster hunt'),
('KW_2054', 'monster hunter'),
('KW_2055', 'forest'),
('KW_2056', 'woods'),
('KW_2057', 'binoculars'),
('KW_2058', '16 year old boy'),
('KW_2059', 'father figure'),
('KW_2060', 'little girl'),
('KW_2061', 'taking off shirt'),
('KW_2062', 'male star appears shirtless'),
('KW_2063', 'male objectification'),
('KW_2064', 'talking to a monster'),
('KW_2065', 'overcoming fear'),
('KW_2066', 'campfire'),
('KW_2067', 'team work'),
('KW_2068', '16 year old'),
('KW_2069', '23 year old'),
('KW_2070', '23 year old man'),
('KW_2071', 'sleeping outdoors'),
('KW_2072', 'rude girl'),
('KW_2073', 'upside down camera shot'),
('KW_2074', 'monster bug'),
('KW_2075', 'giant bug'),
('KW_2076', 'broken robot'),
('KW_2077', 'traumatized protagonist'),
('KW_2078', 'traumatized man'),
('KW_2079', 'traumatic memory'),
('KW_2080', 'storm'),
('KW_2081', 'rainstorm'),
('KW_2082', 'rain storm'),
('KW_2083', 'pouring rain'),
('KW_2084', 'downpour'),
('KW_2085', 'wet clothes'),
('KW_2086', 'running in the rain'),
('KW_2087', 'walking in the rain'),
('KW_2088', 'navigation'),
('KW_2089', 'talking to a robot'),
('KW_2090', 'female robot'),
('KW_2091', 'colony'),
('KW_2092', 'caravan'),
('KW_2093', 'hiding behind a tree'),
('KW_2094', 'slow motion scene'),
('KW_2095', 'underwater scene'),
('KW_2096', 'jumping into water'),
('KW_2097', 'leech'),
('KW_2098', 'gag reflex'),
('KW_2099', 'hallucination'),
('KW_2100', 'infection'),
('KW_2101', 'talking flower'),
('KW_2102', 'talking plant'),
('KW_2103', 'reunion'),
('KW_2104', 'boyfriend girlfriend reunion'),
('KW_2105', 'sleeping fully clothed'),
('KW_2106', 'old man'),
('KW_2107', 'old woman'),
('KW_2108', 'senior citizen'),
('KW_2109', 'ship'),
('KW_2110', 'ex boyfriend ex girlfriend reunion'),
('KW_2111', 'estrangement'),
('KW_2112', 'estranged girlfriend'),
('KW_2113', 'captain'),
('KW_2114', 'coming of age'),
('KW_2115', 'note'),
('KW_2116', 'shooting'),
('KW_2117', 'hand grenade'),
('KW_2118', 'voice over flashback'),
('KW_2119', 'listening to music'),
('KW_2120', 'party'),
('KW_2121', 'drunkenness'),
('KW_2122', 'drunken woman'),
('KW_2123', 'drunk woman'),
('KW_2124', 'drunken man'),
('KW_2125', 'punched in the face'),
('KW_2126', 'woman punches a man in the face'),
('KW_2127', 'woman punches a man'),
('KW_2128', 'woman hits a man'),
('KW_2129', 'tied hands'),
('KW_2130', 'bondage'),
('KW_2131', 'male bondage'),
('KW_2132', 'female bondage'),
('KW_2133', 'knocked out'),
('KW_2134', 'sea monster'),
('KW_2135', 'crab'),
('KW_2136', 'crab monster'),
('KW_2137', 'monster crab'),
('KW_2138', 'gunshot'),
('KW_2139', 'man versus crab'),
('KW_2140', 'human versus crab'),
('KW_2141', 'fight'),
('KW_2142', 'catfight'),
('KW_2143', 'violence'),
('KW_2144', 'violent woman'),
('KW_2145', 'man hits a woman'),
('KW_2146', 'motorboat'),
('KW_2147', 'fight on a beach'),
('KW_2148', 'cryptozoology'),
('KW_2149', 'bestiary'),
('KW_2150', '24 year old'),
('KW_2151', '24 year old man'),
('KW_2152', 'told in flashback'),
('KW_2153', 'patchwork family'),
('KW_2154', 'death of parents'),
('KW_2155', 'loss of mother'),
('KW_2156', 'loss of father'),
('KW_2157', 'audio tape'),
('KW_2158', 'tape recorder'),
('KW_2159', 'dog licks someone\'s face'),
('KW_2160', 'man with long hair'),
('KW_2161', 'man wears an open shirt'),
('KW_2162', 'saving a life'),
('KW_2163', 'woman wears an eyepatch'),
('KW_2164', 'apology'),
('KW_2165', 'missile'),
('KW_2166', 'mutation'),
('KW_2167', 'short wave radio'),
('KW_2168', 'fairfield california'),
('KW_2169', 'sketch'),
('KW_2170', 'reference to the red hot chili peppers'),
('KW_2171', 'no opening credits'),
('KW_2172', 'creature feature'),
('KW_2173', 'pit'),
('KW_2174', 'sword'),
('KW_2175', 'giant creature'),
('KW_2176', 'giant monster'),
('KW_2177', 'giant animal'),
('KW_2178', 'giant snail'),
('KW_2179', 'giant insect'),
('KW_2180', 'giant leech'),
('KW_2181', 'giant ant'),
('KW_2182', 'giant worm'),
('KW_2183', 'worm'),
('KW_2184', 'kaiju'),
('KW_2185', 'ant'),
('KW_2186', 'snail'),
('KW_2187', 'surrealism'),
('KW_2188', 'berry'),
('KW_2189', 'survivalist'),
('KW_2190', 'death of family'),
('KW_2191', 'montage'),
('KW_2192', 'target practice'),
('KW_2193', 'loss of family'),
('KW_2194', 'shotgun'),
('KW_2195', 'shot with an arrow'),
('KW_2196', 'animal attack'),
('KW_2197', 'animal killing'),
('KW_2198', 'cannon'),
('KW_2199', 'grenade launcher'),
('KW_2200', 'food'),
('KW_2201', 'hands tied'),
('KW_2202', 'exploding body'),
('KW_2203', 'minestrone'),
('KW_2204', 'sinking ship'),
('KW_2205', 'ship captain'),
('KW_2206', 'reference to king kong'),
('KW_2207', 'australian'),
('KW_2208', 'twenty something'),
('KW_2209', 'eaten alive'),
('KW_2210', '8 year old'),
('KW_2211', 'poetic justice'),
('KW_2212', 'metaphor'),
('KW_2213', 'love interest'),
('KW_2214', 'ham radio'),
('KW_2215', 'amateur radio'),
('KW_2216', 'crushed to death'),
('KW_2217', 'subterranean'),
('KW_2218', 'british actress playing american character'),
('KW_2219', 'pickup truck'),
('KW_2220', 'poison'),
('KW_2221', 'mountain'),
('KW_2222', 'kiss'),
('KW_2223', 'character repeating someone else\'s dialogue'),
('KW_2224', 'repeated line'),
('KW_2225', 'character says i love you'),
('KW_2226', 'survivor'),
('KW_2227', 'kidnapping'),
('KW_2228', 'rescue'),
('KW_2229', 'escape'),
('KW_2230', 'deception'),
('KW_2231', 'double cross'),
('KW_2232', 'ambush'),
('KW_2233', 'stray dog'),
('KW_2234', 'suburbia'),
('KW_2235', 'abandoned house'),
('KW_2236', 'trailer home'),
('KW_2237', 'abandoned bus'),
('KW_2238', 'humor'),
('KW_2239', 'black comedy'),
('KW_2240', 'fear'),
('KW_2241', 'danger'),
('KW_2242', 'near death experience'),
('KW_2243', 'training'),
('KW_2244', 'ferris wheel'),
('KW_2245', 'attempted murder'),
('KW_2246', 'race against time'),
('KW_2247', 'shield'),
('KW_2248', 'nonlinear timeline'),
('KW_2249', 'henchman'),
('KW_2250', 'henchwoman'),
('KW_2251', 'chained'),
('KW_2252', 'brawl'),
('KW_2253', 'combat'),
('KW_2254', 'chase'),
('KW_2255', 'thief'),
('KW_2256', 'female thief'),
('KW_2257', 'long tongue'),
('KW_2258', 'severed leg'),
('KW_2259', 'drawing book'),
('KW_2260', 'power outage'),
('KW_2261', 'heavy rain'),
('KW_2262', 'hanging upside down'),
('KW_2263', 'courage'),
('KW_2264', 'river'),
('KW_2265', 'armory'),
('KW_2266', 'california'),
('KW_2267', 'journey'),
('KW_2268', 'giant centipede'),
('KW_2269', 'centipede'),
('KW_2270', 'abandoned motel'),
('KW_2271', 'reverse footage'),
('KW_2272', 'revenge'),
('KW_2273', 'electrocution'),
('KW_2274', 'yacht'),
('KW_2275', 'aerial camera shot'),
('KW_2276', 'falling into a hole'),
('KW_2277', 'suburb'),
('KW_2278', 'death of friend'),
('KW_2279', 'death of mother'),
('KW_2280', 'death of father'),
('KW_2281', 'surprise ending'),
('KW_2282', 'psychotronic film'),
('KW_2283', 'korean american'),
('KW_2284', 'hope'),
('KW_2285', 'korean immigrant'),
('KW_2286', 'paper airplane'),
('KW_2287', 'little boy wets the bed'),
('KW_2288', 'trash burning'),
('KW_2289', 'reference to ronald reagan'),
('KW_2290', 'man carries a wooden cross over his shoulder'),
('KW_2291', 'snake'),
('KW_2292', 'old woman wets the bed'),
('KW_2293', 'hospital'),
('KW_2294', 'stroke'),
('KW_2295', 'farm'),
('KW_2296', 'bigger dreams'),
('KW_2297', 'arkansas'),
('KW_2298', 'family relationships'),
('KW_2299', 'husband wife relationship'),
('KW_2300', 'father son relationship'),
('KW_2301', 'father daughter relationship'),
('KW_2302', 'mother son relationship'),
('KW_2303', 'mother daughter relationship'),
('KW_2304', 'scene during opening credits'),
('KW_2305', 'boy'),
('KW_2306', 'rental truck'),
('KW_2307', 'farming'),
('KW_2308', 'brother sister relationship'),
('KW_2309', 'little boy'),
('KW_2310', 'man wears an undershirt'),
('KW_2311', 'stethoscope'),
('KW_2312', 'hatchery'),
('KW_2313', 'chicken'),
('KW_2314', 'baby chick'),
('KW_2315', 'clapping'),
('KW_2316', 'running little boy'),
('KW_2317', 'cigarette smoking'),
('KW_2318', 'rogers arkansas'),
('KW_2319', 'skepticism'),
('KW_2320', 'garden'),
('KW_2321', 'rain'),
('KW_2322', 'tornado'),
('KW_2323', 'watching tv'),
('KW_2324', 'tv news'),
('KW_2325', 'loss of electricity'),
('KW_2326', 'worrying'),
('KW_2327', 'money'),
('KW_2328', 'grandmother granddaughter relationship'),
('KW_2329', 'grandmother grandson relationship'),
('KW_2330', 'mother in law son in law relationship'),
('KW_2331', 'man wears a baseball cap'),
('KW_2332', 'eating'),
('KW_2333', 'trailer house'),
('KW_2334', 'man with a mustache'),
('KW_2335', 'blindfolded man'),
('KW_2336', 'dowsing rod'),
('KW_2337', 'blood pressure cuff'),
('KW_2338', 'water well'),
('KW_2339', 'father son hug'),
('KW_2340', 'shovel'),
('KW_2341', 'fire in a steel barrel'),
('KW_2342', 'digging a hole'),
('KW_2343', 'yelling man'),
('KW_2344', 'yelling little boy'),
('KW_2345', 'buying shoes'),
('KW_2346', '1980s'),
('KW_2347', 'bank'),
('KW_2348', 'candy sucker'),
('KW_2349', 'little boy wears cowboy boots'),
('KW_2350', 'man wears eyeglasses'),
('KW_2351', 'korean vegetable'),
('KW_2352', 'korean fruit'),
('KW_2353', 'korean money'),
('KW_2354', 'praying'),
('KW_2355', 'looking out a window'),
('KW_2356', 'chicken sexing'),
('KW_2357', 'laughter'),
('KW_2358', 'happiness'),
('KW_2359', 'tractor'),
('KW_2360', 'swing'),
('KW_2361', 'overhead camera shot'),
('KW_2362', 'korean food'),
('KW_2363', 'man pours water over his head'),
('KW_2364', 'dead father'),
('KW_2365', 'dead grandfather'),
('KW_2366', 'posing for a photograph'),
('KW_2367', 'camera'),
('KW_2368', 'photographer'),
('KW_2369', 'shyness'),
('KW_2370', 'chili powder'),
('KW_2371', 'anchovy'),
('KW_2372', 'crying woman'),
('KW_2373', 'whispering'),
('KW_2374', '7 year old'),
('KW_2375', '7 year old boy'),
('KW_2376', 'b word'),
('KW_2377', 'planting'),
('KW_2378', 'irrigation'),
('KW_2379', 'little boy wears pajamas'),
('KW_2380', 'sense of smell'),
('KW_2381', 'banana'),
('KW_2382', 'mountain dew'),
('KW_2383', 'card playing'),
('KW_2384', 'sitting on the floor'),
('KW_2385', 'minari'),
('KW_2386', 'creek'),
('KW_2387', 'song'),
('KW_2388', 'chopsticks the eating utensil'),
('KW_2389', 'little boy with a weak heart'),
('KW_2390', 'penis'),
('KW_2391', 'dream'),
('KW_2392', 'urination'),
('KW_2393', 'church'),
('KW_2394', 'offering plate'),
('KW_2395', 'applause'),
('KW_2396', 'preacher'),
('KW_2397', 'cultural differences'),
('KW_2398', 'racial prejudice'),
('KW_2399', 'race relations'),
('KW_2400', 'chestnut'),
('KW_2401', 'weak heart'),
('KW_2402', 'little boy wears a shirt and tie'),
('KW_2403', 'man wears a suit and tie'),
('KW_2404', 'religion'),
('KW_2405', 'sunday'),
('KW_2406', 'watching a fight on tv'),
('KW_2407', 'doubt'),
('KW_2408', 'urine'),
('KW_2409', 'old woman drinks urine'),
('KW_2410', 'little boy wears shorts'),
('KW_2411', 'broken stick'),
('KW_2412', 'hillbilly'),
('KW_2413', 'sick'),
('KW_2414', 'wheelbarrow'),
('KW_2415', 'piano player'),
('KW_2416', 'man in a bathtub'),
('KW_2417', 'losing money'),
('KW_2418', 'microphone'),
('KW_2419', 'water supply'),
('KW_2420', 'farmhand'),
('KW_2421', 'telephone'),
('KW_2422', 'telephone call'),
('KW_2423', 'rural setting'),
('KW_2424', 'arm injury'),
('KW_2425', 'leg injury'),
('KW_2426', 'teasing'),
('KW_2427', 'medicine'),
('KW_2428', 'hand fish net'),
('KW_2429', 'cousin cousin relationship'),
('KW_2430', 'overhearing a conversation'),
('KW_2431', 'sleeplessness'),
('KW_2432', 'fear of dying'),
('KW_2433', 'singer'),
('KW_2434', 'singing'),
('KW_2435', 'piano'),
('KW_2436', 'shed'),
('KW_2437', 'church bus'),
('KW_2438', 'exorcism'),
('KW_2439', 'kimchi'),
('KW_2440', 'oklahoma city oklahoma'),
('KW_2441', 'raised middle finger'),
('KW_2442', 'boy wears sunglasses'),
('KW_2443', 'chewing tobacco'),
('KW_2444', 'little boy tries chewing tobacco'),
('KW_2445', 'boy wears a cowboy hat'),
('KW_2446', 'boy imitates a cowboy'),
('KW_2447', 'brushing teeth'),
('KW_2448', 'mirror'),
('KW_2449', 'looking at oneself in a mirror'),
('KW_2450', 'ill old woman'),
('KW_2451', 'ill mother'),
('KW_2452', 'ill grandmother'),
('KW_2453', 'sleepover'),
('KW_2454', 'selfishness'),
('KW_2455', 'bathroom'),
('KW_2456', 'mentally challenged man'),
('KW_2457', 'kneeling man'),
('KW_2458', 'prayer'),
('KW_2459', 'sleeping on the floor'),
('KW_2460', 'tv weather show'),
('KW_2461', 'little boy yawns'),
('KW_2462', 'station wagon'),
('KW_2463', 'sonogram'),
('KW_2464', 'memory'),
('KW_2465', 'marital problem'),
('KW_2466', 'debt'),
('KW_2467', 'doctor'),
('KW_2468', 'hole in heart'),
('KW_2469', 'kimbap'),
('KW_2470', 'bowing'),
('KW_2471', 'faith'),
('KW_2472', 'crying man'),
('KW_2473', 'old woman uses a cane'),
('KW_2474', 'shed on fire'),
('KW_2475', 'nickname'),
('KW_2476', 'husband saves his wife\'s life'),
('KW_2477', 'yelling for someone'),
('KW_2478', 'burned out shed'),
('KW_2479', 'gardening'),
('KW_2480', 'written by director'),
('KW_2481', 'cerebrovascular accident'),
('KW_2482', 'rearview mirror'),
('KW_2483', 'living in a van'),
('KW_2484', 'van'),
('KW_2485', 'nomad'),
('KW_2486', 'economic recession'),
('KW_2487', 'female frontal nudity'),
('KW_2488', 'female nudity'),
('KW_2489', 'nudity'),
('KW_2490', 'female protagonist'),
('KW_2491', 'on the road'),
('KW_2492', 'folding chair'),
('KW_2493', 'dinosaur statue'),
('KW_2494', 'female full frontal nudity'),
('KW_2495', 'female urinates'),
('KW_2496', 'one word title'),
('KW_2497', 'toilet'),
('KW_2498', 'snow'),
('KW_2499', 'breaking a plate'),
('KW_2500', 'camp'),
('KW_2501', 'homeless person'),
('KW_2502', 'crocodile'),
('KW_2503', 'alligator'),
('KW_2504', 'dust'),
('KW_2505', 'sandwich'),
('KW_2506', 'economics'),
('KW_2507', 'desert'),
('KW_2508', 'nevada'),
('KW_2509', 'bonfire'),
('KW_2510', 'prologue'),
('KW_2511', 'speech'),
('KW_2512', 'drink'),
('KW_2513', 'skinny dipping'),
('KW_2514', 'shower'),
('KW_2515', 'woman in a shower'),
('KW_2516', 'can opener'),
('KW_2517', 'rv recreational vehicle'),
('KW_2518', 'rock'),
('KW_2519', 'homelessness'),
('KW_2520', 'drinking'),
('KW_2521', 'buffalo'),
('KW_2522', 'turkey as food'),
('KW_2523', 'cell phone'),
('KW_2524', 'train'),
('KW_2525', 'cooking'),
('KW_2526', 'knocking on a door'),
('KW_2527', 'transistor radio'),
('KW_2528', 'laundromat'),
('KW_2529', 'suicidal thoughts'),
('KW_2530', 'unemployment'),
('KW_2531', 'mount rushmore replica'),
('KW_2532', 'looking for a job'),
('KW_2533', 'american west'),
('KW_2534', 'widow'),
('KW_2535', 'empire nevada'),
('KW_2536', 'ex substitute teacher'),
('KW_2537', 'farmhouse'),
('KW_2538', 'year 2011'),
('KW_2539', 'loss of job'),
('KW_2540', 'amazon fulfillment center'),
('KW_2541', 'arizona'),
('KW_2542', 'self sufficiency'),
('KW_2543', 'flat tire'),
('KW_2544', 'cancer'),
('KW_2545', 'death of husband'),
('KW_2546', 'loss of husband'),
('KW_2547', 'dancer'),
('KW_2548', 'dancing'),
('KW_2549', 'rv camp host'),
('KW_2550', 'cleaning a toilet bowl'),
('KW_2551', 'emergency surgery'),
('KW_2552', 'restaurant'),
('KW_2553', 'beet the vegetable'),
('KW_2554', 'sister sister relationship'),
('KW_2555', 'brother in law sister in law relationship'),
('KW_2556', 'abandoned factory'),
('KW_2557', 'flute'),
('KW_2558', 'female flutist'),
('KW_2559', 'bucket'),
('KW_2560', 'taser'),
('KW_2561', 'pot holder'),
('KW_2562', 'tribe'),
('KW_2563', 'retirement'),
('KW_2564', 'banjo'),
('KW_2565', 'echo'),
('KW_2566', 'canyon'),
('KW_2567', 'waving goodbye'),
('KW_2568', 'lantern'),
('KW_2569', 'american flag'),
('KW_2570', 'strobe light'),
('KW_2571', 'self storage'),
('KW_2572', 'gas station'),
('KW_2573', 'filling station'),
('KW_2574', 'cold the temperature'),
('KW_2575', 'paleontology'),
('KW_2576', 'birthday party'),
('KW_2577', 'rubber gloves'),
('KW_2578', 'balloon'),
('KW_2579', 'restaurant kitchen'),
('KW_2580', 'hamburger'),
('KW_2581', 'story telling'),
('KW_2582', 'doorbell'),
('KW_2583', 'auto mechanic'),
('KW_2584', 'garage'),
('KW_2585', 'backpack'),
('KW_2586', 'piano duet'),
('KW_2587', 'knitting'),
('KW_2588', 'bedroom'),
('KW_2589', 'grief'),
('KW_2590', 'happy new year'),
('KW_2591', 'loss'),
('KW_2592', 'sparkler'),
('KW_2593', 'wedding ring'),
('KW_2594', 'hardhat'),
('KW_2595', 'fortune teller'),
('KW_2596', 'campbell\'s soup'),
('KW_2597', 'animal crackers'),
('KW_2598', 'backyard barbecue'),
('KW_2599', 'loan'),
('KW_2600', 'borrowing money'),
('KW_2601', 'star gazing'),
('KW_2602', 'jupiter the planet'),
('KW_2603', 'vega the star'),
('KW_2604', 'ant the insect'),
('KW_2605', 'gluing together a broken plate'),
('KW_2606', 'telescope'),
('KW_2607', 'clothing'),
('KW_2608', 'santa claus lamp'),
('KW_2609', 'trailer'),
('KW_2610', 'jigsaw puzzle'),
('KW_2611', 'sneezing'),
('KW_2612', 'employment office'),
('KW_2613', 'dining hall'),
('KW_2614', 'suv'),
('KW_2615', 'healing'),
('KW_2616', 'houselessness'),
('KW_2617', 'reference to william shakespeare'),
('KW_2618', 'reference to shakespeare\'s macbeth'),
('KW_2619', 'poem'),
('KW_2620', 'reciting a poem out loud'),
('KW_2621', 'working class'),
('KW_2622', 'dishes'),
('KW_2623', 'man wears a cowboy hat'),
('KW_2624', 'cigarette lighter'),
('KW_2625', 'lighting a cigarette'),
('KW_2626', 'skull and crossbones flag'),
('KW_2627', 'paint'),
('KW_2628', 'coughing'),
('KW_2629', 'spitting'),
('KW_2630', 'sleeping mask'),
('KW_2631', 'swallow the bird'),
('KW_2632', 'reference to dr. jack kervorkian'),
('KW_2633', 'pain'),
('KW_2634', 'woman with her arm in a sling'),
('KW_2635', 'man with his arm in a sling'),
('KW_2636', 'guitar'),
('KW_2637', 'guitar player'),
('KW_2638', 'female banjo player'),
('KW_2639', 'giving a toast'),
('KW_2640', 'haircut'),
('KW_2641', 'resume'),
('KW_2642', 'cleaning a bathroom'),
('KW_2643', 'photograph on a cell phone'),
('KW_2644', 'absent father'),
('KW_2645', 'eccentric'),
('KW_2646', 'feeding a horse'),
('KW_2647', 'urinating outside'),
('KW_2648', 'ghost town'),
('KW_2649', 'seasonal worker'),
('KW_2650', 'manual labor'),
('KW_2651', 'sleeping in a van'),
('KW_2652', 'sister relationship'),
('KW_2653', 'car trouble'),
('KW_2654', 'william shakespeare quotation'),
('KW_2655', 'female pubic hair'),
('KW_2656', 'pubic hair'),
('KW_2657', 'brief female full frontal nudity'),
('KW_2658', 'reference to the smiths'),
('KW_2659', 'reference to morrissey'),
('KW_2660', 'existential loneliness'),
('KW_2661', 'based on book'),
('KW_2662', 'title directed by female'),
('KW_2663', 'title written by female'),
('KW_2664', 'f rated'),
('KW_2665', 'triple f rated'),
('KW_2666', 'feminism'),
('KW_2667', 'woman wears eyeglasses'),
('KW_2668', 'female humanoid'),
('KW_2669', 'villainess'),
('KW_2670', 'female killer'),
('KW_2671', 'female villain'),
('KW_2672', 'woman murders a man'),
('KW_2673', 'murderess'),
('KW_2674', 'acronym in title'),
('KW_2675', 'artificial intelligence'),
('KW_2676', 'vice president'),
('KW_2677', 'vice president\'s son'),
('KW_2678', 'year 2040'),
('KW_2679', 'avenge'),
('KW_2680', 'time loop'),
('KW_2681', 'stuck in a time loop'),
('KW_2682', 'day repeats itself'),
('KW_2683', 'unable to die'),
('KW_2684', 'wedding'),
('KW_2685', 'infidelity'),
('KW_2686', 'earthquake'),
('KW_2687', 'goat'),
('KW_2688', 'bar'),
('KW_2689', 'deja vu'),
('KW_2690', 'suicide'),
('KW_2691', 'drug'),
('KW_2692', 'handjob'),
('KW_2693', 'woman masturbates a man'),
('KW_2694', 'handjob in a car'),
('KW_2695', 'woman gives a handjob'),
('KW_2696', 'older woman younger man sex'),
('KW_2697', 'seductive behavior'),
('KW_2698', 'november 9'),
('KW_2699', 'lying on a bed'),
('KW_2700', 'waking up'),
('KW_2701', 'homosexual sex'),
('KW_2702', 'falling in love'),
('KW_2703', 'trapped for all eternity'),
('KW_2704', 'eternal life'),
('KW_2705', 'soul mate'),
('KW_2706', 'arrow in the back'),
('KW_2707', 'anal sex'),
('KW_2708', 'simulated sex'),
('KW_2709', 'palm springs california'),
('KW_2710', 'austin texas'),
('KW_2711', 'swimming pool'),
('KW_2712', 'cannonball dive'),
('KW_2713', 'floating in a swimming pool'),
('KW_2714', 'cave'),
('KW_2715', 'unsuccessful sex'),
('KW_2716', 'car crashes into a truck'),
('KW_2717', 'irvine california'),
('KW_2718', 'wedding reception'),
('KW_2719', 'man bound and gagged'),
('KW_2720', 'maid of honor'),
('KW_2721', 'stolen airplane'),
('KW_2722', 'blindfold'),
('KW_2723', 'dinosaur'),
('KW_2724', 'handcuffs'),
('KW_2725', 'cocaine'),
('KW_2726', 'stabbed with a fork'),
('KW_2727', 'arrow in the chest'),
('KW_2728', 'wedding toast'),
('KW_2729', 'hawaiian shirt'),
('KW_2730', 'arrest'),
('KW_2731', 'two word title'),
('KW_2732', 'place in title'),
('KW_2733', 'sunbathing'),
('KW_2734', 'barefoot male'),
('KW_2735', 'sexual humor'),
('KW_2736', 'barmaid'),
('KW_2737', 'camera shot of an eye'),
('KW_2738', 'close up of an eye'),
('KW_2739', 'sex scene'),
('KW_2740', 'sex in front of a mirror'),
('KW_2741', 'interrupted sex'),
('KW_2742', 'masturbation'),
('KW_2743', 'wedding day'),
('KW_2744', 'womanchild'),
('KW_2745', 'infantile woman'),
('KW_2746', 'childish woman'),
('KW_2747', 'jumping into a swimming pool'),
('KW_2748', 'groom'),
('KW_2749', 'beer drinking'),
('KW_2750', 'wedding party'),
('KW_2751', 'drinking wine'),
('KW_2752', 'proposing a toast'),
('KW_2753', 'dance scene'),
('KW_2754', 'bartender'),
('KW_2755', 'alcoholic'),
('KW_2756', 'mysterious event'),
('KW_2757', 'oral sex'),
('KW_2758', 'cunnilingus'),
('KW_2759', 'caught cheating'),
('KW_2760', 'cheating girlfriend'),
('KW_2761', 'adulterous girlfriend'),
('KW_2762', 'unfaithful girlfriend'),
('KW_2763', 'black sheep of family'),
('KW_2764', 'f word'),
('KW_2765', 'loud sex'),
('KW_2766', 'repeated event'),
('KW_2767', 'screaming man'),
('KW_2768', 'screaming woman'),
('KW_2769', 'scream'),
('KW_2770', 'foot chase'),
('KW_2771', 'crawling'),
('KW_2772', 'throwing a can at someone'),
('KW_2773', 'wedding preparations'),
('KW_2774', 'vertigo shot'),
('KW_2775', 'repeated day'),
('KW_2776', 'second chance'),
('KW_2777', 'tooth knocked out'),
('KW_2778', 'vomiting'),
('KW_2779', 'entrapment'),
('KW_2780', 'trapped'),
('KW_2781', 'time travel'),
('KW_2782', 'backwards time travel'),
('KW_2783', 'time travel comedy'),
('KW_2784', 'bimbo'),
('KW_2785', 'failed expectation'),
('KW_2786', 'prairie'),
('KW_2787', 'reference to god'),
('KW_2788', 'escape attempt'),
('KW_2789', 'smoothie'),
('KW_2790', 'promiscuity'),
('KW_2791', 'promiscuous woman'),
('KW_2792', 'texas'),
('KW_2793', 'talking to oneself'),
('KW_2794', 'camera shot of eyes'),
('KW_2795', 'close up of eyes'),
('KW_2796', 'nihilist'),
('KW_2797', 'nihilism'),
('KW_2798', 'nihilistic man'),
('KW_2799', 'dying repeatedly'),
('KW_2800', 'suicide attempt'),
('KW_2801', 'hit by a car'),
('KW_2802', 'truck'),
('KW_2803', 'drinking from a bottle'),
('KW_2804', 'attempted suicide'),
('KW_2805', 'darts'),
('KW_2806', 'playing darts'),
('KW_2807', 'wedding guest'),
('KW_2808', 'manhunt'),
('KW_2809', 'suicidal'),
('KW_2810', 'suicidal man'),
('KW_2811', 'suicidal woman'),
('KW_2812', 'existential crisis'),
('KW_2813', 'hiding in a shower'),
('KW_2814', 'hiding in a bathtub'),
('KW_2815', 'drugged'),
('KW_2816', 'drugged man'),
('KW_2817', 'same sex dance'),
('KW_2818', 'male nudity'),
('KW_2819', 'male rear nudity'),
('KW_2820', 'bare butt'),
('KW_2821', 'male bare butt'),
('KW_2822', 'setting a fire'),
('KW_2823', 'murder'),
('KW_2824', 'death by immolation'),
('KW_2825', 'immolation'),
('KW_2826', 'burned to death'),
('KW_2827', 'bound and gagged'),
('KW_2828', 'gagged man'),
('KW_2829', 'gagged'),
('KW_2830', 'vigilante'),
('KW_2831', 'vigilante justice'),
('KW_2832', 'frontier justice'),
('KW_2833', 'arrow in back'),
('KW_2834', 'torture'),
('KW_2835', 'waterboarding'),
('KW_2836', 'violent man'),
('KW_2837', 'whip'),
('KW_2838', 'swimming pool on fire'),
('KW_2839', 'murder attempt'),
('KW_2840', 'sadism'),
('KW_2841', 'sadistic man'),
('KW_2842', 'sadistic killer'),
('KW_2843', 'fast food'),
('KW_2844', 'sex in a car'),
('KW_2845', 'seductive man'),
('KW_2846', 'gay sex'),
('KW_2847', 'first time gay sex'),
('KW_2848', 'gay interest'),
('KW_2849', 'unreliable flashback'),
('KW_2850', 'promiscuous man'),
('KW_2851', 'best man'),
('KW_2852', 'hysterical outburst'),
('KW_2853', 'hysterical man'),
('KW_2854', 'playing pool'),
('KW_2855', 'crying'),
('KW_2856', 'crying female'),
('KW_2857', 'psychopath'),
('KW_2858', 'saying the same thing simultaneously'),
('KW_2859', 'airplane'),
('KW_2860', 'characters say same line simultaneously'),
('KW_2861', 'seductive woman'),
('KW_2862', 'performance'),
('KW_2863', 'performance dancing'),
('KW_2864', 'secretly observing'),
('KW_2865', 'high five'),
('KW_2866', 'manipulative behavior'),
('KW_2867', 'prank'),
('KW_2868', 'prankster'),
('KW_2869', 'barefoot female'),
('KW_2870', 'bomb'),
('KW_2871', 'time bomb'),
('KW_2872', 'bomb in a cake'),
('KW_2873', 'cake'),
('KW_2874', 'wedding cake'),
('KW_2875', 'time travel romance'),
('KW_2876', 'memory lapse'),
('KW_2877', 'eyepatch'),
('KW_2878', 'tattoo'),
('KW_2879', 'tent'),
('KW_2880', 'chocolate bar'),
('KW_2881', 'immortality'),
('KW_2882', 'immortal man'),
('KW_2883', 'immortal woman'),
('KW_2884', 'surviving one\'s own death'),
('KW_2885', 'camping'),
('KW_2886', 'sex in a tent'),
('KW_2887', 'sleeping in a tent'),
('KW_2888', 'post coital scene'),
('KW_2889', 'watching someone sleep'),
('KW_2890', 'wrapped in a towel'),
('KW_2891', 'man wrapped in a towel'),
('KW_2892', 'unfaithful boyfriend'),
('KW_2893', 'cheating boyfriend'),
('KW_2894', 'adulterous boyfriend'),
('KW_2895', 'fiance fiancee relationship'),
('KW_2896', 'throwing a can out of a car'),
('KW_2897', 'throwing something out of a car'),
('KW_2898', 'following someone'),
('KW_2899', 'being followed'),
('KW_2900', 'car chase'),
('KW_2901', 'police car'),
('KW_2902', 'following a car'),
('KW_2903', 'following someone\'s car'),
('KW_2904', 'false accusation'),
('KW_2905', 'accusation'),
('KW_2906', 'pointing a gun at someone'),
('KW_2907', 'throwing stuff out the window of a moving car'),
('KW_2908', 'riding a motorbike'),
('KW_2909', 'riding a motorcycle'),
('KW_2910', 'blood'),
('KW_2911', 'handcuffed man'),
('KW_2912', 'handcuffed woman'),
('KW_2913', 'man arrested'),
('KW_2914', 'woman arrested'),
('KW_2915', 'childish behavior'),
('KW_2916', 'immature behavior'),
('KW_2917', 'learning the truth'),
('KW_2918', 'disappearance'),
('KW_2919', 'missing woman'),
('KW_2920', 'missing person'),
('KW_2921', 'missing daughter'),
('KW_2922', 'spitting out a drink'),
('KW_2923', 'snorting cocaine'),
('KW_2924', 'crying male'),
('KW_2925', 'just married'),
('KW_2926', 'newlyweds'),
('KW_2927', 'confrontation'),
('KW_2928', 'ruined wedding'),
('KW_2929', 'broken glass'),
('KW_2930', 'breaking a glass'),
('KW_2931', 'throwing a glass'),
('KW_2932', 'throwing a glass at someone'),
('KW_2933', 'face injury'),
('KW_2934', 'fork as a weapon'),
('KW_2935', 'throwing a plate'),
('KW_2936', 'throwing a plate at someone'),
('KW_2937', 'karaoke'),
('KW_2938', 'interracial sex'),
('KW_2939', 'interracial gay sex'),
('KW_2940', 'pretending to be someone\'s relative'),
('KW_2941', 'pretending to be someone\'s uncle'),
('KW_2942', 'disguise'),
('KW_2943', 'disguised as a policeman'),
('KW_2944', 'posing as a policeman'),
('KW_2945', 'pretending to be a policeman'),
('KW_2946', 'trap'),
('KW_2947', 'man in a shower'),
('KW_2948', 'watching a video'),
('KW_2949', 'quantum physics'),
('KW_2950', 'googling for information'),
('KW_2951', 'investigation'),
('KW_2952', 'private investigation'),
('KW_2953', 'stop watch'),
('KW_2954', 'research'),
('KW_2955', 'skype call'),
('KW_2956', 'talking to a goat'),
('KW_2957', 'strong female character'),
('KW_2958', 'drawing on a mirror'),
('KW_2959', 'drawing with lipstick'),
('KW_2960', 'drawing with lipstick on a mirror'),
('KW_2961', 'science'),
('KW_2962', 'lipstick on a mirror'),
('KW_2963', 'scientific experiment'),
('KW_2964', 'supernatural romance'),
('KW_2965', 'breakup'),
('KW_2966', 'traumatized woman'),
('KW_2967', 'nosebleed'),
('KW_2968', 'pretending to be someone else'),
('KW_2969', 'pretending to be someone\'s son'),
('KW_2970', 'lie'),
('KW_2971', 'alternate timeline'),
('KW_2972', 'alternate history'),
('KW_2973', 'alternative history'),
('KW_2974', 'experiment'),
('KW_2975', 'scene during end credits'),
('KW_2976', 'bloody face'),
('KW_2977', 'clothed female naked male scene'),
('KW_2978', 'hairy chested man'),
('KW_2979', 'murdered in a swimming pool'),
('KW_2980', 'murdered with a car'),
('KW_2981', 'murdered with an arrow'),
('KW_2982', 'male with long hair'),
('KW_2983', 'man wears a swimsuit'),
('KW_2984', 'man wears boxer shorts'),
('KW_2985', 'men dance together'),
('KW_2986', 'airplane accident'),
('KW_2987', 'airplane crash'),
('KW_2988', 'airplane explosion'),
('KW_2989', 'woman wears a bra'),
('KW_2990', 'woman wears a swimsuit'),
('KW_2991', 'woman wears a bathrobe'),
('KW_2992', 'woman wears sunglasses'),
('KW_2993', 'time traveler'),
('KW_2994', 'male time traveller'),
('KW_2995', 'female time traveler'),
('KW_2996', 'rear entry sex'),
('KW_2997', 'november'),
('KW_2998', 'driving a car'),
('KW_2999', 'kissing'),
('KW_3000', 'running'),
('KW_3001', 'groundhog day scenario'),
('KW_3002', 'existentialism'),
('KW_3003', 'female vomiting'),
('KW_3004', 'male masturbation'),
('KW_3005', 'implied male nudity'),
('KW_3006', 'man masturbates'),
('KW_3007', 'man masturbating'),
('KW_3008', 'masturbating in front of someone'),
('KW_3009', 'man masturbates in front of a woman'),
('KW_3010', 'man masturbating in front of a woman'),
('KW_3011', 'social masturbation'),
('KW_3012', 'horniness'),
('KW_3013', 'sexual frustration'),
('KW_3014', 'masturbating in front of a mirror'),
('KW_3015', 'boyfriend masturbates in front of girlfriend'),
('KW_3016', 'bride'),
('KW_3017', 'sleeping in underwear'),
('KW_3018', 'watching someone having sex'),
('KW_3019', 'caught having sex'),
('KW_3020', 'undressing'),
('KW_3021', 'taking off pants'),
('KW_3022', 'arrow in the leg'),
('KW_3023', 'throwing something at someone'),
('KW_3024', 'snorting'),
('KW_3025', 'embarrassing nudity'),
('KW_3026', 'embarrassing male nudity'),
('KW_3027', 'man wears underwear'),
('KW_3028', 'man wears shorts'),
('KW_3029', 'man wears sunglasses'),
('KW_3030', 'rape and revenge'),
('KW_3031', 'turning the tables'),
('KW_3032', 'hypocrisy'),
('KW_3033', 'bachelor party'),
('KW_3034', 'vigilantism'),
('KW_3035', 'righting a wrong'),
('KW_3036', 'bait and switch'),
('KW_3037', 'teaching a lesson'),
('KW_3038', 'chauvinism'),
('KW_3039', 'rape'),
('KW_3040', 'depression'),
('KW_3041', 'revenge from beyond the grave'),
('KW_3042', 'master of disguise'),
('KW_3043', 'self justice'),
('KW_3044', 'female vigilante'),
('KW_3045', 'suicide of friend'),
('KW_3046', 'adult living with parents'),
('KW_3047', 'rapist comeuppance'),
('KW_3048', 'femme fatale'),
('KW_3049', 'message from beyond the grave'),
('KW_3050', 'letter from beyond the grave'),
('KW_3051', 'medical school'),
('KW_3052', 'coffee shop'),
('KW_3053', 'coffee shop owner'),
('KW_3054', 'coffee shop worker'),
('KW_3055', 'barista'),
('KW_3056', 'female barista'),
('KW_3057', 'suitcase'),
('KW_3058', 'smothered with a pillow'),
('KW_3059', 'murder by smothering with a pillow'),
('KW_3060', 'handcuffed to a bed'),
('KW_3061', 'man handcuffed to a bed'),
('KW_3062', 'recognizing someone'),
('KW_3063', 'dark comedy'),
('KW_3064', 'rape trauma'),
('KW_3065', 'burning a dead body'),
('KW_3066', 'necklace'),
('KW_3067', 'makeup'),
('KW_3068', 'sexual predator'),
('KW_3069', 'rape investigation'),
('KW_3070', 'attempted rape'),
('KW_3071', 'male chauvinism'),
('KW_3072', 'male chauvinist'),
('KW_3073', 'non consensual sex'),
('KW_3074', 'sexual assault'),
('KW_3075', 'intoxication'),
('KW_3076', 'vengeance'),
('KW_3077', 'seeking revenge'),
('KW_3078', 'revenge plot'),
('KW_3079', 'revenge motive'),
('KW_3080', 'taking advantage of someone'),
('KW_3081', 'sexual humiliation'),
('KW_3082', 'coffeehouse'),
('KW_3083', 'sex crime'),
('KW_3084', 'text message'),
('KW_3085', 'dead body'),
('KW_3086', 'incriminating evidence'),
('KW_3087', 'watching a video on a cell phone'),
('KW_3088', 'video of sex'),
('KW_3089', 'sex on video'),
('KW_3090', 'hotel room'),
('KW_3091', 'lawyer'),
('KW_3092', 'argument with parent'),
('KW_3093', '30th birthday'),
('KW_3094', 'forgetting one\'s own birthday'),
('KW_3095', 'woman in jeopardy'),
('KW_3096', 'injustice'),
('KW_3097', 'dropping criminal charges'),
('KW_3098', 'asking someone out on a date'),
('KW_3099', 'medical student'),
('KW_3100', 'female medical student'),
('KW_3101', 'coffee'),
('KW_3102', 'incriminating video'),
('KW_3103', 'revenge seeker'),
('KW_3104', 'woman\'s revenge'),
('KW_3105', 'planning revenge'),
('KW_3106', 'strong female protagonist'),
('KW_3107', 'revenge gone wrong'),
('KW_3108', 'anti heroine'),
('KW_3109', 'plan goes wrong'),
('KW_3110', 'unpunished crime'),
('KW_3111', 'unpunished sex crime'),
('KW_3112', 'anesthesiologist'),
('KW_3113', 'pediatrician'),
('KW_3114', 'medical school dropout'),
('KW_3115', 'woman in disguise'),
('KW_3116', 'sex in front of friends'),
('KW_3117', 'he said she said'),
('KW_3118', 'death of protagonist'),
('KW_3119', 'murder of protagonist'),
('KW_3120', 'male doctor'),
('KW_3121', 'blackout drunk'),
('KW_3122', 'mourning'),
('KW_3123', 'mourning one\'s friend'),
('KW_3124', 'stuck in the past'),
('KW_3125', 'boys will be boys mentality'),
('KW_3126', 'sexual objectification'),
('KW_3127', 'director cameo'),
('KW_3128', 'villain arrested'),
('KW_3129', 'assertive woman'),
('KW_3130', 'gossip'),
('KW_3131', 'machismo'),
('KW_3132', 'double standard'),
('KW_3133', 'victim blaming'),
('KW_3134', 'feminist'),
('KW_3135', 'societal hypocrisy'),
('KW_3136', 'miscarriage of justice'),
('KW_3137', 'social injustice'),
('KW_3138', 'directorial debut'),
('KW_3139', 'empowerment'),
('KW_3140', 'female empowerment'),
('KW_3141', 'name calling'),
('KW_3142', 'systemic sexism'),
('KW_3143', 'woman passed out drunk'),
('KW_3144', 'tragic event'),
('KW_3145', 'spitting into a drink'),
('KW_3146', 'disposing of a dead body'),
('KW_3147', 'heart necklace'),
('KW_3148', 'death of title character'),
('KW_3149', 'suicide of best friend'),
('KW_3150', 'haunted by the past'),
('KW_3151', 'title produced by female'),
('KW_3152', 'gender in title'),
('KW_3153', 'pretending to be drunk'),
('KW_3154', 'reference to paris hilton'),
('KW_3155', 'come on'),
('KW_3156', 'male privilege'),
('KW_3157', 'gender inequality'),
('KW_3158', 'tall man'),
('KW_3159', 'salesman'),
('KW_3160', 'misogyny'),
('KW_3161', 'complicity'),
('KW_3162', 'con game'),
('KW_3163', 'sloppy drunk'),
('KW_3164', 'attorney'),
('KW_3165', 'remorse'),
('KW_3166', 'psychotic break'),
('KW_3167', 'eating a muffin'),
('KW_3168', 'murder investigation'),
('KW_3169', 'makeup tutorial'),
('KW_3170', 'crime investigation'),
('KW_3171', 'wig'),
('KW_3172', 'drugged drink'),
('KW_3173', 'spiked drink'),
('KW_3174', 'wedding engagement'),
('KW_3175', 'wedding ceremony'),
('KW_3176', 'student'),
('KW_3177', 'undressing someone'),
('KW_3178', 'taking off a woman\'s panties'),
('KW_3179', 'catcalling'),
('KW_3180', 'staring at someone'),
('KW_3181', 'boss employee relationship'),
('KW_3182', 'employer employee relationship'),
('KW_3183', 'police detective'),
('KW_3184', 'aspiring novelist'),
('KW_3185', 'watching a sex tape'),
('KW_3186', 'makeover'),
('KW_3187', '29 year old'),
('KW_3188', '30 year old'),
('KW_3189', '29 year old woman'),
('KW_3190', '30 year old woman'),
('KW_3191', 'staying out late'),
('KW_3192', 'police'),
('KW_3193', 'drinking alcohol'),
('KW_3194', 'bottle of wine'),
('KW_3195', 'ordering a bottle of wine'),
('KW_3196', 'manipulation'),
('KW_3197', 'scissors'),
('KW_3198', 'scissors as weapon'),
('KW_3199', 'sex in a coffee shop'),
('KW_3200', 'best friend'),
('KW_3201', 'begging for forgiveness'),
('KW_3202', 'asking for forgiveness'),
('KW_3203', 'bikini model'),
('KW_3204', 'ohio'),
('KW_3205', 'dropping out of school'),
('KW_3206', 'drinking champagne'),
('KW_3207', 'getting drunk'),
('KW_3208', 'woman gets drunk'),
('KW_3209', 'one against many'),
('KW_3210', 'asking for directions'),
('KW_3211', 'reputation'),
('KW_3212', 'instagram'),
('KW_3213', 'makeup artist'),
('KW_3214', 'returning to school'),
('KW_3215', 'getting drunk in a bar'),
('KW_3216', 'psychotic episode'),
('KW_3217', 'sabbatical'),
('KW_3218', 'remorselessness'),
('KW_3219', '16th birthday party'),
('KW_3220', 'unable to move on'),
('KW_3221', 'moving on'),
('KW_3222', 'letting go and moving on'),
('KW_3223', 'fedora'),
('KW_3224', 'mixed messages'),
('KW_3225', 'stripper'),
('KW_3226', 'sauce'),
('KW_3227', 'pitfall'),
('KW_3228', 'enticement'),
('KW_3229', 'lured into a trap'),
('KW_3230', 'gimmick'),
('KW_3231', 'decoy'),
('KW_3232', 'inducement'),
('KW_3233', 'eating while walking'),
('KW_3234', 'dinner with parents'),
('KW_3235', 'taking inventory'),
('KW_3236', 'knockout drug'),
('KW_3237', 'held captive'),
('KW_3238', 'showdown'),
('KW_3239', 'criminal defense attorney'),
('KW_3240', 'defense lawyer'),
('KW_3241', 'panties pulled down'),
('KW_3242', 'police dog'),
('KW_3243', 'cheating on fiancee'),
('KW_3244', 'sexual attraction'),
('KW_3245', 'threat of being fired from a job'),
('KW_3246', 'nice guy'),
('KW_3247', 'nightclub'),
('KW_3248', 'failing to recognize someone'),
('KW_3249', 'intimidation'),
('KW_3250', 'detective'),
('KW_3251', 'arrested for murder'),
('KW_3252', 'murder cover up'),
('KW_3253', 'covering up a murder'),
('KW_3254', 'cover up'),
('KW_3255', 'threat of exposure'),
('KW_3256', 'police interview'),
('KW_3257', 'missing person report'),
('KW_3258', 'missing person investigation'),
('KW_3259', 'missing persons case'),
('KW_3260', 'panties'),
('KW_3261', 'criminal investigation'),
('KW_3262', 'missing cell phone'),
('KW_3263', 'lost cell phone'),
('KW_3264', 'picking up a woman'),
('KW_3265', 'picking up someone in a bar'),
('KW_3266', 'offering someone a ride'),
('KW_3267', 'ride share service'),
('KW_3268', 'ride sharing'),
('KW_3269', 'holding one\'s head out a car window'),
('KW_3270', 'teenage daughter'),
('KW_3271', 'naive girl'),
('KW_3272', 'arrested man'),
('KW_3273', 'intoxicated woman'),
('KW_3274', 'man removes a woman\'s panties'),
('KW_3275', 'man stares at a woman'),
('KW_3276', 'offering a ride home'),
('KW_3277', 'offering to share a taxi ride'),
('KW_3278', 'woman stares at a man'),
('KW_3279', 'ex classmate ex classmate relationship'),
('KW_3280', 'double life'),
('KW_3281', 'harassment'),
('KW_3282', 'guilt'),
('KW_3283', 'mental breakdown'),
('KW_3284', 'suffocation'),
('KW_3285', 'watching someone'),
('KW_3286', 'being watched'),
('KW_3287', 'strip club'),
('KW_3288', 'bar pickup'),
('KW_3289', 'stairway'),
('KW_3290', 'shushing'),
('KW_3291', 'man kisses a woman\'s leg'),
('KW_3292', 'sexism'),
('KW_3293', 'notebook'),
('KW_3294', 'man reads a newspaper'),
('KW_3295', 'woman with a pigtail'),
('KW_3296', 'woman reads a book'),
('KW_3297', 'rudeness'),
('KW_3298', 'man asks a woman for a date'),
('KW_3299', 'computer'),
('KW_3300', 'watching a video on a computer'),
('KW_3301', 'woman applies lipstick'),
('KW_3302', 'birthday present'),
('KW_3303', 'dropping out of medical school'),
('KW_3304', 'dating'),
('KW_3305', 'cynicism'),
('KW_3306', 'hospital waiting room'),
('KW_3307', 'pediatric surgeon'),
('KW_3308', 'photograph on a computer'),
('KW_3309', 'hotel'),
('KW_3310', 'ginger ale'),
('KW_3311', 'champagne'),
('KW_3312', 'wine'),
('KW_3313', 'promise'),
('KW_3314', 'regret'),
('KW_3315', 'benefit of the doubt'),
('KW_3316', 'safe word'),
('KW_3317', 'pretending to sleep'),
('KW_3318', 'smeared lipstick'),
('KW_3319', 'honking a car horn'),
('KW_3320', 'tire iron'),
('KW_3321', 'humiliation'),
('KW_3322', 'day of reckoning'),
('KW_3323', 'bully'),
('KW_3324', 'bullying'),
('KW_3325', 'forgiveness'),
('KW_3326', 'pharmacy'),
('KW_3327', 'sitting on porch steps'),
('KW_3328', 'man wears a fedora'),
('KW_3329', 'lip synching'),
('KW_3330', 'tambourine'),
('KW_3331', 'kicking over a trash can'),
('KW_3332', 'music fan'),
('KW_3333', 'obsessed fan'),
('KW_3334', 'fangirl'),
('KW_3335', 'hitman'),
('KW_3336', 'man kneels on the floor'),
('KW_3337', 'audio flashback'),
('KW_3338', 'lullaby'),
('KW_3339', 'id badge'),
('KW_3340', 'shame'),
('KW_3341', 'woman wears a nurse costume'),
('KW_3342', 'woman handcuffs a man to a bed'),
('KW_3343', 'woman wears rubber gloves'),
('KW_3344', 'irony'),
('KW_3345', 'fear of going to jail'),
('KW_3346', 'conspiracy'),
('KW_3347', 'male male embrace'),
('KW_3348', 'outdoor wedding'),
('KW_3349', 'police siren'),
('KW_3350', 'whistle'),
('KW_3351', 'meeting the parents'),
('KW_3352', 'meeting girlfriend\'s parents'),
('KW_3353', 'unable to forgive self'),
('KW_3354', 'smothered to death'),
('KW_3355', 'picking up a stranger'),
('KW_3356', 'internet'),
('KW_3357', 'smashing a windshield'),
('KW_3358', 'woman wears a wig'),
('KW_3359', 'pouring a drink into someone\'s mouth'),
('KW_3360', 'diner'),
('KW_3361', 'video evidence'),
('KW_3362', 'compromising video'),
('KW_3363', 'woman ignores a man'),
('KW_3364', 'woman rejects a man\'s advances'),
('KW_3365', 'half heart necklace'),
('KW_3366', 'sex with a drunken woman'),
('KW_3367', 'unexpected visitor'),
('KW_3368', 'bad guy'),
('KW_3369', 'school dean'),
('KW_3370', 'man staring at a woman'),
('KW_3371', 'glass of wine'),
('KW_3372', 'spilling wine'),
('KW_3373', 'music video shoot'),
('KW_3374', 'magna cum laude'),
('KW_3375', 'surgery'),
('KW_3376', 'stolen vase'),
('KW_3377', 'exceptional student'),
('KW_3378', 'wanting to be a doctor'),
('KW_3379', 'man murders a woman'),
('KW_3380', 'woman pretends to sleep'),
('KW_3381', 'woman pretends to be drunk'),
('KW_3382', 'male friendship'),
('KW_3383', 'bittersweet ending'),
('KW_3384', 'friendship between men'),
('KW_3385', 'getting someone drunk'),
('KW_3386', 'day drinking'),
('KW_3387', 'twist in the end'),
('KW_3388', 'taking off underwear'),
('KW_3389', 'vibrating cell phone'),
('KW_3390', 'woman wears hoop earrings'),
('KW_3391', 'british actress plays an american character'),
('KW_3392', 'anti trump film'),
('KW_3393', 'time paradox'),
('KW_3394', 'produced by director'),
('KW_3395', 'symphony hall'),
('KW_3396', 'espionage'),
('KW_3397', 'bearded man'),
('KW_3398', 'car crash'),
('KW_3399', 'swat team'),
('KW_3400', 'palindrome title'),
('KW_3401', 'time reversal'),
('KW_3402', 'title spoken by character'),
('KW_3403', 'terrorist attack'),
('KW_3404', 'teamwork'),
('KW_3405', 'beard'),
('KW_3406', 'gunfire'),
('KW_3407', 'ambigram title'),
('KW_3408', 'gun'),
('KW_3409', 'skyscraper'),
('KW_3410', 'silencer'),
('KW_3411', 'wind farm'),
('KW_3412', 'sea'),
('KW_3413', 'norway'),
('KW_3414', '2020s'),
('KW_3415', 'airport'),
('KW_3416', 'repeated scene from a different perspective'),
('KW_3417', 'terrorism'),
('KW_3418', 'spy'),
('KW_3419', 'driving in reverse'),
('KW_3420', 'reverse entropy'),
('KW_3421', 'temporal agent'),
('KW_3422', 'propaganda'),
('KW_3423', 'windmill'),
('KW_3424', 'india'),
('KW_3425', 'neo noir'),
('KW_3426', 'russian'),
('KW_3427', 'hand to hand combat'),
('KW_3428', 'mission'),
('KW_3429', 'time rewind'),
('KW_3430', 'mass murder'),
('KW_3431', 'auditorium'),
('KW_3432', 'wind turbine'),
('KW_3433', 'bullet'),
('KW_3434', 'repeated scene'),
('KW_3435', 'multiple versions of same scene'),
('KW_3436', 'goya painting'),
('KW_3437', 'terrorist'),
('KW_3438', 'final battle'),
('KW_3439', 'final showdown'),
('KW_3440', 'saving the world'),
('KW_3441', 'saving the world mission'),
('KW_3442', 'suspense'),
('KW_3443', 'electronic music score'),
('KW_3444', 'title at the end'),
('KW_3445', 'altered version of studio logo'),
('KW_3446', 'epic'),
('KW_3447', 'blockbuster'),
('KW_3448', 'opening action scene'),
('KW_3449', 'man with no name'),
('KW_3450', 'mysterious man'),
('KW_3451', 'grandfather paradox'),
('KW_3452', 'bootstrap paradox'),
('KW_3453', 'world ending time paradox'),
('KW_3454', 'entropy'),
('KW_3455', 'time'),
('KW_3456', 'epic battle'),
('KW_3457', 'spy mission'),
('KW_3458', 'god complex'),
('KW_3459', 'sociopath'),
('KW_3460', 'megalomaniac'),
('KW_3461', 'intelligence officer'),
('KW_3462', 'mass murderer'),
('KW_3463', 'secret agent'),
('KW_3464', 'spy hero'),
('KW_3465', 'suit and tie'),
('KW_3466', 'bodyguard'),
('KW_3467', 'hero'),
('KW_3468', 'fight with self'),
('KW_3469', 'fistfight'),
('KW_3470', 'martial arts'),
('KW_3471', 'mixed martial arts'),
('KW_3472', 'heroism'),
('KW_3473', 'action hero'),
('KW_3474', 'tough guy'),
('KW_3475', 'warrior'),
('KW_3476', 'american abroad'),
('KW_3477', 'american in the uk'),
('KW_3478', 'englishman'),
('KW_3479', 'englishwoman'),
('KW_3480', 'englishman abroad'),
('KW_3481', 'englishwoman abroad'),
('KW_3482', 'brutality'),
('KW_3483', 'mercilessness'),
('KW_3484', 'hostage'),
('KW_3485', 'held at gunpoint'),
('KW_3486', 'betrayal'),
('KW_3487', 'bullet wound'),
('KW_3488', 'death threat'),
('KW_3489', 'interrogation'),
('KW_3490', 'forgery'),
('KW_3491', 'fake painting'),
('KW_3492', 'painting'),
('KW_3493', 'art dealer'),
('KW_3494', 'art gallery'),
('KW_3495', 'gunfight'),
('KW_3496', 'shootout'),
('KW_3497', 'street shootout'),
('KW_3498', 'battle'),
('KW_3499', 'battlefield'),
('KW_3500', 'gun battle'),
('KW_3501', 'punched in the chest'),
('KW_3502', 'kicked in the stomach'),
('KW_3503', 'hit in the face'),
('KW_3504', 'beating'),
('KW_3505', 'exploding car'),
('KW_3506', 'telephone terror'),
('KW_3507', 'present'),
('KW_3508', 'police officer'),
('KW_3509', 'police officer hacked'),
('KW_3510', 'police officer killed'),
('KW_3511', 'police officer killed by female'),
('KW_3512', 'borderline personality disorder'),
('KW_3513', 'phone call from beyond the grave'),
('KW_3514', 'mysterious phone call'),
('KW_3515', 'mystery from beyond the grave'),
('KW_3516', 'warning from beyond the grave'),
('KW_3517', 'maniac'),
('KW_3518', 'cold war'),
('KW_3519', 'cuban missile crisis'),
('KW_3520', 'mi6'),
('KW_3521', 'cia central intelligence agency'),
('KW_3522', 'nikita khrushchev character'),
('KW_3523', 'starvation'),
('KW_3524', 'ballet'),
('KW_3525', 'male bonding'),
('KW_3526', '1960\'s'),
('KW_3527', 'rear male nudity'),
('KW_3528', 'russia'),
('KW_3529', 'prison'),
('KW_3530', 'x men'),
('KW_3531', 'based on comic book'),
('KW_3532', 'lesbian kiss'),
('KW_3533', 'marvel comics'),
('KW_3534', 'spin off'),
('KW_3535', 'superhero team'),
('KW_3536', 'blonde'),
('KW_3537', 'based on comic'),
('KW_3538', 'thin'),
('KW_3539', 'superheroine'),
('KW_3540', 'superhero'),
('KW_3541', 'lesbian'),
('KW_3542', 'girl with long hair'),
('KW_3543', 'new mutants'),
('KW_3544', 'lgbt'),
('KW_3545', 'leggy girl'),
('KW_3546', 'werewolf'),
('KW_3547', 'bear'),
('KW_3548', 'giant bear'),
('KW_3549', 'bangs'),
('KW_3550', 'blonde girl'),
('KW_3551', 'blondie'),
('KW_3552', 'lesbianism'),
('KW_3553', 'cannonball character'),
('KW_3554', 'magik character'),
('KW_3555', 'girl wears shorts'),
('KW_3556', 'sunspot character'),
('KW_3557', 'cemetery'),
('KW_3558', 'priest'),
('KW_3559', 'demon'),
('KW_3560', 'indian reservation'),
('KW_3561', 'nightmare'),
('KW_3562', 'evil doctor'),
('KW_3563', 'dragon'),
('KW_3564', 'female werewolf'),
('KW_3565', 'sorceress'),
('KW_3566', 'long legs'),
('KW_3567', 'suicide solution'),
('KW_3568', 'slim'),
('KW_3569', 'bear attack'),
('KW_3570', 'bear monster'),
('KW_3571', 'bear spirit'),
('KW_3572', 'killer bear'),
('KW_3573', 'russian superhero'),
('KW_3574', 'russian superheroine'),
('KW_3575', 'furry fantasy'),
('KW_3576', 'female female kiss'),
('KW_3577', 'girl girl kiss'),
('KW_3578', 'danielle moonstar character'),
('KW_3579', 'film released during covid 19'),
('KW_3580', 'wolfsbane character'),
('KW_3581', 'shared universe'),
('KW_3582', 'teen movie'),
('KW_3583', 'lgbtq'),
('KW_3584', 'native american'),
('KW_3585', 'british actor playing american character'),
('KW_3586', 'reference to x men'),
('KW_3587', 'glowing eyes'),
('KW_3588', 'teen angst'),
('KW_3589', 'teenage love'),
('KW_3590', 'teenage rebel'),
('KW_3591', 'scottish accent'),
('KW_3592', 'scotswoman'),
('KW_3593', 'catholic'),
('KW_3594', 'confessional'),
('KW_3595', 'reverend'),
('KW_3596', 'catholic priest'),
('KW_3597', 'branding'),
('KW_3598', 'scar'),
('KW_3599', 'transformation'),
('KW_3600', 'dark past'),
('KW_3601', 'tragic past'),
('KW_3602', 'rampage'),
('KW_3603', 'torso cut in half'),
('KW_3604', 'falling down stairs'),
('KW_3605', 'exploding house'),
('KW_3606', 'inside the mind'),
('KW_3607', 'dark fantasy'),
('KW_3608', 'troubled production'),
('KW_3609', 'super powers'),
('KW_3610', 'supernatural power'),
('KW_3611', 'revelation'),
('KW_3612', 'teen horror'),
('KW_3613', 'marvel entertainment'),
('KW_3614', 'control'),
('KW_3615', 'invasion of privacy'),
('KW_3616', 'open ended'),
('KW_3617', 'surveillance'),
('KW_3618', 'screaming'),
('KW_3619', 'hypodermic needle'),
('KW_3620', 'injection'),
('KW_3621', 'statue'),
('KW_3622', 'lightning'),
('KW_3623', 'forcefield'),
('KW_3624', 'portal'),
('KW_3625', 'teleportation'),
('KW_3626', 'fantasy sequence'),
('KW_3627', 'superhuman speed'),
('KW_3628', 'person on fire'),
('KW_3629', 'deeply disturbed person'),
('KW_3630', 'evil corporation'),
('KW_3631', 'security camera'),
('KW_3632', 'sinister'),
('KW_3633', 'hidden camera'),
('KW_3634', 'e mail'),
('KW_3635', 'wheelchair'),
('KW_3636', 'popcorn'),
('KW_3637', 'paranoia'),
('KW_3638', 'panic'),
('KW_3639', 'reference to pocahontas'),
('KW_3640', 'solitary confinement'),
('KW_3641', 'psychiatric hospital'),
('KW_3642', 'mine'),
('KW_3643', 'miner');
INSERT INTO `keyword_tb` (`keywordID`, `keywordName`) VALUES
('KW_3644', 'pickaxe'),
('KW_3645', 'southern accent'),
('KW_3646', 'baseball cap'),
('KW_3647', 'first kiss'),
('KW_3648', 'magic'),
('KW_3649', 'pyrokinesis'),
('KW_3650', 'psionic power'),
('KW_3651', 'see you in hell'),
('KW_3652', 'lie detector'),
('KW_3653', 'attic'),
('KW_3654', 'truth or dare'),
('KW_3655', 'fire'),
('KW_3656', 'fire extinguisher'),
('KW_3657', 'hit with a fire extinguisher'),
('KW_3658', 'eavesdropping'),
('KW_3659', 'destruction'),
('KW_3660', 'glove puppet'),
('KW_3661', 'anger'),
('KW_3662', 'table soccer'),
('KW_3663', 'spray paint'),
('KW_3664', 'rebel'),
('KW_3665', 'claustrophobic'),
('KW_3666', 'air vent'),
('KW_3667', 'force field'),
('KW_3668', 'arm sling'),
('KW_3669', 'evil'),
('KW_3670', 'good versus evil'),
('KW_3671', 'wolf'),
('KW_3672', 'smiley face'),
('KW_3673', 'face mask'),
('KW_3674', 'magical power'),
('KW_3675', 'darkness'),
('KW_3676', 'vision'),
('KW_3677', 'sequel'),
('KW_3678', 'dc extended universe'),
('KW_3679', 'dc comics'),
('KW_3680', 'action heroine'),
('KW_3681', 'princess'),
('KW_3682', 'wonder woman character'),
('KW_3683', 'one woman army'),
('KW_3684', 'year 1984'),
('KW_3685', 'amazon warrior'),
('KW_3686', 'warrior woman'),
('KW_3687', 'reference to donald trump'),
('KW_3688', 'lincoln memorial'),
('KW_3689', 'nuclear missile'),
('KW_3690', 'museum'),
('KW_3691', 'queen'),
('KW_3692', 'warrior race'),
('KW_3693', 'bikini'),
('KW_3694', 'second part'),
('KW_3695', 'female superhero'),
('KW_3696', 'strong woman'),
('KW_3697', 'diana prince character'),
('KW_3698', 'digit in title'),
('KW_3699', 'washington d.c.'),
('KW_3700', 'truth'),
('KW_3701', 'strong female lead'),
('KW_3702', 'female warrior'),
('KW_3703', 'greek mythology'),
('KW_3704', 'costumed hero'),
('KW_3705', 'costume'),
('KW_3706', 'maxwell lord character'),
('KW_3707', 'steve trevor character'),
('KW_3708', 'franchise'),
('KW_3709', 'cheetah character'),
('KW_3710', 'amazon woman'),
('KW_3711', 'mythology'),
('KW_3712', 'amazon'),
('KW_3713', 'wish'),
('KW_3714', 'athletic competition'),
('KW_3715', 'anthropologist'),
('KW_3716', 'smithsonian institute'),
('KW_3717', 'coworker'),
('KW_3718', 'insecure woman'),
('KW_3719', 'envious'),
('KW_3720', 'attempted robbery'),
('KW_3721', 'fbi agent'),
('KW_3722', 'stolen antique'),
('KW_3723', 'wishing stone'),
('KW_3724', 'dreamstone'),
('KW_3725', 'superhuman strength'),
('KW_3726', 'immortal'),
('KW_3727', 'businessman'),
('KW_3728', 'archaeologist'),
('KW_3729', 'back from the dead'),
('KW_3730', 'robbery'),
('KW_3731', 'robber'),
('KW_3732', 'bracelet'),
('KW_3733', 'jogging'),
('KW_3734', 'microscope'),
('KW_3735', 'laboratory'),
('KW_3736', 'employee employee relationship'),
('KW_3737', 'nerd'),
('KW_3738', 'geek'),
('KW_3739', 'tiara'),
('KW_3740', 'lasso of truth'),
('KW_3741', 'flying'),
('KW_3742', 'super strength'),
('KW_3743', 'alter ego'),
('KW_3744', 'metahuman'),
('KW_3745', 'kicked in the face'),
('KW_3746', 'head butt'),
('KW_3747', 'woman fights a man'),
('KW_3748', 'crime fighter'),
('KW_3749', 'anti villain'),
('KW_3750', 'jealousy'),
('KW_3751', 'desire'),
('KW_3752', 'greed'),
('KW_3753', 'power'),
('KW_3754', 'abuse of power'),
('KW_3755', 'world domination'),
('KW_3756', 'moral dilemma'),
('KW_3757', 'secret identity'),
('KW_3758', 'wall'),
('KW_3759', 'oil sheik'),
('KW_3760', 'sheikh'),
('KW_3761', 'arab sheikh'),
('KW_3762', 'ak 47'),
('KW_3763', 'pistol'),
('KW_3764', 'revolver'),
('KW_3765', 'disarming someone'),
('KW_3766', 'stylized violence'),
('KW_3767', 'contest'),
('KW_3768', 'horse'),
('KW_3769', 'arena'),
('KW_3770', 'cheering crowd'),
('KW_3771', 'corrupt businessman'),
('KW_3772', 'con artist'),
('KW_3773', 'shareholder'),
('KW_3774', 'jumping from height'),
('KW_3775', 'spear'),
('KW_3776', 'spear throwing'),
('KW_3777', 'bow and arrow'),
('KW_3778', 'archery'),
('KW_3779', 'flash forward'),
('KW_3780', 'japanese'),
('KW_3781', 'subtitled scene'),
('KW_3782', 'cairo egypt'),
('KW_3783', 'pyramid'),
('KW_3784', 'u.s. president'),
('KW_3785', 'washington monument'),
('KW_3786', 'new york city'),
('KW_3787', 'times square manhattan new york city'),
('KW_3788', 'london england'),
('KW_3789', 'piccadilly circus london'),
('KW_3790', 'chinese restaurant'),
('KW_3791', 'chinese'),
('KW_3792', 'bullet time'),
('KW_3793', 'armored car'),
('KW_3794', 'sunglasses'),
('KW_3795', 'soldier'),
('KW_3796', 'u.s. air force'),
('KW_3797', 'military'),
('KW_3798', 'moscow russia'),
('KW_3799', 'kremlin'),
('KW_3800', 'nuclear threat'),
('KW_3801', 'nuclear weapons'),
('KW_3802', 'christmas'),
('KW_3803', 'surprise during end credits'),
('KW_3804', 'suit of armor'),
('KW_3805', 'fight to the death'),
('KW_3806', 'satellite'),
('KW_3807', 'pirate broadcasting'),
('KW_3808', 'shopping mall'),
('KW_3809', 'jewelry store'),
('KW_3810', 'gala'),
('KW_3811', 'department store'),
('KW_3812', 'sports car'),
('KW_3813', 'car accident'),
('KW_3814', 'taxi'),
('KW_3815', 'taxi driver'),
('KW_3816', 'limousine'),
('KW_3817', 'waterfall'),
('KW_3818', 'escalation'),
('KW_3819', 'chaos'),
('KW_3820', 'fire truck'),
('KW_3821', 'riot'),
('KW_3822', 'security guard'),
('KW_3823', 'pilot'),
('KW_3824', 'engineer'),
('KW_3825', 'apartment'),
('KW_3826', 'wristwatch'),
('KW_3827', 'invisible jet'),
('KW_3828', 'invisibility'),
('KW_3829', 'rocket'),
('KW_3830', 'overturning car'),
('KW_3831', 'fighter plane'),
('KW_3832', 'fourth of july'),
('KW_3833', 'fireworks'),
('KW_3834', 'body snatching'),
('KW_3835', 'dreadlocks'),
('KW_3836', 'revolving door'),
('KW_3837', 'secretary'),
('KW_3838', 'gymnasium'),
('KW_3839', 'jazz'),
('KW_3840', 'purpose'),
('KW_3841', 'cat'),
('KW_3842', 'jazz musician'),
('KW_3843', 'musician'),
('KW_3844', 'music teacher'),
('KW_3845', 'falling into a manhole'),
('KW_3846', 'soul'),
('KW_3847', 'lost soul'),
('KW_3848', 'badge'),
('KW_3849', 'afterlife'),
('KW_3850', 'meaning of life'),
('KW_3851', 'a film about the meaning of human life'),
('KW_3852', 'subway'),
('KW_3853', 'subway train'),
('KW_3854', 'pizza'),
('KW_3855', 'cartoon cat'),
('KW_3856', 'cgi animation'),
('KW_3857', 'computer animation'),
('KW_3858', 'school band'),
('KW_3859', 'watercraft'),
('KW_3860', 'middle school'),
('KW_3861', 'seamstress'),
('KW_3862', 'manhole'),
('KW_3863', 'number 22 as character name'),
('KW_3864', 'sign twirler'),
('KW_3865', 'coma'),
('KW_3866', 'therapy cat'),
('KW_3867', 'accountant'),
('KW_3868', 'barber'),
('KW_3869', 'jazz pianist'),
('KW_3870', 'drummer'),
('KW_3871', 'reference to gemini the constellation'),
('KW_3872', 'reference to a zodiac sign'),
('KW_3873', 'reference to the constellations'),
('KW_3874', 'beforelife'),
('KW_3875', 'self sacrifice'),
('KW_3876', 'ambition'),
('KW_3877', 'jazz band'),
('KW_3878', 'opportunity of a lifetime'),
('KW_3879', 'music teaching'),
('KW_3880', 'disappointment'),
('KW_3881', 'male protagonist'),
('KW_3882', 'life'),
('KW_3883', 'hospital gown'),
('KW_3884', 'earth'),
('KW_3885', 'african american'),
('KW_3886', 'inner demon'),
('KW_3887', 'schoolteacher'),
('KW_3888', 'pianist'),
('KW_3889', 'saxophonist'),
('KW_3890', 'disney plus'),
('KW_3891', 'number as a name'),
('KW_3892', '3d animation'),
('KW_3893', 'pixar'),
('KW_3894', 'no title at beginning'),
('KW_3895', 'reference to abraham lincoln'),
('KW_3896', 'reference to mother teresa'),
('KW_3897', 'reference to muhammad ali'),
('KW_3898', 'scene after end credits'),
('KW_3899', 'reference to mahatma gandhi'),
('KW_3900', 'copernicus character'),
('KW_3901', 'muhammad ali character'),
('KW_3902', 'jazz club'),
('KW_3903', 'reference to andrew jackson'),
('KW_3904', 'mistaken identity'),
('KW_3905', 'mystic'),
('KW_3906', 'archimedes character'),
('KW_3907', 'reference to george orwell'),
('KW_3908', 'barbershop'),
('KW_3909', 'lollipop'),
('KW_3910', 'heart monitor'),
('KW_3911', 'pants ripping'),
('KW_3912', 'busker'),
('KW_3913', 'mother teresa character'),
('KW_3914', 'african american protagonist'),
('KW_3915', 'urban setting'),
('KW_3916', 'city'),
('KW_3917', 'cannes 2020'),
('KW_3918', 'remake'),
('KW_3919', 'year 1961'),
('KW_3920', 'gang'),
('KW_3921', 'rival'),
('KW_3922', 'no music during end credits'),
('KW_3923', 'no music during opening credits'),
('KW_3924', 'dying in arms'),
('KW_3925', 'based on play'),
('KW_3926', 'ammunition'),
('KW_3927', 'rifle'),
('KW_3928', 'burning money'),
('KW_3929', 'chicago'),
('KW_3930', 'ranch'),
('KW_3931', 'border'),
('KW_3932', 'immigrant'),
('KW_3933', 'cartel'),
('KW_3934', 'narco'),
('KW_3935', 'border patrol'),
('KW_3936', 'atlas'),
('KW_3937', 'hostel'),
('KW_3938', 'gummy bear'),
('KW_3939', 'police officer shot'),
('KW_3940', 'police officer shot in the chest'),
('KW_3941', 'police stop'),
('KW_3942', 'police officer killed at traffic stop'),
('KW_3943', 'mexican'),
('KW_3944', 'birthday'),
('KW_3945', 'deaf man'),
('KW_3946', 'rock band'),
('KW_3947', 'rock performance'),
('KW_3948', 'band performance'),
('KW_3949', 'heavy metal band'),
('KW_3950', 'pop music duo'),
('KW_3951', 'drug addict'),
('KW_3952', 'hearing test'),
('KW_3953', 'airstream trailer'),
('KW_3954', 'music tour'),
('KW_3955', 'hearing dog'),
('KW_3956', 'deaf community'),
('KW_3957', 'speech recognition software'),
('KW_3958', 'deaf teaching'),
('KW_3959', 'vietnam war veteran'),
('KW_3960', 'learning sign language'),
('KW_3961', 'teaching job'),
('KW_3962', 'cochlear implant'),
('KW_3963', 'paris france'),
('KW_3964', 'rock concert'),
('KW_3965', 'female singer'),
('KW_3966', 'female musician'),
('KW_3967', 'workout'),
('KW_3968', 'push ups'),
('KW_3969', 'redheaded woman'),
('KW_3970', 'drinking a smoothie'),
('KW_3971', 'rv'),
('KW_3972', 'recreational vehicle'),
('KW_3973', 'reference to jeff goldblum'),
('KW_3974', 'parking lot'),
('KW_3975', 'pharmacist'),
('KW_3976', 'man wears a tank top'),
('KW_3977', 'panic attack'),
('KW_3978', 'chain link fence'),
('KW_3979', 'sludge metal'),
('KW_3980', 'reference to luis aparicio'),
('KW_3981', 'sitting on a porch'),
('KW_3982', 'boyfriend girlfriend hug'),
('KW_3983', 'reference to motorhead'),
('KW_3984', 'school for the deaf'),
('KW_3985', 'reference to gism'),
('KW_3986', 'reference to rudimentary peni'),
('KW_3987', 'roof repair'),
('KW_3988', 'doughnut'),
('KW_3989', 'playground'),
('KW_3990', 'boy wears shorts'),
('KW_3991', 'woman wears cutoff jeans'),
('KW_3992', 'cut off jeans'),
('KW_3993', 'drum lesson'),
('KW_3994', 'music therapy'),
('KW_3995', 'deaf boy'),
('KW_3996', 'american in france'),
('KW_3997', 'american in paris'),
('KW_3998', 'distorted sound'),
('KW_3999', 'mixing console'),
('KW_4000', 'piano playing'),
('KW_4001', 'reference to einstuerzende neubauten'),
('KW_4002', 'man wears a hospital gown'),
('KW_4003', 'shaving head'),
('KW_4004', 'boyfriend girlfriend kiss'),
('KW_4005', 'woman undresses'),
('KW_4006', 'tattoo on chest'),
('KW_4007', 'compulsive scratching'),
('KW_4008', 'crying in bed'),
('KW_4009', 'lens flare'),
('KW_4010', 'dancing in an rv'),
('KW_4011', 'band the musical group'),
('KW_4012', 'drumsticks'),
('KW_4013', 'singing at a piano'),
('KW_4014', 'sense of hearing'),
('KW_4015', 'raising money'),
('KW_4016', 'muffled sound'),
('KW_4017', 'black american'),
('KW_4018', 'drums'),
('KW_4019', 'sleeping'),
('KW_4020', 'despair'),
('KW_4021', 'heroin'),
('KW_4022', 'sign language'),
('KW_4023', 'earphones'),
('KW_4024', 'deaf musician'),
('KW_4025', 'destroying property'),
('KW_4026', 'lip reading'),
('KW_4027', 'insurance'),
('KW_4028', 'man with a ponytail'),
('KW_4029', 'subjective camera'),
('KW_4030', 'beer'),
('KW_4031', 'deaf girl'),
('KW_4032', 'game playing'),
('KW_4033', 'boy wears eyeglasses'),
('KW_4034', 'locked door'),
('KW_4035', 'audiology'),
('KW_4036', 'sense of touch'),
('KW_4037', 'smashing a donut'),
('KW_4038', 'lying on the ground'),
('KW_4039', 'trust'),
('KW_4040', 'ladder'),
('KW_4041', 'repairing a roof'),
('KW_4042', 'hammer'),
('KW_4043', 'man wears a stocking cap'),
('KW_4044', 'french'),
('KW_4045', 'female audiologist'),
('KW_4046', 'head bandage'),
('KW_4047', 'low budget film'),
('KW_4048', 'pounding on a wall'),
('KW_4049', 'man uses a cane'),
('KW_4050', 'teacher'),
('KW_4051', 'touching a piano'),
('KW_4052', 'intercom'),
('KW_4053', 'motel'),
('KW_4054', 'motel room'),
('KW_4055', 'stillness'),
('KW_4056', 'man pounds his chest'),
('KW_4057', 'drawing of a nude woman'),
('KW_4058', 'drawing of pubic hair on a nude woman'),
('KW_4059', 'street life'),
('KW_4060', 'junkie'),
('KW_4061', 'tattooed trash'),
('KW_4062', 'tattooed arm'),
('KW_4063', 'deafness'),
('KW_4064', 'loss of hearing'),
('KW_4065', 'frustration'),
('KW_4066', 'donut'),
('KW_4067', 'protest march'),
('KW_4068', 'political protest'),
('KW_4069', 'protesting vietnam war'),
('KW_4070', '1960s'),
('KW_4071', 'black panther party'),
('KW_4072', 'chicago illinois'),
('KW_4073', 'chicago 7'),
('KW_4074', 'activism'),
('KW_4075', 'judicial misconduct'),
('KW_4076', 'year 1968'),
('KW_4077', 'year 1969'),
('KW_4078', 'jury tampering'),
('KW_4079', 'federal prosecutor'),
('KW_4080', 'trial'),
('KW_4081', 'courtroom'),
('KW_4082', 'political convention'),
('KW_4083', 'activist'),
('KW_4084', 'yippie'),
('KW_4085', 'denial of legal counsel'),
('KW_4086', 'unfair trial'),
('KW_4087', 'police brutality'),
('KW_4088', 'police riot'),
('KW_4089', 'mistrial'),
('KW_4090', 'political persecution'),
('KW_4091', 'undercover police'),
('KW_4092', 'judge advocate general'),
('KW_4093', 'voir dire'),
('KW_4094', 'contempt of court'),
('KW_4095', 'police tail'),
('KW_4096', 'civil disorder'),
('KW_4097', 'political conflict'),
('KW_4098', 'vietnam war draft'),
('KW_4099', 'racism'),
('KW_4100', 'reference to james baldwin'),
('KW_4101', 'reference to malcolm x'),
('KW_4102', 'hippie'),
('KW_4103', 'political trial'),
('KW_4104', 'political prosecution'),
('KW_4105', 'democratic national convention'),
('KW_4106', 'vietnam war'),
('KW_4107', 'ensemble cast'),
('KW_4108', 'ends with biographical notes'),
('KW_4109', 'what happened to epilogue'),
('KW_4110', 'molotov cocktail'),
('KW_4111', 'tom hayden character'),
('KW_4112', 'rennie davis character'),
('KW_4113', 'abbie hoffman character'),
('KW_4114', 'david dellinger character'),
('KW_4115', 'bobby seale character'),
('KW_4116', 'william kunstler character'),
('KW_4117', 'fred hampton character'),
('KW_4118', 'john mitchell character'),
('KW_4119', 'ramsey clark character'),
('KW_4120', 'allen ginsberg character'),
('KW_4121', 'richard schultz character'),
('KW_4122', 'john froines character'),
('KW_4123', 'lee weiner character'),
('KW_4124', 'judge julius hoffman character'),
('KW_4125', '1968 democratic national convention'),
('KW_4126', 'u.s. attorney general'),
('KW_4127', 'judge'),
('KW_4128', 'reference to richard m. nixon'),
('KW_4129', 'sds students for a democratic society'),
('KW_4130', 'dof u.s. department of defense'),
('KW_4131', 'reference to woody guthrie'),
('KW_4132', 'reference to hubert humphrey'),
('KW_4133', 'reference to jefferson airplane the band'),
('KW_4134', 'tape recording'),
('KW_4135', 'protest'),
('KW_4136', 'demonstration'),
('KW_4137', 'jury'),
('KW_4138', 'stand up comedian'),
('KW_4139', 'testimony'),
('KW_4140', 'egg'),
('KW_4141', 'fbi federal bureau of investigation'),
('KW_4142', 'throwing an egg at someone'),
('KW_4143', 'non violence'),
('KW_4144', 'typewriter'),
('KW_4145', 'catching an egg'),
('KW_4146', 'military draft'),
('KW_4147', 'shackles'),
('KW_4148', 'sequestered jury'),
('KW_4149', 'u.s. government'),
('KW_4150', 'reference to medgar evers'),
('KW_4151', 'cherry bomb'),
('KW_4152', 'mailbox'),
('KW_4153', 'man with a beard'),
('KW_4154', 'anti war'),
('KW_4155', 'peace sign'),
('KW_4156', 'johnny walker whiskey'),
('KW_4157', 'revolution'),
('KW_4158', 'cultural revolution'),
('KW_4159', 'reference to gene krupa'),
('KW_4160', 'tom collins the drink'),
('KW_4161', 'perjury'),
('KW_4162', 'justice'),
('KW_4163', 'undercover police officer'),
('KW_4164', 'undercover fbi agent'),
('KW_4165', 'cook county chicago illinois'),
('KW_4166', 'press conference'),
('KW_4167', 'man wears a headband'),
('KW_4168', 'innocence'),
('KW_4169', 'joke telling'),
('KW_4170', 'letting the air out of a car tire'),
('KW_4171', 'grant park chicago illinois'),
('KW_4172', 'reference to peter edward \'ginger\' baker'),
('KW_4173', 'wearing sunglasses inside'),
('KW_4174', 'spotlight'),
('KW_4175', 'police badge'),
('KW_4176', 'reference to cream the band'),
('KW_4177', 'chicago police department'),
('KW_4178', 'field museum of natural history chicago'),
('KW_4179', 'walkie talkie'),
('KW_4180', 'bail'),
('KW_4181', 'reference to j. robert oppenheimer'),
('KW_4182', 'flag pole'),
('KW_4183', 'man wears a poncho'),
('KW_4184', 'capture'),
('KW_4185', 'police raid'),
('KW_4186', 'tear gas'),
('KW_4187', 'hands raised over one\'s head'),
('KW_4188', 'gun pointed st someone\'s head'),
('KW_4189', 'black maid'),
('KW_4190', 'head wound'),
('KW_4191', 'bald man'),
('KW_4192', 'billy club'),
('KW_4193', 'man climbs a flag pole'),
('KW_4194', 'pushed through a window'),
('KW_4195', 'knife'),
('KW_4196', 'possessive pronoun'),
('KW_4197', 'reference to steal this book the book'),
('KW_4198', 'democracy'),
('KW_4199', 'stockbroker'),
('KW_4200', 'reference to jack and the beanstalk'),
('KW_4201', 'pouring milk into someone\'s eyes to counteract tear gas'),
('KW_4202', 'assassination'),
('KW_4203', 'man wears a black leather jacket'),
('KW_4204', 'acquittal'),
('KW_4205', 'ice skates'),
('KW_4206', 'bench'),
('KW_4207', 'yip youth international party'),
('KW_4208', 'reference to vyacheslav molotov'),
('KW_4209', 'democratic party'),
('KW_4210', 'illinois national guard'),
('KW_4211', 'reference to o\'hare airport chicago'),
('KW_4212', 'law'),
('KW_4213', 'anti establishment'),
('KW_4214', 'hyde park chicago'),
('KW_4215', 'marijuana'),
('KW_4216', 'american flag shirt'),
('KW_4217', 'threat'),
('KW_4218', 'extortion'),
('KW_4219', 'state police'),
('KW_4220', 'man wears a judicial robe costume'),
('KW_4221', 'man wears a policeman costume'),
('KW_4222', 'tv camera'),
('KW_4223', 'reference to the book of matthew in the bible'),
('KW_4224', 'subpoena'),
('KW_4225', 'photograph montage'),
('KW_4226', 'haymarket tavern chicago'),
('KW_4227', 'hit on the back of the head'),
('KW_4228', 'jail visitation'),
('KW_4229', 'reading a list of vietnam war dead'),
('KW_4230', 'anti semitism'),
('KW_4231', 'jaywalking'),
('KW_4232', 'hut by a car and killed'),
('KW_4233', 'year 1994'),
('KW_4234', 'courtroom drama'),
('KW_4235', 'abraham lincoln'),
('KW_4236', 'banana peel'),
('KW_4237', 'beat poet'),
('KW_4238', 'cherokee'),
('KW_4239', 'derringer'),
('KW_4240', 'hanging'),
('KW_4241', 'mayor'),
('KW_4242', 'pallbearer'),
('KW_4243', 'brandeis university'),
('KW_4244', 'chicken pot pie'),
('KW_4245', 'coca cola'),
('KW_4246', 'connecticut'),
('KW_4247', 'federal prison'),
('KW_4248', 'first aid'),
('KW_4249', 'honduras'),
('KW_4250', 'napalm'),
('KW_4251', 'oakland california'),
('KW_4252', 'boy scouts of america'),
('KW_4253', 'chicago white sox'),
('KW_4254', 'police chief'),
('KW_4255', 'hilton hotel chicago'),
('KW_4256', 'mafia'),
('KW_4257', 'mississippi river'),
('KW_4258', 'ohio state buckeyes'),
('KW_4259', 'ucla'),
('KW_4260', 'chicago conspiracy trial'),
('KW_4261', 'slip of the tongue'),
('KW_4262', 'number in title'),
('KW_4263', 'anti hero'),
('KW_4264', 'special forces'),
('KW_4265', 'female soldier'),
('KW_4266', 'assassin'),
('KW_4267', 'prison guard'),
('KW_4268', 'tactical team'),
('KW_4269', 'female tactical team member'),
('KW_4270', 'police officer deceased'),
('KW_4271', 'soldier deceased'),
('KW_4272', 'female soldier fight'),
('KW_4273', 'female tactical team member fight'),
('KW_4274', 'woman wears a bomber jacket'),
('KW_4275', 'one man army'),
('KW_4276', 'black hero'),
('KW_4277', 'navy'),
('KW_4278', 'based on novel'),
('KW_4279', 'monsterverse'),
('KW_4280', 'monster versus monster'),
('KW_4281', 'godzilla character'),
('KW_4282', 'king kong character'),
('KW_4283', 'versus in title'),
('KW_4284', 'mechagodzilla character'),
('KW_4285', 'giant ape'),
('KW_4286', 'giant gorilla'),
('KW_4287', 'monster fight'),
('KW_4288', 'hong kong'),
('KW_4289', 'monster movie'),
('KW_4290', 'simian fiction'),
('KW_4291', 'crossover'),
('KW_4292', 'fourth part'),
('KW_4293', 'giant'),
('KW_4294', 'disaster'),
('KW_4295', 'disaster film'),
('KW_4296', 'fictional war'),
('KW_4297', 'deaf mute girl'),
('KW_4298', 'skull island'),
('KW_4299', 'villain'),
('KW_4300', 'pensacola florida'),
('KW_4301', 'reference to las vegas nevada'),
('KW_4302', 'sedative'),
('KW_4303', 'tasman sea'),
('KW_4304', 'king ghidorah character'),
('KW_4305', 'reference to roswell new mexico'),
('KW_4306', 'thin attractive woman'),
('KW_4307', 'bio dome'),
('KW_4308', 'podcast'),
('KW_4309', 'television'),
('KW_4310', 'robotics laboratory'),
('KW_4311', 'reference to mazda miata'),
('KW_4312', 'reference to tide pods'),
('KW_4313', 'depth charge'),
('KW_4314', 'axe'),
('KW_4315', 'campy'),
('KW_4316', 'futuristic aircraft'),
('KW_4317', 'rotorcraft'),
('KW_4318', 'helicopter'),
('KW_4319', 'weapons fire'),
('KW_4320', 'bipedal monster'),
('KW_4321', 'giant robot'),
('KW_4322', 'motor vehicle'),
('KW_4323', 'kaiju remains'),
('KW_4324', 'tandem rotor helicopter'),
('KW_4325', 'aircraft'),
('KW_4326', 'vehicle'),
('KW_4327', 'waterborne ship'),
('KW_4328', 'actor reprises previous role'),
('KW_4329', 'fleet'),
('KW_4330', 'warship'),
('KW_4331', 'winged creature'),
('KW_4332', 'tiltrotor aircraft'),
('KW_4333', 'actress reprises previous role'),
('KW_4334', 'monster attack'),
('KW_4335', 'naval warship'),
('KW_4336', 'night'),
('KW_4337', 'earringed male'),
('KW_4338', 'united states of america'),
('KW_4339', 'monster versus robot'),
('KW_4340', 'flying creature'),
('KW_4341', 'night time'),
('KW_4342', 'earringed man'),
('KW_4343', 'winged monster'),
('KW_4344', 'panel van'),
('KW_4345', 'florida'),
('KW_4346', 'apple'),
('KW_4347', 'eating apple'),
('KW_4348', 'character asks why are you here'),
('KW_4349', 'usb'),
('KW_4350', 'character says it\'s time'),
('KW_4351', 'character says we need to go now'),
('KW_4352', 'breaking news'),
('KW_4353', 'character says oh my god'),
('KW_4354', 'character asks what the hell is that'),
('KW_4355', 'school'),
('KW_4356', 'character asks can i help you'),
('KW_4357', 'philadelphia pennsylvania'),
('KW_4358', 'character says okay'),
('KW_4359', 'character says yes'),
('KW_4360', 'character says thank you'),
('KW_4361', 'character says sorry'),
('KW_4362', 'character says you won\'t regret this'),
('KW_4363', 'doll'),
('KW_4364', 'character says come on'),
('KW_4365', 'character says let\'s go'),
('KW_4366', 'character says welcome'),
('KW_4367', 'character says it\'s unfair'),
('KW_4368', 'character says hey'),
('KW_4369', 'character says no'),
('KW_4370', 'bumping chests'),
('KW_4371', 'character says go ahead'),
('KW_4372', 'character says we got this'),
('KW_4373', 'character says go to hell'),
('KW_4374', 'character says hell'),
('KW_4375', 'antartica'),
('KW_4376', 'character says all right'),
('KW_4377', 'character says it\'s beautiful'),
('KW_4378', 'character says we gotta go'),
('KW_4379', 'character says that\'s gross'),
('KW_4380', 'character says damn it'),
('KW_4381', 'character says don\'t worry'),
('KW_4382', 'character says i don\'t know'),
('KW_4383', 'character says follow me'),
('KW_4384', 'giant dome'),
('KW_4385', 'period in title'),
('KW_4386', 'punctuation in title'),
('KW_4387', 'deaf'),
('KW_4388', 'hollow earth'),
('KW_4389', 'podcast host'),
('KW_4390', 'secret underground facility'),
('KW_4391', 'underground'),
('KW_4392', 'monorail tunnel'),
('KW_4393', 'mechagodzilla'),
('KW_4394', 'animal behavior'),
('KW_4395', 'geologist'),
('KW_4396', 'cartographer'),
('KW_4397', 'linguist'),
('KW_4398', 'adoptive mother adopted daughter relationship'),
('KW_4399', 'adoptive mother'),
('KW_4400', 'adopted daughter'),
('KW_4401', 'technician'),
('KW_4402', 'conspiracy theorist'),
('KW_4403', 'telepathic device'),
('KW_4404', 'anthropological'),
('KW_4405', 'telepathic control'),
('KW_4406', 'titan'),
('KW_4407', 'creature versus creature'),
('KW_4408', 'ape'),
('KW_4409', 'giant lizard'),
('KW_4410', 'corporation'),
('KW_4411', 'organization'),
('KW_4412', 'containment'),
('KW_4413', 'domed habitat'),
('KW_4414', 'habitat'),
('KW_4415', 'reference to the hollow earth theory'),
('KW_4416', 'vortex'),
('KW_4417', 'center of the earth'),
('KW_4418', 'earth\'s core'),
('KW_4419', 'ancient land'),
('KW_4420', 'prehistoric creature'),
('KW_4421', 'apex predator'),
('KW_4422', 'nemesis'),
('KW_4423', 'atomic breath'),
('KW_4424', 'energy beam'),
('KW_4425', 'mecha'),
('KW_4426', 'rogue robot'),
('KW_4427', 'password'),
('KW_4428', 'incorrect password'),
('KW_4429', 'unauthorized entry'),
('KW_4430', 'high school'),
('KW_4431', 'crossover movie'),
('KW_4432', 'enemies become allies'),
('KW_4433', 'antarctica'),
('KW_4434', 'ocean voyage'),
('KW_4435', 'sedation'),
('KW_4436', 'aircraft carrier'),
('KW_4437', 'scientist'),
('KW_4438', 'researcher'),
('KW_4439', 'college professor'),
('KW_4440', 'book'),
('KW_4441', 'hologram'),
('KW_4442', 'futuristic technology'),
('KW_4443', 'flying vehicle'),
('KW_4444', 'futuristic vehicle'),
('KW_4445', 'high tech'),
('KW_4446', 'skull'),
('KW_4447', 'dragon skull'),
('KW_4448', 'reference to king ghidorah'),
('KW_4449', 'battle axe'),
('KW_4450', 'energy'),
('KW_4451', 'gravity'),
('KW_4452', 'vomit bag'),
('KW_4453', 'barf bag'),
('KW_4454', 'tunnel'),
('KW_4455', 'wormhole'),
('KW_4456', 'magnetic levitation train'),
('KW_4457', 'stowaway'),
('KW_4458', 'snooping'),
('KW_4459', 'trespassing'),
('KW_4460', 'podcaster'),
('KW_4461', 'podcast as subject'),
('KW_4462', 'listening to a podcast'),
('KW_4463', 'conspiracy theory'),
('KW_4464', 'paranoid'),
('KW_4465', 'mass destruction'),
('KW_4466', 'provoking'),
('KW_4467', 'provocation'),
('KW_4468', 'homeland'),
('KW_4469', 'throne'),
('KW_4470', 'mineral'),
('KW_4471', 'rare mineral'),
('KW_4472', 'dislocated shoulder'),
('KW_4473', 'heartbeat'),
('KW_4474', 'electric shock'),
('KW_4475', 'defibrillation'),
('KW_4476', 'underwater fight'),
('KW_4477', 'battleship'),
('KW_4478', 'amphibious creature'),
('KW_4479', 'reference to cnn'),
('KW_4480', 'sample'),
('KW_4481', 'download'),
('KW_4482', 'thumb drive'),
('KW_4483', 'usb drive'),
('KW_4484', 'whistleblower'),
('KW_4485', 'hand sanitizer'),
('KW_4486', 'building evacuation'),
('KW_4487', 'elevator'),
('KW_4488', 'alien skull'),
('KW_4489', 'team up'),
('KW_4490', 'common enemy'),
('KW_4491', 'sea vessel'),
('KW_4492', 'bleach'),
('KW_4493', 'two against one'),
('KW_4494', 'rematch'),
('KW_4495', 'truce'),
('KW_4496', 'magazine cover'),
('KW_4497', 'uprooted tree'),
('KW_4498', 'surveillance camera'),
('KW_4499', 'roar'),
('KW_4500', 'rivalry'),
('KW_4501', 'new home'),
('KW_4502', 'cybernetics'),
('KW_4503', 'cybernetics lab'),
('KW_4504', 'recording a podcast'),
('KW_4505', 'eating an apple'),
('KW_4506', 'deep cover'),
('KW_4507', 'cargo manifest'),
('KW_4508', 'glowing'),
('KW_4509', 'cybernetic eye'),
('KW_4510', 'classroom'),
('KW_4511', 'disaster relief'),
('KW_4512', 'theoretical science'),
('KW_4513', 'university'),
('KW_4514', 'ecosystem'),
('KW_4515', 'genetic memory'),
('KW_4516', 'instinct'),
('KW_4517', 'guardian'),
('KW_4518', 'power source'),
('KW_4519', 'capsize'),
('KW_4520', 'capsized boat'),
('KW_4521', 'prototype aircraft'),
('KW_4522', 'antigravity'),
('KW_4523', 'homesick'),
('KW_4524', 'new zealand accent'),
('KW_4525', 'shipwreck'),
('KW_4526', 'fighter jet'),
('KW_4527', 'ejector seat'),
('KW_4528', 'playing dead'),
('KW_4529', 'airlift'),
('KW_4530', 'tap water'),
('KW_4531', 'gun holster'),
('KW_4532', 'whiskey'),
('KW_4533', 'breaking and entering'),
('KW_4534', 'reference to the illuminati'),
('KW_4535', 'shipping container'),
('KW_4536', 'high speed'),
('KW_4537', 'net'),
('KW_4538', 'outpost'),
('KW_4539', 'base'),
('KW_4540', 'flight suit'),
('KW_4541', 'drinking blood'),
('KW_4542', 'green blood'),
('KW_4543', 'severed head'),
('KW_4544', 'shady corporation'),
('KW_4545', 'mountaintop'),
('KW_4546', 'gravitational forces'),
('KW_4547', 'pod'),
('KW_4548', 'gravitational field'),
('KW_4549', 'uplink'),
('KW_4550', 'headset'),
('KW_4551', 'magma'),
('KW_4552', 'primitive weapon'),
('KW_4553', 'gorilla pounding chest'),
('KW_4554', 'ancestral home'),
('KW_4555', 'bat creature'),
('KW_4556', 'stalactite'),
('KW_4557', 'charging'),
('KW_4558', 'energy source'),
('KW_4559', 'radiation'),
('KW_4560', 'vulture creature'),
('KW_4561', 'human animal bond'),
('KW_4562', 'camera phone'),
('KW_4563', 'flip phone'),
('KW_4564', 'alpha'),
('KW_4565', 'monologuing'),
('KW_4566', 'character name in title'),
('KW_4567', 'based on video game'),
('KW_4568', 'gore'),
('KW_4569', 'graphic violence'),
('KW_4570', 'reboot'),
('KW_4571', 'intentionally misspelled title'),
('KW_4572', 'martial artist'),
('KW_4573', 'title appears in writing'),
('KW_4574', 'fatality'),
('KW_4575', 'mortal kombat'),
('KW_4576', 'bloody violence'),
('KW_4577', 'blood splatter'),
('KW_4578', 'martial arts master'),
('KW_4579', 'reboot of series'),
('KW_4580', 'intense violence'),
('KW_4581', 'absurd violence'),
('KW_4582', 'brutal violence'),
('KW_4583', 'sequel baiting'),
('KW_4584', 'heart ripped out'),
('KW_4585', 'japan'),
('KW_4586', 'year 1617'),
('KW_4587', 'stabbed in the head'),
('KW_4588', 'stabbed in the back'),
('KW_4589', 'stabbed to death'),
('KW_4590', 'one fights many'),
('KW_4591', 'begins in the past'),
('KW_4592', 'murder of wife'),
('KW_4593', 'murder of child'),
('KW_4594', 'throwing knife'),
('KW_4595', 'stabbed in the abdomen'),
('KW_4596', 'ripping out a heart'),
('KW_4597', 'reference to mc hammer'),
('KW_4598', 'reference to david copperfield'),
('KW_4599', 'mma'),
('KW_4600', 'stabbed in the eye'),
('KW_4601', 'reference to brazil'),
('KW_4602', 'reference to harry potter'),
('KW_4603', 'monk'),
('KW_4604', 'reference to magic mike'),
('KW_4605', 'body cut in half'),
('KW_4606', 'reference to hollywood california'),
('KW_4607', 'murder of family'),
('KW_4608', 'woman in peril'),
('KW_4609', 'girl in peril'),
('KW_4610', 'girl in jeopardy'),
('KW_4611', 'murder by stabbing'),
('KW_4612', 'dead body of a child'),
('KW_4613', 'katana'),
('KW_4614', 'katana sword'),
('KW_4615', 'underground fighting'),
('KW_4616', 'evil man'),
('KW_4617', 'woman breaks a man\'s neck'),
('KW_4618', 'kung fu'),
('KW_4619', 'good man'),
('KW_4620', 'good woman'),
('KW_4621', 'character credited as self'),
('KW_4622', 'god of thunder'),
('KW_4623', 'female police officer'),
('KW_4624', 'cleavage'),
('KW_4625', 'held in captivity'),
('KW_4626', 'tournament'),
('KW_4627', 'island'),
('KW_4628', 'sorcerer'),
('KW_4629', 'fighting movie'),
('KW_4630', 'alternate reality'),
('KW_4631', 'martial arts tournament'),
('KW_4632', 'damsel in distress'),
('KW_4633', 'female agent'),
('KW_4634', 'banquet'),
('KW_4635', 'cockney accent'),
('KW_4636', 'film set'),
('KW_4637', 'shapeshifting'),
('KW_4638', 'eye patch'),
('KW_4639', 'parallel world'),
('KW_4640', 'wisecrack humor'),
('KW_4641', 'tough girl'),
('KW_4642', 'first part'),
('KW_4643', 'breaking neck with legs'),
('KW_4644', '1990s'),
('KW_4645', 'face peeled off'),
('KW_4646', 'fall from height'),
('KW_4647', 'bo staff'),
('KW_4648', 'stick fight'),
('KW_4649', 'punch into the camera'),
('KW_4650', 'tower'),
('KW_4651', 'thrown through a wall'),
('KW_4652', 'falling to death'),
('KW_4653', 'hit in the crotch'),
('KW_4654', 'impalement'),
('KW_4655', 'head cut in half'),
('KW_4656', 'fire breathing'),
('KW_4657', 'destiny'),
('KW_4658', 'man punching a woman'),
('KW_4659', 'kicked in the chest'),
('KW_4660', 'prince'),
('KW_4661', 'freeze to death'),
('KW_4662', 'fat legs'),
('KW_4663', 'chubby woman'),
('KW_4664', 'interracial cooperation'),
('KW_4665', 'fat suit'),
('KW_4666', 'thunder thighs'),
('KW_4667', 'distaff'),
('KW_4668', 'supervillain'),
('KW_4669', 'jumping through a window'),
('KW_4670', 'interracial friendship'),
('KW_4671', 'estranged friend'),
('KW_4672', 'mullet haircut'),
('KW_4673', 'reference to the chicago bears'),
('KW_4674', 'mother daughter talk'),
('KW_4675', 'female entrepreneur'),
('KW_4676', 'throwing a bus'),
('KW_4677', 'mayoral election'),
('KW_4678', 'knock knock joke'),
('KW_4679', 'unattractive woman'),
('KW_4680', 'half man half crab'),
('KW_4681', 'female mayor'),
('KW_4682', 'old friend'),
('KW_4683', 'suit'),
('KW_4684', 'protective suit'),
('KW_4685', 'chicks'),
('KW_4686', 'gadget'),
('KW_4687', 'singing in a car'),
('KW_4688', 'reference to slayer'),
('KW_4689', 'reference to glenn frey'),
('KW_4690', 'reference to van halen'),
('KW_4691', 'reference to the chicago cubs'),
('KW_4692', 'reference to a superhero'),
('KW_4693', 'mayoral candidate'),
('KW_4694', 'saying grace'),
('KW_4695', 'diner owner'),
('KW_4696', 'proud mother'),
('KW_4697', 'reference to seal'),
('KW_4698', 'non comic book superhero'),
('KW_4699', 'first date'),
('KW_4700', 'evil robot'),
('KW_4701', 'robot army'),
('KW_4702', 'pet dog'),
('KW_4703', 'road trip'),
('KW_4704', 'furby'),
('KW_4705', 'family road trip'),
('KW_4706', 'tech uprising'),
('KW_4707', 'virtual assistant'),
('KW_4708', 'five word title'),
('KW_4709', 'family pet'),
('KW_4710', 'columbia tristar'),
('KW_4711', 'war against machines'),
('KW_4712', 'man against machine'),
('KW_4713', 'netflix original'),
('KW_4714', 'reference to martin luther king jr.'),
('KW_4715', 'u.s. politics'),
('KW_4716', 'reference to mohammed ali'),
('KW_4717', 'car theft'),
('KW_4718', 'fbi informant'),
('KW_4719', 'civil rights'),
('KW_4720', 'man wears a beret'),
('KW_4721', 'fbi special agent'),
('KW_4722', 'confederate flag'),
('KW_4723', 'free breakfast program'),
('KW_4724', 'stealing a car'),
('KW_4725', 'hot wiring a car'),
('KW_4726', 'informant'),
('KW_4727', 'impersonating a federal agent'),
('KW_4728', 'impersonating a fbi agent'),
('KW_4729', 'death of son'),
('KW_4730', 'reference to michael schwerner'),
('KW_4731', 'reference to andrew goodman'),
('KW_4732', 'reference to james chaney'),
('KW_4733', 'reference to huey p. newton'),
('KW_4734', 'reference to eldridge cleaver'),
('KW_4735', 'j. edgar hoover character'),
('KW_4736', 'pregnancy'),
('KW_4737', 'politics'),
('KW_4738', 'policeman'),
('KW_4739', 'ku klux klan'),
('KW_4740', 'reference to the vietnam war'),
('KW_4741', 'cigar smoking'),
('KW_4742', 'n word'),
('KW_4743', 'wearing sunglasses indoors'),
('KW_4744', 'freedom'),
('KW_4745', 'inspired by true events'),
('KW_4746', 'scene during closing credits'),
('KW_4747', 'archival footage'),
('KW_4748', 'beret'),
('KW_4749', 'pamphlet'),
('KW_4750', 'newspaper'),
('KW_4751', 'newspaper clipping'),
('KW_4752', 'speechwriter'),
('KW_4753', 'rainbow coalition'),
('KW_4754', 'liberation'),
('KW_4755', 'reference to bobby seale'),
('KW_4756', 'pay phone'),
('KW_4757', 'gasoline'),
('KW_4758', 'building on fire'),
('KW_4759', 'on the lam'),
('KW_4760', 'floor plan'),
('KW_4761', 'reference to uncle tom'),
('KW_4762', 'reference to aunt jemima'),
('KW_4763', 'reference to harriet tubman'),
('KW_4764', 'shot in the chest'),
('KW_4765', 'coffin'),
('KW_4766', 'hearse'),
('KW_4767', 'towers'),
('KW_4768', 'redneck'),
('KW_4769', 'puerto rican'),
('KW_4770', 'group hug'),
('KW_4771', 'bongo drums'),
('KW_4772', 'cross'),
('KW_4773', 'wearing a wire'),
('KW_4774', 'u.s. history'),
('KW_4775', 'man wears a fur coat'),
('KW_4776', 'machine gun'),
('KW_4777', '21 year old'),
('KW_4778', '21 year old man'),
('KW_4779', '22 year old'),
('KW_4780', '22 year old man'),
('KW_4781', 'comrade'),
('KW_4782', 'menard correctional facility'),
('KW_4783', 'scotch whiskey'),
('KW_4784', 'archive footage during closing credits'),
('KW_4785', 'blackboard'),
('KW_4786', 'man and woman share a bed'),
('KW_4787', 'megaphone'),
('KW_4788', 'voice over letter'),
('KW_4789', 'bare chested man'),
('KW_4790', 'prison cell'),
('KW_4791', 'prison release'),
('KW_4792', 'surrender'),
('KW_4793', 'cease fire'),
('KW_4794', 'ambulance'),
('KW_4795', 'holding hands up in the air'),
('KW_4796', 'voice over poetry'),
('KW_4797', 'poetry'),
('KW_4798', 'fist in the air'),
('KW_4799', 'gurney'),
('KW_4800', 'harboring a fugitive'),
('KW_4801', 'stealing ice cream'),
('KW_4802', 'switchblade'),
('KW_4803', 'woman points a gun at a man'),
('KW_4804', 'hatred'),
('KW_4805', 'poetess'),
('KW_4806', 'pledge of allegiance'),
('KW_4807', 'equality'),
('KW_4808', 'reflection in a car window'),
('KW_4809', 'windshield wiper'),
('KW_4810', 'co written by director'),
('KW_4811', 'pool hall'),
('KW_4812', 'police interrogation'),
('KW_4813', 'racist cop'),
('KW_4814', 'black power'),
('KW_4815', 'afro'),
('KW_4816', '1930s'),
('KW_4817', '1940s'),
('KW_4818', 'screenwriter'),
('KW_4819', 'los angeles california'),
('KW_4820', 'reference to battle of hastings'),
('KW_4821', 'reference to thomas jefferson'),
('KW_4822', 'funeral'),
('KW_4823', 'hollywood california'),
('KW_4824', 'reference to herman mankiewicz'),
('KW_4825', 'writer'),
('KW_4826', 'writing'),
('KW_4827', 'filmmaking'),
('KW_4828', 'jew'),
('KW_4829', 'jewish'),
('KW_4830', 'election'),
('KW_4831', 'wealth'),
('KW_4832', 'film director'),
('KW_4833', 'broken leg'),
('KW_4834', 'film studio head'),
('KW_4835', 'platonic love affair'),
('KW_4836', 'drunken rant'),
('KW_4837', 'ruining someone\'s party'),
('KW_4838', 'slipping a mickey'),
('KW_4839', 'smashing a bottle'),
('KW_4840', 'long suffering wife'),
('KW_4841', 'betting'),
('KW_4842', 'reference to the gunfight at the o.k. corral'),
('KW_4843', 'reference to nelson algren'),
('KW_4844', 'hugging one\'s friend'),
('KW_4845', 'year 1941'),
('KW_4846', 'year 1942'),
('KW_4847', 'biltmore hotel los angeles'),
('KW_4848', 'mojave desert'),
('KW_4849', 'academy awards ceremony'),
('KW_4850', 'ends with freeze frame'),
('KW_4851', 'academy award'),
('KW_4852', 'award acceptance speech'),
('KW_4853', 'character name as title'),
('KW_4854', 'reference to moby dick the novel'),
('KW_4855', 'reference to heart of darkness'),
('KW_4856', 'reference to joseph conrad'),
('KW_4857', 'alcoholic writer'),
('KW_4858', 'reference to the burning bush'),
('KW_4859', 'convertible'),
('KW_4860', 'offscreen car crash'),
('KW_4861', 'female secretary'),
('KW_4862', 'typist'),
('KW_4863', 'flyswatter'),
('KW_4864', 'writing appearing on screen'),
('KW_4865', 'englishwoman in america'),
('KW_4866', 'studio lot'),
('KW_4867', 'film crew'),
('KW_4868', 'hollywoodland sign'),
('KW_4869', 'reference to emil jannings'),
('KW_4870', 'reference to faust'),
('KW_4871', 'louis b. mayer character'),
('KW_4872', 'marion davies character'),
('KW_4873', 'william randolph hearst character'),
('KW_4874', 'reference to the marx brothers'),
('KW_4875', 'reference to oxford university'),
('KW_4876', 'paramount'),
('KW_4877', 'mgm'),
('KW_4878', 'extended version'),
('KW_4879', 'badass'),
('KW_4880', 'batman character'),
('KW_4881', 'justice league'),
('KW_4882', 'comicbook movie'),
('KW_4883', 'team'),
('KW_4884', 'recruitment'),
('KW_4885', 'alien invasion'),
('KW_4886', 'atlantis'),
('KW_4887', 'batcave'),
('KW_4888', 'superhuman'),
('KW_4889', 'army'),
('KW_4890', 'god'),
('KW_4891', 'end of the world'),
('KW_4892', 'alien'),
('KW_4893', 'bruce wayne character'),
('KW_4894', 'aquaman character'),
('KW_4895', 'barry allen character'),
('KW_4896', 'cyborg'),
('KW_4897', 'invasion'),
('KW_4898', 'gotham city'),
('KW_4899', 'fictional city'),
('KW_4900', 'supersonic speed'),
('KW_4901', 'metal hand'),
('KW_4902', 'comic relief'),
('KW_4903', 'robotic hand'),
('KW_4904', 'robotic body'),
('KW_4905', 'friendly contest'),
('KW_4906', 'cape'),
('KW_4907', 'incarnation'),
('KW_4908', 'style'),
('KW_4909', 'metropolis the city'),
('KW_4910', 'clark kent character'),
('KW_4911', 'superman character'),
('KW_4912', 'the flash character'),
('KW_4913', 'cyborg character'),
('KW_4914', 'darkseid character'),
('KW_4915', 'alfred pennyworth character'),
('KW_4916', 'atlantean'),
('KW_4917', 'lois lane character'),
('KW_4918', 'hippolyta character'),
('KW_4919', 'martha kent character'),
('KW_4920', 'james gordon character'),
('KW_4921', 'parademon'),
('KW_4922', 'martian manhunter character'),
('KW_4923', 'zeus character'),
('KW_4924', 'ares character'),
('KW_4925', 'prison visit'),
('KW_4926', 'henry allen character'),
('KW_4927', 'batarang'),
('KW_4928', 'knightcrawler'),
('KW_4929', 'heat vision'),
('KW_4930', 'smallville'),
('KW_4931', 'arkham asylum'),
('KW_4932', 'ressurection'),
('KW_4933', 'visiting a grave'),
('KW_4934', 'bat signal'),
('KW_4935', 'lex luthor character'),
('KW_4936', 'deathstroke character'),
('KW_4937', 'joker character'),
('KW_4938', 'hbo max'),
('KW_4939', 'shapeshifter'),
('KW_4940', 'director\'s cut'),
('KW_4941', 'sequel to a reboot'),
('KW_4942', 'steppenwolf character'),
('KW_4943', 'desaad character'),
('KW_4944', 'police commissioner'),
('KW_4945', 'commissioner gordon character'),
('KW_4946', 'martian'),
('KW_4947', 'batmobile'),
('KW_4948', 'troop transport'),
('KW_4949', 'assault'),
('KW_4950', 'alliance'),
('KW_4951', 'superhero team up'),
('KW_4952', 'time space'),
('KW_4953', 'space time continuum'),
('KW_4954', 'turning back time'),
('KW_4955', 'changing the past'),
('KW_4956', 'changing the future'),
('KW_4957', 'vision of the future'),
('KW_4958', 'apocalyptic vision'),
('KW_4959', 'apokolips the planet'),
('KW_4960', 'post apocalyptic world'),
('KW_4961', 'post apocalyptic future'),
('KW_4962', 'good guy gone bad'),
('KW_4963', 'uneasy partnership'),
('KW_4964', 'hero villain team up'),
('KW_4965', 'mera character'),
('KW_4966', 'slade wilson character'),
('KW_4967', 'reference to robin the boy wonder'),
('KW_4968', 'reference to harley quinn'),
('KW_4969', 'loss of a loved one'),
('KW_4970', 'amputee'),
('KW_4971', 'computer hacker'),
('KW_4972', 'football player'),
('KW_4973', 'star athlete'),
('KW_4974', 'football game'),
('KW_4975', 'college football player'),
('KW_4976', 'foreclosure'),
('KW_4977', 'home foreclosure'),
('KW_4978', 'moving van'),
('KW_4979', 'reference to u haul'),
('KW_4980', 'reference to mercedes benz'),
('KW_4981', 'star labs'),
('KW_4982', 'alien technology'),
('KW_4983', 'mother box'),
('KW_4984', 'portal to another world'),
('KW_4985', 'portal to another dimension'),
('KW_4986', 'multiverse'),
('KW_4987', 'alternate future'),
('KW_4988', 'trident'),
('KW_4989', 'half breed'),
('KW_4990', 'amphibious man'),
('KW_4991', 'recruiter'),
('KW_4992', 'electricity'),
('KW_4993', 'speed force'),
('KW_4994', 'speed of light'),
('KW_4995', 'space time'),
('KW_4996', 'super speed'),
('KW_4997', 'hotdog'),
('KW_4998', 'job interview'),
('KW_4999', 'new job'),
('KW_5000', 'wrongful imprisonment'),
('KW_5001', 'freeze breath'),
('KW_5002', 'shooting lasers from eyes'),
('KW_5003', 'laser eyes'),
('KW_5004', 'redemption'),
('KW_5005', 'conqueror'),
('KW_5006', 'conquering the world'),
('KW_5007', 'conquest'),
('KW_5008', 'swimming'),
('KW_5009', 'nuclear power plant'),
('KW_5010', 'abandoned nuclear power plant'),
('KW_5011', 'back to life'),
('KW_5012', 'corpse'),
('KW_5013', 'exhuming a dead body'),
('KW_5014', 'grave robber'),
('KW_5015', 'ancient culture'),
('KW_5016', 'lasso'),
('KW_5017', 'themyscira'),
('KW_5018', 'temple'),
('KW_5019', 'art restorer'),
('KW_5020', 'louvre museum paris'),
('KW_5021', 'television news report'),
('KW_5022', 'equation'),
('KW_5023', 'resistance'),
('KW_5024', 'green lantern corps'),
('KW_5025', 'power ring'),
('KW_5026', 'greek deity'),
('KW_5027', 'greek god'),
('KW_5028', 'zeus the greek deity'),
('KW_5029', 'trench coat'),
('KW_5030', 'escaped inmate'),
('KW_5031', 'criminal mastermind'),
('KW_5032', 'epilogue'),
('KW_5033', 'closet'),
('KW_5034', 'mindscape'),
('KW_5035', 'biohazard'),
('KW_5036', 'evacuation'),
('KW_5037', 'quarantine'),
('KW_5038', 'atm'),
('KW_5039', 'stock market'),
('KW_5040', 'finance'),
('KW_5041', 'school records'),
('KW_5042', 'mainframe'),
('KW_5043', 'the grid'),
('KW_5044', 'monument'),
('KW_5045', 'memorial'),
('KW_5046', 'latte'),
('KW_5047', 'pregnancy test'),
('KW_5048', 'engagement ring'),
('KW_5049', 'j\'onn j\'onzz character'),
('KW_5050', 'new look'),
('KW_5051', 'responsibility'),
('KW_5052', 'police sketch'),
('KW_5053', 'cyber'),
('KW_5054', 'electronic intelligence'),
('KW_5055', 'connected'),
('KW_5056', 'connection'),
('KW_5057', 'digital'),
('KW_5058', 'digital communication'),
('KW_5059', 'electrical grid'),
('KW_5060', 'defense system'),
('KW_5061', 'speedster metahuman'),
('KW_5062', 'speedster'),
('KW_5063', 'hovering'),
('KW_5064', 'mind reading technology'),
('KW_5065', 'abduction'),
('KW_5066', 'prisoner'),
('KW_5067', 'unity'),
('KW_5068', 'ryan choi character'),
('KW_5069', 'hoodie'),
('KW_5070', 'abandoned town'),
('KW_5071', 'batman\'s grapple gun'),
('KW_5072', 'hostage situation'),
('KW_5073', 'field trip'),
('KW_5074', 'mural'),
('KW_5075', 'torch'),
('KW_5076', 'regaining one\'s memory'),
('KW_5077', 'amnesia'),
('KW_5078', 'bat computer'),
('KW_5079', 'super computer'),
('KW_5080', 'lake house'),
('KW_5081', 'gauntlet'),
('KW_5082', 'dissipation'),
('KW_5083', 'losing the farm'),
('KW_5084', 'changing a grade'),
('KW_5085', 'kryptonian'),
('KW_5086', 'spaceship'),
('KW_5087', 'dome'),
('KW_5088', 'hesitation'),
('KW_5089', 'goggles'),
('KW_5090', 'plan'),
('KW_5091', 'gadget car'),
('KW_5092', 'iceland'),
('KW_5093', 'beheading'),
('KW_5094', 'reference to sony'),
('KW_5095', 'reference to under armour'),
('KW_5096', 'straitjacket'),
('KW_5097', 'asylum'),
('KW_5098', 'asylum inmate'),
('KW_5099', 'post apocalyptic wasteland'),
('KW_5100', 'playing card'),
('KW_5101', 'explicit language'),
('KW_5102', 'mohawk'),
('KW_5103', 'billionaire'),
('KW_5104', 'seeking redemption'),
('KW_5105', 'armor'),
('KW_5106', 'omega beam'),
('KW_5107', 'anti life equation'),
('KW_5108', 'granny goodness character'),
('KW_5109', 'reactionary'),
('KW_5110', 'motherbox'),
('KW_5111', 'silas stone'),
('KW_5112', 'arthur curry character'),
('KW_5113', 'levitation'),
('KW_5114', 'black costume'),
('KW_5115', 'symbol'),
('KW_5116', 'extraterrestrial'),
('KW_5117', 'superhero fight'),
('KW_5118', 'amazon princess'),
('KW_5119', 'amazonian'),
('KW_5120', 'part computer animation'),
('KW_5121', 'warrior princess'),
('KW_5122', 'telekinesis'),
('KW_5123', 'scantily clad female'),
('KW_5124', 'x rayed skeleton'),
('KW_5125', 'human alien'),
('KW_5126', 'long haired male'),
('KW_5127', 'masked man'),
('KW_5128', 'masked hero'),
('KW_5129', 'iris west character'),
('KW_5130', 'batplane'),
('KW_5131', 'warlord'),
('KW_5132', 'alien warlord'),
('KW_5133', 'shape shifter'),
('KW_5134', 'exploding head'),
('KW_5135', 'exploding building'),
('KW_5136', 'collapsing building'),
('KW_5137', 'exploding ship'),
('KW_5138', 'disintegrating body'),
('KW_5139', 'wayne manor'),
('KW_5140', 'viking'),
('KW_5141', 'evil god'),
('KW_5142', 'tower bridge london'),
('KW_5143', 'st paul\'s cathedral'),
('KW_5144', 'reference to king arthur'),
('KW_5145', 'batsignal'),
('KW_5146', 'rooftop'),
('KW_5147', 'child in peril'),
('KW_5148', 'metal detector'),
('KW_5149', 'private jet'),
('KW_5150', 'reference to the knights of the round table'),
('KW_5151', 'irish'),
('KW_5152', 'fishing boat'),
('KW_5153', 'u.s. army'),
('KW_5154', 'electromagnetic pulse'),
('KW_5155', 'janitor'),
('KW_5156', 'laser'),
('KW_5157', 'profanity'),
('KW_5158', 'experimental technology'),
('KW_5159', 'water'),
('KW_5160', 'ocean'),
('KW_5161', 'storm at sea'),
('KW_5162', 'underwater kingdom'),
('KW_5163', 'kingdom'),
('KW_5164', 'bilingualism'),
('KW_5165', 'beam of light'),
('KW_5166', 'laser gun'),
('KW_5167', 'small town'),
('KW_5168', 'frenchman'),
('KW_5169', 'the louvre paris'),
('KW_5170', 'village'),
('KW_5171', 'coastal town'),
('KW_5172', 'central city'),
('KW_5173', 'product placement'),
('KW_5174', 'fisherman'),
('KW_5175', 'archer'),
('KW_5176', 'female archer'),
('KW_5177', 'flaming arrow'),
('KW_5178', 'news report'),
('KW_5179', 'helmet'),
('KW_5180', 'glacier'),
('KW_5181', 'female army'),
('KW_5182', 'female fighter'),
('KW_5183', 'amazon queen'),
('KW_5184', 'umbrella'),
('KW_5185', 'sniper rifle'),
('KW_5186', 'sniper'),
('KW_5187', 'gatling gun'),
('KW_5188', 'nordenfelt gun'),
('KW_5189', 'rocket launcher'),
('KW_5190', 'blood on camera lens'),
('KW_5191', 'spacecraft'),
('KW_5192', 'abandoned city'),
('KW_5193', 'abandoned power station'),
('KW_5194', 'servant'),
('KW_5195', 'butler'),
('KW_5196', 'bank foreclosure'),
('KW_5197', 'cube'),
('KW_5198', 'police station'),
('KW_5199', 'mustache'),
('KW_5200', 'falling from height'),
('KW_5201', 'gravedigging'),
('KW_5202', 'hazmat suit'),
('KW_5203', 'cornfield'),
('KW_5204', 'resurrection'),
('KW_5205', 'desperation'),
('KW_5206', 'righteous rage'),
('KW_5207', 'alien superhero'),
('KW_5208', 'stabbed in the chest'),
('KW_5209', 'flood'),
('KW_5210', 'spiral staircase'),
('KW_5211', 'tomb'),
('KW_5212', 'cargo plane'),
('KW_5213', 'shot in the head'),
('KW_5214', 'college football'),
('KW_5215', 'american football'),
('KW_5216', 'death of wife'),
('KW_5217', 'shot in the forehead'),
('KW_5218', 'shot in the back'),
('KW_5219', 'shot to death'),
('KW_5220', 'origin of hero'),
('KW_5221', 'truck driver'),
('KW_5222', 'hit by a truck'),
('KW_5223', 'car hit by a truck'),
('KW_5224', 'car rollover'),
('KW_5225', 'severed hand'),
('KW_5226', 'dark hero'),
('KW_5227', 'tragic hero'),
('KW_5228', 'axe murder'),
('KW_5229', 'rope'),
('KW_5230', 'jackhammer'),
('KW_5231', 'stabbed in the shoulder'),
('KW_5232', 'decapitation'),
('KW_5233', 'crushed by a car'),
('KW_5234', 'space mission'),
('KW_5235', 'outer space'),
('KW_5236', 'space travel'),
('KW_5237', 'trapped in space'),
('KW_5238', 'crime family'),
('KW_5239', 'patriarch'),
('KW_5240', 'organized crime'),
('KW_5241', 'rise to power'),
('KW_5242', 'part of trilogy'),
('KW_5243', 'gambling syndicate'),
('KW_5244', 'mob boss'),
('KW_5245', 'gangster'),
('KW_5246', 'crime boss'),
('KW_5247', 'professional hit'),
('KW_5248', 'corrupt cop'),
('KW_5249', 'gang war'),
('KW_5250', 'cop killer'),
('KW_5251', 'gang warfare'),
('KW_5252', '1950s'),
('KW_5253', 'severed horse\'s head'),
('KW_5254', 'first of series'),
('KW_5255', 'husband hits wife'),
('KW_5256', 'manhattan new york city'),
('KW_5257', 'bronx new york city'),
('KW_5258', 'criminal'),
('KW_5259', 'brother brother relationship'),
('KW_5260', 'mob hit'),
('KW_5261', 'mob summit'),
('KW_5262', 'horse killed'),
('KW_5263', 'dysfunctional family'),
('KW_5264', 'police officer shot in the neck'),
('KW_5265', 'casino'),
('KW_5266', 'character depth'),
('KW_5267', 'catholic church'),
('KW_5268', 'italian american'),
('KW_5269', 'famous line'),
('KW_5270', 'tommy gun'),
('KW_5271', 'murder of son'),
('KW_5272', 'symbolism'),
('KW_5273', 'thompson gun'),
('KW_5274', 'war veteran'),
('KW_5275', 'mob violence'),
('KW_5276', 'adopted son'),
('KW_5277', 'widower'),
('KW_5278', 'honor'),
('KW_5279', 'love at first sight'),
('KW_5280', 'loss of son'),
('KW_5281', 'traitor'),
('KW_5282', 'assassination attempt'),
('KW_5283', 'corrupt lawyer'),
('KW_5284', 'police corruption'),
('KW_5285', 'sibling rivalry'),
('KW_5286', 'italy'),
('KW_5287', 'crooked cop'),
('KW_5288', 'famous score'),
('KW_5289', 'protective male'),
('KW_5290', 'ex soldier'),
('KW_5291', 'film producer'),
('KW_5292', 'police officer shot in the head'),
('KW_5293', 'pregnant woman beaten'),
('KW_5294', 'baptism'),
('KW_5295', 'undertaker'),
('KW_5296', 'domestic violence'),
('KW_5297', 'car bomb'),
('KW_5298', 'extramarital affair'),
('KW_5299', 'marital abuse'),
('KW_5300', 'motion picture executive'),
('KW_5301', 'world war two veteran'),
('KW_5302', 'bagman'),
('KW_5303', 'hospital bed'),
('KW_5304', 'american dream'),
('KW_5305', 'masterpiece'),
('KW_5306', 'large format camera'),
('KW_5307', 'fbi surveillance'),
('KW_5308', 'overhearing sex'),
('KW_5309', 'group photo'),
('KW_5310', 'sicily'),
('KW_5311', 'academy award winner'),
('KW_5312', 'warning food will get cold'),
('KW_5313', 'cannoli'),
('KW_5314', 'national film registry'),
('KW_5315', 'literature on screen'),
('KW_5316', 'american literature on screen'),
('KW_5317', 'ethnic stereotype'),
('KW_5318', 'italian abroad'),
('KW_5319', 'italian in usa'),
('KW_5320', 'italian immigrant'),
('KW_5321', 'european in usa'),
('KW_5322', 'reference to thomas dewey'),
('KW_5323', '20th century literature on screen'),
('KW_5324', 'crime literature on screen'),
('KW_5325', 'american crime literature on screen'),
('KW_5326', 'sicilian american'),
('KW_5327', 'sicilian'),
('KW_5328', 'reference to heroin'),
('KW_5329', 'mob war'),
('KW_5330', 'gangland hit'),
('KW_5331', 'gangland murder'),
('KW_5332', 'gangland execution'),
('KW_5333', 'sicilian mafia'),
('KW_5334', 'american mafia'),
('KW_5335', 'rival gangsters'),
('KW_5336', 'heroin trafficking'),
('KW_5337', 'gangster murders fellow gangster'),
('KW_5338', 'irish american cop'),
('KW_5339', 'mobster'),
('KW_5340', 'sicilian mafioso'),
('KW_5341', 'sicilian woman'),
('KW_5342', 'mafia boss'),
('KW_5343', 'mafia don'),
('KW_5344', 'irish american'),
('KW_5345', 'consigliere'),
('KW_5346', 'german american'),
('KW_5347', 'murder of brother');
INSERT INTO `keyword_tb` (`keywordID`, `keywordName`) VALUES
('KW_5348', 'death of brother'),
('KW_5349', 'criminal father'),
('KW_5350', 'speaking italian'),
('KW_5351', 'ethnocentrism'),
('KW_5352', 'five families'),
('KW_5353', 'american in italy'),
('KW_5354', 'mob enforcer'),
('KW_5355', 'major drug dealer'),
('KW_5356', 'police captain'),
('KW_5357', 'italian restaurant'),
('KW_5358', 'capo'),
('KW_5359', 'caporegime'),
('KW_5360', 'jewish gangster'),
('KW_5361', 'jewish mobster'),
('KW_5362', 'nypd'),
('KW_5363', 'new york police department'),
('KW_5364', 'mob hitman'),
('KW_5365', 'mob lawyer'),
('KW_5366', 'bulletproof vest'),
('KW_5367', 'smith & wesson model 27'),
('KW_5368', 'beretta m1934'),
('KW_5369', 'colt detective special'),
('KW_5370', 'smith & wesson model 36'),
('KW_5371', 'smith & wesson model 10 revolver'),
('KW_5372', 'm1911 pistol'),
('KW_5373', 'thompson sub machine gun with drum magazine'),
('KW_5374', 'thompson sub machine gun'),
('KW_5375', 'madsen m 50'),
('KW_5376', 'double barreled shotgun'),
('KW_5377', 'shot with a shotgun'),
('KW_5378', 'killed with a shotgun'),
('KW_5379', 'winchester model 1912'),
('KW_5380', 'murder of a police officer'),
('KW_5381', 'corrupt police'),
('KW_5382', 'corrupt policeman'),
('KW_5383', 'cop murdered'),
('KW_5384', 'italian dining'),
('KW_5385', 'old gangster'),
('KW_5386', 'gangster boss'),
('KW_5387', 'gangster\'s son'),
('KW_5388', 'gangsterism'),
('KW_5389', 'gangster film'),
('KW_5390', 'italian gangster'),
('KW_5391', 'rival gangster'),
('KW_5392', 'american gangster'),
('KW_5393', 'crime syndicate'),
('KW_5394', 'criminal organization'),
('KW_5395', 'gangster brother'),
('KW_5396', 'gangster father'),
('KW_5397', 'violent gangster'),
('KW_5398', 'gangster\'s sister'),
('KW_5399', 'gangster husband'),
('KW_5400', 'gangster boyfriend'),
('KW_5401', 'gangster as protagonist'),
('KW_5402', 'mafiosi'),
('KW_5403', 'mafioso'),
('KW_5404', 'fat mafioso'),
('KW_5405', 'wise guy'),
('KW_5406', 'gangland'),
('KW_5407', 'gangland crime'),
('KW_5408', 'underworld'),
('KW_5409', 'criminal underworld'),
('KW_5410', 'american mobster'),
('KW_5411', 'mob family'),
('KW_5412', 'mob killing'),
('KW_5413', 'mob execution'),
('KW_5414', 'death of gangster'),
('KW_5415', 'murder of a gangster'),
('KW_5416', 'gangster killed'),
('KW_5417', 'murdered gangster'),
('KW_5418', 'gangster\'s daughter'),
('KW_5419', 'death of a gangster'),
('KW_5420', 'new york gangster'),
('KW_5421', 'new york city gangster'),
('KW_5422', 'sicilian gangster'),
('KW_5423', 'gangster wearing tuxedo'),
('KW_5424', 'mobster\'s daughter'),
('KW_5425', 'daughter of a mafioso'),
('KW_5426', 'mafia wife'),
('KW_5427', 'mob'),
('KW_5428', 'the mob'),
('KW_5429', 'new yorker'),
('KW_5430', 'godfather'),
('KW_5431', 'father mourns son'),
('KW_5432', 'firearm'),
('KW_5433', 'screenplay adapted by author'),
('KW_5434', 'weapon'),
('KW_5435', 'breasts'),
('KW_5436', 'nickname as title'),
('KW_5437', 'hollywood mogul'),
('KW_5438', 'godson'),
('KW_5439', 'godfather godson relationship'),
('KW_5440', 'title same as book'),
('KW_5441', 'post world war two'),
('KW_5442', 'cult film'),
('KW_5443', 'cult classic'),
('KW_5444', 'drugs'),
('KW_5445', 'drug dealer'),
('KW_5446', 'dirty cop'),
('KW_5447', 'reference to ingrid bergman'),
('KW_5448', 'foreplay'),
('KW_5449', 'reference to jerry lewis'),
('KW_5450', 'reference to joe e. lewis'),
('KW_5451', 'reference to gloria dehaven'),
('KW_5452', 'reference to dean martin'),
('KW_5453', 'reference to clark gable'),
('KW_5454', 'shot through the eye'),
('KW_5455', 'bathtub'),
('KW_5456', 'movie theater'),
('KW_5457', 'smashing a camera'),
('KW_5458', 'broken jaw'),
('KW_5459', 'picture in newspaper'),
('KW_5460', 'character appears in newspaper'),
('KW_5461', 'beaten with a belt'),
('KW_5462', 'double murder'),
('KW_5463', 'orange peel'),
('KW_5464', 'zombie'),
('KW_5465', 'heist'),
('KW_5466', 'ultimate'),
('KW_5467', 'group'),
('KW_5468', 'outbreak'),
('KW_5469', 'working'),
('KW_5470', 'las vegas nevada'),
('KW_5471', 'black singer'),
('KW_5472', 'black female protagonist'),
('KW_5473', 'tension'),
('KW_5474', 'rehearsal'),
('KW_5475', 'sex on a piano'),
('KW_5476', 'gang rape'),
('KW_5477', 'rape of a mother'),
('KW_5478', 'rape of a woman'),
('KW_5479', 'agent'),
('KW_5480', 'trombone'),
('KW_5481', 'trumpet'),
('KW_5482', 'recording'),
('KW_5483', 'recording session'),
('KW_5484', 'saxophone'),
('KW_5485', 'stuttering'),
('KW_5486', 'homicide'),
('KW_5487', 'color in title'),
('KW_5488', 'apostrophe in title'),
('KW_5489', 'blues music'),
('KW_5490', 'fired from the job'),
('KW_5491', 'ma rainley character'),
('KW_5492', 'vinyl recording'),
('KW_5493', 'lesbian character'),
('KW_5494', 'older woman younger woman relationship'),
('KW_5495', 'trumpet player'),
('KW_5496', 'trombone player'),
('KW_5497', 'bass fiddle'),
('KW_5498', 'bass fiddle player'),
('KW_5499', 'storytelling'),
('KW_5500', 'aunt nephew relationship'),
('KW_5501', 'stuttering teenage boy'),
('KW_5502', 'flask'),
('KW_5503', 'shoes'),
('KW_5504', 'alleyway'),
('KW_5505', 'electric fan'),
('KW_5506', 'songwriter'),
('KW_5507', 'reference to bessie smith'),
('KW_5508', 'pursuit'),
('KW_5509', 'stepping on someone\'s shoes'),
('KW_5510', 'stabbing'),
('KW_5511', 'flirting'),
('KW_5512', 'heat the temperature'),
('KW_5513', 'sweaty woman'),
('KW_5514', 'chest scar'),
('KW_5515', 'check'),
('KW_5516', 'pot smoking'),
('KW_5517', 'female female embrace'),
('KW_5518', 'newspaper ad'),
('KW_5519', 'reference to gabriel'),
('KW_5520', 'audience'),
('KW_5521', 'barnesville georgia'),
('KW_5522', 'running man'),
('KW_5523', 'factory'),
('KW_5524', 'hand fan'),
('KW_5525', '8 year old boy'),
('KW_5526', 'slap on the butt'),
('KW_5527', 'threat to sue'),
('KW_5528', 'almost hit by a car'),
('KW_5529', 'murder of father'),
('KW_5530', 'window shutters'),
('KW_5531', 'el train'),
('KW_5532', 'photographs during closing credits'),
('KW_5533', 'quietness'),
('KW_5534', 'cash'),
('KW_5535', 'man touches a woman\'s leg'),
('KW_5536', 'recording studio'),
('KW_5537', 'slamming a locker'),
('KW_5538', 'threatening to quit job'),
('KW_5539', 'music arranger'),
('KW_5540', 'black and white scene'),
('KW_5541', 'alabama'),
('KW_5542', 'assault and battery'),
('KW_5543', 'carpetbagger'),
('KW_5544', 'clodhopper'),
('KW_5545', 'jug band'),
('KW_5546', 'man on fire'),
('KW_5547', 'midwife'),
('KW_5548', 'paddy wagon'),
('KW_5549', 'sharecropper'),
('KW_5550', 'whorehouse'),
('KW_5551', 'africa'),
('KW_5552', 'atlanta georgia'),
('KW_5553', 'fool'),
('KW_5554', 'birmingham alabama'),
('KW_5555', 'blasphemy'),
('KW_5556', 'charleston the dance'),
('KW_5557', 'detroit michigan'),
('KW_5558', 'georgia'),
('KW_5559', 'harlem new york'),
('KW_5560', 'hell'),
('KW_5561', 'jefferson county mississippi'),
('KW_5562', 'leftovers'),
('KW_5563', 'memphis tennessee'),
('KW_5564', 'natchez mississippi'),
('KW_5565', 'selling one\'s soul to the devil'),
('KW_5566', 'stew'),
('KW_5567', 'tallahassee florida'),
('KW_5568', 'tearing up a bible'),
('KW_5569', 'the bible'),
('KW_5570', 'throat slitting'),
('KW_5571', 'toledo ohio'),
('KW_5572', 'tuscaloosa county alabama'),
('KW_5573', 'star died before release'),
('KW_5574', 'reference to the devil'),
('KW_5575', 'period drama'),
('KW_5576', 'period piece'),
('KW_5577', '32 year old'),
('KW_5578', '32 year old man'),
('KW_5579', 'actor executive producer'),
('KW_5580', 'marvel cinematic universe'),
('KW_5581', 'cosmic'),
('KW_5582', 'genetically engineered'),
('KW_5583', 'eternals'),
('KW_5584', 'marvel phase 4'),
('KW_5585', 'gay superhero'),
('KW_5586', 'gay'),
('KW_5587', 'queer'),
('KW_5588', 'superhero origin'),
('KW_5589', 'mcu'),
('KW_5590', 'dementia'),
('KW_5591', 'alzheimer\'s disease'),
('KW_5592', 'memory loss'),
('KW_5593', 'adaptation directed by original author'),
('KW_5594', 'space'),
('KW_5595', 'series'),
('KW_5596', 'marriage'),
('KW_5597', 'historic'),
('KW_5598', 'home'),
('KW_5599', 'house'),
('KW_5600', 'young'),
('KW_5601', 'ghost'),
('KW_5602', 'couple'),
('KW_5603', 'ampersand in title'),
('KW_5604', 'masturbating in a shower'),
('KW_5605', 'caught masturbating'),
('KW_5606', 'wife walks in on husband masturbating'),
('KW_5607', 'year 1980'),
('KW_5608', 'year 1979'),
('KW_5609', 'yard work'),
('KW_5610', 'pond'),
('KW_5611', 'redheaded boy'),
('KW_5612', 'reference to emanuel swedenborg'),
('KW_5613', 'reference to george inness'),
('KW_5614', 'chopping wood'),
('KW_5615', 'small town life'),
('KW_5616', 'small town college'),
('KW_5617', 'reference to adidas'),
('KW_5618', 'jogger'),
('KW_5619', 'horse stable'),
('KW_5620', 'calling someone a fucker'),
('KW_5621', 'wildflower'),
('KW_5622', 'pokies'),
('KW_5623', 'reference to louis armstrong'),
('KW_5624', 'haunted house'),
('KW_5625', 'playing piano'),
('KW_5626', 'vomiting into a toilet bowl'),
('KW_5627', 'self induced vomiting'),
('KW_5628', 'camera shot from inside a drain'),
('KW_5629', 'waking up from a nightmare'),
('KW_5630', 'bolt upright after nightmare'),
('KW_5631', 'woman wears a nightgown'),
('KW_5632', 'cheating husband'),
('KW_5633', 'reference to cornell university'),
('KW_5634', 'horseback riding'),
('KW_5635', 'reference to the headless horseman'),
('KW_5636', 'alpaca'),
('KW_5637', 'reference to the great american novel'),
('KW_5638', 'four year old'),
('KW_5639', 'driving while stoned'),
('KW_5640', 'red pickup truck'),
('KW_5641', 'husband wife conflict'),
('KW_5642', 'male babysitter'),
('KW_5643', 'character says i\'m sorry'),
('KW_5644', 'sailboat'),
('KW_5645', 'drinking on a sailboat'),
('KW_5646', 'child seeing a ghost'),
('KW_5647', 'seeing a ghost'),
('KW_5648', 'hugging a stranger'),
('KW_5649', 'bundt cake'),
('KW_5650', 'calling someone a fool'),
('KW_5651', 'sharing a joint'),
('KW_5652', 'reference to the eagles'),
('KW_5653', 'reference to hotel california'),
('KW_5654', 'reference to jesus christ'),
('KW_5655', 'doing the dishes'),
('KW_5656', 'husband kisses his wife on her cheek'),
('KW_5657', 'smashing a radio'),
('KW_5658', 'public library'),
('KW_5659', 'historical society'),
('KW_5660', 'painting a portrait'),
('KW_5661', 'seance'),
('KW_5662', 'ring'),
('KW_5663', 'mother daughter hug'),
('KW_5664', 'calling someone baby'),
('KW_5665', 'art museum'),
('KW_5666', 'chaperone'),
('KW_5667', 'reference to thomas cole'),
('KW_5668', 'art exhibition'),
('KW_5669', 'upstate new york'),
('KW_5670', 'family dinner'),
('KW_5671', 'calling someone a homo'),
('KW_5672', 'impostor'),
('KW_5673', 'carving a turkey'),
('KW_5674', 'red barn'),
('KW_5675', 'sharing a cigarette'),
('KW_5676', 'department head'),
('KW_5677', 'scarf'),
('KW_5678', 'character asks what the fuck'),
('KW_5679', 'weaver'),
('KW_5680', 'metropolitan museum of art manhattan new york city'),
('KW_5681', 'reference to the metropolitan museum of art manhattan new york city'),
('KW_5682', 'reference to the iran hostage crisis'),
('KW_5683', 'reference to jimmy carter'),
('KW_5684', 'purposely rear ending a car'),
('KW_5685', 'calling someone a psycho'),
('KW_5686', 'crow'),
('KW_5687', 'wife in a coma'),
('KW_5688', 'worried husband'),
('KW_5689', 'slide show'),
('KW_5690', 'slide projector'),
('KW_5691', 'smashing a telephone'),
('KW_5692', 'small town sheriff'),
('KW_5693', 'finding a dead body'),
('KW_5694', '28 year old'),
('KW_5695', 'sheriff station'),
('KW_5696', 'offscreen violence'),
('KW_5697', 'female ghost'),
('KW_5698', 'waking up from a coma'),
('KW_5699', 'man wears a bathrobe'),
('KW_5700', 'male in shower'),
('KW_5701', 'shaving'),
('KW_5702', 'apparition'),
('KW_5703', 'combing one\'s hair'),
('KW_5704', 'voice over inner thoughts'),
('KW_5705', 'inverted cross'),
('KW_5706', 'blind woman'),
('KW_5707', 'old photograph'),
('KW_5708', 'gothic horror drama'),
('KW_5709', 'gothic horror'),
('KW_5710', 'husband murders wife');

-- --------------------------------------------------------

--
-- Table structure for table `korean_language_men_tb`
--

CREATE TABLE `korean_language_men_tb` (
  `KoreanID` varchar(100) NOT NULL,
  `name` varchar(100) DEFAULT NULL,
  `movie_tb_movieID` varchar(100) DEFAULT NULL,
  `yearMovie` year(4) DEFAULT NULL
) ENGINE=InnoDB DEFAULT CHARSET=utf8mb4;

--
-- Dumping data for table `korean_language_men_tb`
--

INSERT INTO `korean_language_men_tb` (`KoreanID`, `name`, `movie_tb_movieID`, `yearMovie`) VALUES
('ko_10530176', 'Kol (2020)', 'MOV_10530176', 2020),
('ko_10633456', 'Minari (2020)', 'MOV_10633456', 2020);

-- --------------------------------------------------------

--
-- Table structure for table `languagemovie_tb`
--

CREATE TABLE `languagemovie_tb` (
  `lanID` varchar(100) NOT NULL,
  `lanName` varchar(100) DEFAULT NULL
) ENGINE=InnoDB DEFAULT CHARSET=utf8mb4;

--
-- Dumping data for table `languagemovie_tb`
--

INSERT INTO `languagemovie_tb` (`lanID`, `lanName`) VALUES
('en', 'English'),
('hi', 'Hindi'),
('ko', 'Korean'),
('ru', 'Russian'),
('ta', 'Tamil');

-- --------------------------------------------------------

--
-- Table structure for table `malayalam_language_men_tb`
--

CREATE TABLE `malayalam_language_men_tb` (
  `MalayalamID` varchar(100) NOT NULL,
  `name` varchar(100) DEFAULT NULL,
  `movie_tb_movieID` varchar(100) DEFAULT NULL,
  `yearMovie` int(4) DEFAULT NULL
) ENGINE=InnoDB DEFAULT CHARSET=latin1;

-- --------------------------------------------------------

--
-- Table structure for table `mediaconnection_tb`
--

CREATE TABLE `mediaconnection_tb` (
  `trailer_tb_trailerID` varchar(100) DEFAULT NULL,
  `download_tb_downloadID` varchar(100) DEFAULT NULL,
  `seen_tb_seenID` varchar(100) DEFAULT NULL,
  `movie_tb_movieID` varchar(100) DEFAULT NULL,
  `sinahaSub_tb_subID` varchar(100) NOT NULL
) ENGINE=InnoDB DEFAULT CHARSET=utf8mb4;

-- --------------------------------------------------------

--
-- Table structure for table `moviefeedbackconnection_tb`
--

CREATE TABLE `moviefeedbackconnection_tb` (
  `movie_tb_movieID` varchar(100) DEFAULT NULL,
  `userMovieFeedback_tb_ratingID` varchar(100) DEFAULT NULL
) ENGINE=InnoDB DEFAULT CHARSET=utf8mb4;

-- --------------------------------------------------------

--
-- Table structure for table `movie_tb`
--

CREATE TABLE `movie_tb` (
  `movieID` varchar(100) NOT NULL
) ENGINE=InnoDB DEFAULT CHARSET=utf8mb4;

--
-- Dumping data for table `movie_tb`
--

INSERT INTO `movie_tb` (`movieID`) VALUES
('MOV_0068646'),
('MOV_0113855'),
('MOV_0293429'),
('MOV_0499097'),
('MOV_0993840'),
('MOV_10121392'),
('MOV_10272386'),
('MOV_10288566'),
('MOV_10514222'),
('MOV_10530176'),
('MOV_10618286'),
('MOV_10633456'),
('MOV_1070874'),
('MOV_10799902'),
('MOV_10886166'),
('MOV_10962368'),
('MOV_11083552'),
('MOV_11655202'),
('MOV_1187043'),
('MOV_12361974'),
('MOV_12691538'),
('MOV_12888462'),
('MOV_1321510'),
('MOV_1570417'),
('MOV_2222042'),
('MOV_2948372'),
('MOV_3581652'),
('MOV_4136456'),
('MOV_4682266'),
('MOV_5034838'),
('MOV_5109280'),
('MOV_5363618'),
('MOV_6723592'),
('MOV_6902332'),
('MOV_7126948'),
('MOV_7888964'),
('MOV_7979580'),
('MOV_8333746'),
('MOV_8368512'),
('MOV_9032400'),
('MOV_9052870'),
('MOV_9126944'),
('MOV_9203694'),
('MOV_9376612'),
('MOV_9484998'),
('MOV_9620292'),
('MOV_9664108'),
('MOV_9770150'),
('MOV_9777666'),
('MOV_9784798');

-- --------------------------------------------------------

--
-- Table structure for table `paymentconnection_tb`
--

CREATE TABLE `paymentconnection_tb` (
  `paymentID` varchar(100) NOT NULL,
  `user_months_tb_date` date DEFAULT NULL,
  `adsense_tb_adId` varchar(100) DEFAULT NULL,
  `websitePayment_tb_webID` varchar(100) DEFAULT NULL
) ENGINE=InnoDB DEFAULT CHARSET=utf8mb4 COMMENT='Payment Data';

-- --------------------------------------------------------

--
-- Table structure for table `polish_language_men_tb`
--

CREATE TABLE `polish_language_men_tb` (
  `PolishID` varchar(100) NOT NULL,
  `name` varchar(100) DEFAULT NULL,
  `movie_tb_movieID` varchar(100) DEFAULT NULL,
  `yearMovie` int(4) DEFAULT NULL
) ENGINE=InnoDB DEFAULT CHARSET=latin1;

-- --------------------------------------------------------

--
-- Table structure for table `rejectedmovie_tb`
--

CREATE TABLE `rejectedmovie_tb` (
  `userID` varchar(100) DEFAULT NULL,
  `movieID` varchar(100) DEFAULT NULL
) ENGINE=InnoDB DEFAULT CHARSET=utf8mb4 COMMENT='selected data tb';

-- --------------------------------------------------------

--
-- Table structure for table `russian_language_men_tb`
--

CREATE TABLE `russian_language_men_tb` (
  `RussianID` varchar(100) NOT NULL,
  `name` varchar(100) DEFAULT NULL,
  `movie_tb_movieID` varchar(100) DEFAULT NULL,
  `yearMovie` int(4) DEFAULT NULL
) ENGINE=InnoDB DEFAULT CHARSET=utf8mb4;

-- --------------------------------------------------------

--
-- Table structure for table `seencountconnection_tb`
--

CREATE TABLE `seencountconnection_tb` (
  `seen_tb_seenID` varchar(100) NOT NULL,
  `user_tb_userID` varchar(100) DEFAULT NULL,
  `seenCount` int(100) DEFAULT NULL
) ENGINE=InnoDB DEFAULT CHARSET=utf8mb4;

-- --------------------------------------------------------

--
-- Table structure for table `seenout_tb`
--

CREATE TABLE `seenout_tb` (
  `userID` varchar(100) DEFAULT NULL,
  `movieID` varchar(100) DEFAULT NULL
) ENGINE=InnoDB DEFAULT CHARSET=utf8mb4 COMMENT='selected data tb';

-- --------------------------------------------------------

--
-- Table structure for table `seen_tb`
--

CREATE TABLE `seen_tb` (
  `seenID` varchar(100) NOT NULL,
  `movie_tb_movieID` varchar(100) DEFAULT NULL
) ENGINE=InnoDB DEFAULT CHARSET=utf8mb4 COMMENT='set MovieID';

-- --------------------------------------------------------

--
-- Table structure for table `selectedmovie_tb`
--

CREATE TABLE `selectedmovie_tb` (
  `userID` varchar(100) DEFAULT NULL,
  `movieID` varchar(100) DEFAULT NULL
) ENGINE=InnoDB DEFAULT CHARSET=utf8mb4 COMMENT='selected data tb';

-- --------------------------------------------------------

--
-- Table structure for table `sinahasub_tb`
--

CREATE TABLE `sinahasub_tb` (
  `subID` varchar(100) NOT NULL,
  `webName` varchar(100) DEFAULT NULL,
  `webUrl` varchar(100) DEFAULT NULL,
  `movie_tb_movieID` varchar(100) DEFAULT NULL
) ENGINE=InnoDB DEFAULT CHARSET=utf8mb4;

--
-- Dumping data for table `sinahasub_tb`
--

INSERT INTO `sinahasub_tb` (`subID`, `webName`, `webUrl`, `movie_tb_movieID`) VALUES
('SIN_000016', 'baiscopelk', 'https://www.baiscopelk.com/3-idiots-2009-with-sinhala-subtitles/', 'MOV_1187043'),
('SIN_000017', 'baiscopelk', 'https://www.baiscopelk.com/accident-2017-sinhala-subtitles/', 'MOV_1570417'),
('SIN_000018', 'baiscopelk', 'https://www.baiscopelk.com/chhichhore-2019-sinhala-subtitles/', 'MOV_9052870'),
('SIN_000019', 'baiscopelk', 'https://www.baiscopelk.com/love-and-monsters-2020-sinhala-subtitles/', 'MOV_2222042'),
('SIN_000020', 'com', 'https://piratelk.com/minari-2020-sinhala-subtitles/', 'MOV_10633456'),
('SIN_000021', 'com', 'https://piratelk.com/nomadland-2020-sinhala-subtitles/', 'MOV_9770150'),
('SIN_000022', 'upasirasi', 'https://www.upasirasi.com/override-2021-aka-r-i-a-sinhala-subtitles-10175.html', 'MOV_9126944'),
('SIN_000023', 'org', 'https://yifysubtitles.org/movie-imdb/tt9484998', 'MOV_9484998'),
('SIN_000024', 'baiscopelk', 'https://www.baiscopelk.com/promising-young-woman-2020-sinhala-subtitles/', 'MOV_9620292'),
('SIN_000025', 'lk', 'https://cineru.lk/tenet-2020-sinhala-sub/', 'MOV_6723592'),
('SIN_000026', 'baiscopelk', 'https://www.baiscopelk.com/the-call-2020-aka-kol-sinhala-subtitles/', 'MOV_10530176'),
('SIN_000027', 'baiscopelk', 'https://www.baiscopelk.com/the-courier-2019-sinhala-subtitle/', 'MOV_8368512'),
('SIN_000028', 'imdb', 'https://www.imdb.com/title/tt12691538/', 'MOV_12691538'),
('SIN_000029', 'baiscopelk', 'https://www.baiscopelk.com/the-new-mutants-2020-sinhala-subtitles/', 'MOV_4682266'),
('SIN_000030', 'baiscope', 'https://www.baiscope.lk/movie/wonder-woman-1984-sinhala-subtitle/', 'MOV_7126948'),
('SIN_000031', 'lk', 'https://zoom.lk/soul-2020-sinhala-subtitle-%E0%B7%83%E0%B7%92%E0%B6%82%E0%B7%84%E0%B6%BD-%E0%B6%8B%E', 'MOV_2948372'),
('SIN_000032', 'lk', 'https://microweb.lk/sinhala-sub/west-side-story/', 'MOV_3581652'),
('SIN_000033', 'baiscopelk', 'https://www.baiscopelk.com/the-marksman-2021-sinhala-subtitles/', 'MOV_6902332'),
('SIN_000034', 'org', 'https://yifysubtitles.org/movie-imdb/tt5363618', 'MOV_5363618'),
('SIN_000035', 'org', 'https://yifysubtitles.org/movie-imdb/tt1070874', 'MOV_1070874'),
('SIN_000036', 'baiscopelk', 'https://www.baiscopelk.com/tom-clancys-without-remorse-2021-sinhala-subtitles/', 'MOV_0499097'),
('SIN_000037', 'baiscopelk', 'https://www.baiscopelk.com/godzilla-vs-kong-2021-sinhala-subtitles/', 'MOV_5034838'),
('SIN_000038', 'baiscopelk', 'https://www.baiscopelk.com/mortal-kombat-2021-sinhala-subtitles/', 'MOV_0293429'),
('SIN_000039', 'com', 'https://fast.com/', 'MOV_10799902'),
('SIN_000040', 'baiscopelk', 'https://www.baiscopelk.com/mortal-kombat-1995-%E0%B6%BD%E0%B7%9D%E0%B6%9A%E0%B6%BA-%E0%B6%B6%E0%B7%9', 'MOV_0113855'),
('SIN_000041', 'elsubtitle', 'http://www.elsubtitle.com/title/tt10121392/', 'MOV_10121392'),
('SIN_000042', 'baiscopelk', 'https://www.baiscopelk.com/justice-society-world-war-ii-2021-sinhala-subtitles/', 'MOV_7979580'),
('SIN_000043', 'baiscopelk', 'https://www.baiscopelk.com/judas-and-the-black-messiah-2021-sinhala-subtitles/', 'MOV_9784798'),
('SIN_000044', 'baiscopelk', 'https://www.baiscopelk.com/monk-comes-down-the-mountain-2015-with-sinhala-subtitles/', 'MOV_10618286'),
('SIN_000045', 'elsubtitle', 'http://www.elsubtitle.com/title/tt11083552/', 'MOV_11083552'),
('SIN_000046', 'baiscopelk', 'https://www.baiscopelk.com/zack-snyders-justice-league-2021-sinhala-subtitles/', 'MOV_12361974'),
('SIN_000047', 'elsubtitle', 'http://www.elsubtitle.com/title/tt9664108/', 'MOV_9664108'),
('SIN_000048', 'baiscopelk', 'https://www.baiscopelk.com/the-godfather-1972-sinhala-subtitles/', 'MOV_0068646'),
('SIN_000049', 'baiscope', 'https://www.baiscope.lk/movie/army-of-the-dead-2021-sinhala-subtitle/', 'MOV_0993840'),
('SIN_000050', 'com', 'https://piratelk.com/tom-clancys-without-remorse-2021-sinhala-subtitles/', 'MOV_4136456'),
('SIN_000051', 'upasirasi', 'https://www.upasirasi.com/ma-raineys-black-bottom-2020-sinhala-subtitles-9662.html', 'MOV_10514222'),
('SIN_000052', 'com', 'https://ragbrai.com/groups/google-drive-mp4-the-tomorrow-war-2021-fullmovie-google-docs-the-tomorrow', 'MOV_9777666'),
('SIN_000053', 'com', 'https://piratelk.com/eternals-2021-sinhala-subtitles/', 'MOV_9032400'),
('SIN_000054', 'lk', 'https://microweb.lk/sinhala-sub/in-the-heights/', 'MOV_1321510'),
('SIN_000055', 'facebook', 'https://cs-cz.facebook.com/Baiscopesinhalen/posts/shang-chi-and-the-ledgend-of-the-ten-rings-2021-%E', 'MOV_9376612'),
('SIN_000056', 'lk', 'https://subz.lk/raya-and-the-last-dragon-2021-sinhala-subtitle/', 'MOV_5109280'),
('SIN_000057', 'org', 'https://yifysubtitles.org/movie-imdb/tt12888462', 'MOV_12888462'),
('SIN_000058', 'upasirasi', 'https://www.upasirasi.com/the-father-2020-sinhala-subtitles-10620.html', 'MOV_10272386'),
('SIN_000059', 'elsubtitle', 'http://www.elsubtitle.com/title/tt9203694/', 'MOV_9203694'),
('SIN_000060', 'polygon', 'https://www.polygon.com/22413296/things-heard-and-seen-review-horror', 'MOV_10962368');

-- --------------------------------------------------------

--
-- Table structure for table `spanish_language_men_tb`
--

CREATE TABLE `spanish_language_men_tb` (
  `SpanishID` varchar(100) NOT NULL,
  `name` varchar(100) DEFAULT NULL,
  `movie_tb_movieID` varchar(100) DEFAULT NULL,
  `yearMovie` int(4) DEFAULT NULL
) ENGINE=InnoDB DEFAULT CHARSET=latin1;

-- --------------------------------------------------------

--
-- Table structure for table `subcount_tb`
--

CREATE TABLE `subcount_tb` (
  `sinahaSub_tb_subID` varchar(100) NOT NULL,
  `user_tb_userID` varchar(100) DEFAULT NULL,
  `subCount` int(11) DEFAULT NULL
) ENGINE=InnoDB DEFAULT CHARSET=utf8mb4;

-- --------------------------------------------------------

--
-- Table structure for table `tamil_language_men_tb`
--

CREATE TABLE `tamil_language_men_tb` (
  `TamilID` varchar(100) NOT NULL,
  `name` varchar(100) DEFAULT NULL,
  `movie_tb_movieID` varchar(100) DEFAULT NULL,
  `yearMovie` int(4) DEFAULT NULL
) ENGINE=InnoDB DEFAULT CHARSET=utf8mb4;

-- --------------------------------------------------------

--
-- Table structure for table `telugu_language_men_tb`
--

CREATE TABLE `telugu_language_men_tb` (
  `TeluguID` varchar(100) NOT NULL,
  `name` varchar(100) DEFAULT NULL,
  `movie_tb_movieID` varchar(100) DEFAULT NULL,
  `yearMovie` int(4) DEFAULT NULL
) ENGINE=InnoDB DEFAULT CHARSET=latin1;

-- --------------------------------------------------------

--
-- Table structure for table `trailercount_tb`
--

CREATE TABLE `trailercount_tb` (
  `trailer_tb_trailerID` varchar(100) NOT NULL,
  `user_tb_userID` varchar(100) DEFAULT NULL,
  `trailerCount` int(100) DEFAULT NULL
) ENGINE=InnoDB DEFAULT CHARSET=utf8mb4 COMMENT='selected data tb';

-- --------------------------------------------------------

--
-- Table structure for table `trailer_tb`
--

CREATE TABLE `trailer_tb` (
  `trailerID` varchar(100) NOT NULL,
  `trailerName` varchar(100) DEFAULT NULL,
  `trailerUel` varchar(255) DEFAULT NULL,
  `movie_tb_movieID` varchar(100) DEFAULT NULL
) ENGINE=InnoDB DEFAULT CHARSET=utf8mb4 COMMENT='SET MovieID';

--
-- Dumping data for table `trailer_tb`
--

INSERT INTO `trailer_tb` (`trailerID`, `trailerName`, `trailerUel`, `movie_tb_movieID`) VALUES
('-19tBHrZwOM', 'Love and Monsters (2020)official trailer', 'https://www.youtube.com/watch?v=-19tBHrZwOM', 'MOV_2222042'),
('1NVobQjj6uY', 'West Side Story (2021)official trailer', 'https://www.youtube.com/watch?v=1NVobQjj6uY', 'MOV_3581652'),
('1VIZ89FEjYI', 'Raya and the Last Dragon (2021)official trailer', 'https://www.youtube.com/watch?v=1VIZ89FEjYI', 'MOV_5109280'),
('3MWmXt2QOQM', 'The Tomorrow War (2021)official trailer', 'https://www.youtube.com/watch?v=3MWmXt2QOQM', 'MOV_9777666'),
('3s0LTDhqe5A', 'My Octopus Teacher (2020)official trailer', 'https://www.youtube.com/watch?v=3s0LTDhqe5A', 'MOV_12888462'),
('4dq_1Mkr-mw', 'Voyagers (2021)official trailer', 'https://www.youtube.com/watch?v=4dq_1Mkr-mw', 'MOV_9664108'),
('4tP7HKPlcCM', 'Tom Clancy\'s Without Remorse (2021)official trailer', 'https://www.youtube.com/watch?v=4tP7HKPlcCM', 'MOV_0499097'),
('4TZb7YfK-JI', 'The Father (2020)official trailer', 'https://www.youtube.com/watch?v=4TZb7YfK-JI', 'MOV_10272386'),
('6sxCFZ8_d84', 'Nomadland (2020)official trailer', 'https://www.youtube.com/watch?v=6sxCFZ8_d84', 'MOV_9770150'),
('7i5kiFDunk8', 'Promising Young Woman (2020)official trailer', 'https://www.youtube.com/watch?v=7i5kiFDunk8', 'MOV_9620292'),
('7JCK1AUZL1w', 'The Virtuoso (2021)official trailer', 'https://www.youtube.com/watch?v=7JCK1AUZL1w', 'MOV_4136456'),
('7RIYpdS1Cp0', 'Eternals (2021)official trailer', 'https://www.youtube.com/watch?v=7RIYpdS1Cp0', 'MOV_9032400'),
('7u2E9ZnAYBg', 'Thunder Force (2021)official trailer', 'https://www.youtube.com/watch?v=7u2E9ZnAYBg', 'MOV_10121392'),
('aSfX-nrg-lI', 'Mank (2020)official trailer', 'https://www.youtube.com/watch?v=aSfX-nrg-lI', 'MOV_10618286'),
('CpBLtXduh_k', 'Palm Springs (2020)official trailer', 'https://www.youtube.com/watch?v=CpBLtXduh_k', 'MOV_9484998'),
('fB_8VCwXydM', 'The Godfather (1972)official trailer', 'https://www.youtube.com/watch?v=fB_8VCwXydM', 'MOV_0068646'),
('FUK2kdPsBws', '\'Fast & Furious 9\' (2019)official trailer', 'https://www.youtube.com/watch?v=FUK2kdPsBws', 'MOV_10799902'),
('FVb6EdKDBfU', 'The Trial of the Chicago 7 (2020)official trailer', 'https://www.youtube.com/watch?v=FVb6EdKDBfU', 'MOV_1070874'),
('H-37CZ3Zaqs', 'R.I.A. (2021)official trailer', 'https://www.youtube.com/watch?v=H-37CZ3Zaqs', 'MOV_9126944'),
('HCAaonjgDEA', 'Things Heard & Seen (2021)official trailer', 'https://www.youtube.com/watch?v=HCAaonjgDEA', 'MOV_10962368'),
('hxkKeniT-0Q', 'Kol (2020)official trailer', 'https://www.youtube.com/watch?v=hxkKeniT-0Q', 'MOV_10530176'),
('JHIfHL5UgFs', 'Mortal Kombat (1995)official trailer', 'https://www.youtube.com/watch?v=JHIfHL5UgFs', 'MOV_0113855'),
('K0eDlFX9GMc', '3 Idiots (2009)official trailer', 'https://www.youtube.com/watch?v=K0eDlFX9GMc', 'MOV_1187043'),
('KQ0gFidlro8', 'Minari (2020)official trailer', 'https://www.youtube.com/watch?v=KQ0gFidlro8', 'MOV_10633456'),
('L3pk_TBkihU', 'Tenet (2020)official trailer', 'https://www.youtube.com/watch?v=L3pk_TBkihU', 'MOV_6723592'),
('L51VHcMrwKU', 'The Marksman (2021)official trailer', 'https://www.youtube.com/watch?v=L51VHcMrwKU', 'MOV_6902332'),
('M42KcU7oyLA', 'Accident on Hill Road (2010)official trailer', 'https://www.youtube.com/watch?v=M42KcU7oyLA', 'MOV_1570417'),
('M8Qu92gXMb0', 'Shang-Chi and the Legend of the Ten Rings (2021)official trailer', 'https://www.youtube.com/watch?v=M8Qu92gXMb0', 'MOV_9376612'),
('my4eXuV0MbI', 'Wrath of Man (2021)official trailer', 'https://www.youtube.com/watch?v=my4eXuV0MbI', 'MOV_11083552'),
('nOggbGeuicQ', 'Stowaway (2021)official trailer', 'https://www.youtube.com/watch?v=nOggbGeuicQ', 'MOV_9203694'),
('odM92ap8_c0', 'Godzilla vs. Kong (2021)official trailer', 'https://www.youtube.com/watch?v=odM92ap8_c0', 'MOV_5034838'),
('oeYElSu3gEc', 'The Courier (2020)official trailer', 'https://www.youtube.com/watch?v=oeYElSu3gEc', 'MOV_8368512'),
('ord7gP151vk', 'Ma Rainey\'s Black Bottom (2020)official trailer', 'https://www.youtube.com/watch?v=ord7gP151vk', 'MOV_10514222'),
('QJHY4ggYCk4', 'Mortal Kombat (2021)official trailer', 'https://www.youtube.com/watch?v=QJHY4ggYCk4', 'MOV_0293429'),
('sIKXbBCvqWE', 'My Father Punished Me When I Talked to Ghosts (2020)official trailer', 'https://www.youtube.com/watch?v=sIKXbBCvqWE', 'MOV_12691538'),
('sSjtGqRXQ9Y', 'Judas and the Black Messiah (2021)official trailer', 'https://www.youtube.com/watch?v=sSjtGqRXQ9Y', 'MOV_9784798'),
('tI1JGPhYBS8', 'Army of the Dead (2021)official trailer', 'https://www.youtube.com/watch?v=tI1JGPhYBS8', 'MOV_0993840'),
('tsxemFX0a7k', 'Chhichhore (2019)official trailer', 'https://www.youtube.com/watch?v=tsxemFX0a7k', 'MOV_9052870'),
('u5pTICZ2oeg', 'In the Heights (2021)official trailer', 'https://www.youtube.com/watch?v=u5pTICZ2oeg', 'MOV_1321510'),
('VFOrGkAvjAE', 'Sound of Metal (2019)official trailer', 'https://www.youtube.com/watch?v=VFOrGkAvjAE', 'MOV_5363618'),
('vM-Bja2Gy04', 'Zack Snyder\'s Justice League (2021)official trailer', 'https://www.youtube.com/watch?v=vM-Bja2Gy04', 'MOV_12361974'),
('vNUcjqP11OY', 'Wonder Woman 1984 (2020)official trailer', 'https://www.youtube.com/watch?v=vNUcjqP11OY', 'MOV_7126948'),
('W_vJhUAOFpI', 'The New Mutants (2020)official trailer', 'https://www.youtube.com/watch?v=W_vJhUAOFpI', 'MOV_4682266'),
('xOsLIiBStEs', 'Soul (2020)official trailer', 'https://www.youtube.com/watch?v=xOsLIiBStEs', 'MOV_2948372'),
('_ak5dFt8Ar0', 'The Mitchells vs the Machines (2021)official trailer', 'https://www.youtube.com/watch?v=_ak5dFt8Ar0', 'MOV_7979580');

-- --------------------------------------------------------

--
-- Table structure for table `upload`
--

CREATE TABLE `upload` (
  `id` int(11) NOT NULL,
  `fname` text NOT NULL,
  `name` varchar(200) NOT NULL
) ENGINE=InnoDB DEFAULT CHARSET=latin1;

-- --------------------------------------------------------

--
-- Table structure for table `usercost_tb`
--

CREATE TABLE `usercost_tb` (
  `date` date NOT NULL,
  `ISP` varchar(25) DEFAULT NULL,
  `cost` int(100) DEFAULT NULL
) ENGINE=InnoDB DEFAULT CHARSET=utf8mb4 COMMENT='months payment ';

-- --------------------------------------------------------

--
-- Table structure for table `userfeedbackconnection_tb`
--

CREATE TABLE `userfeedbackconnection_tb` (
  `userMovieFeedback_tb_rating` varchar(100) DEFAULT NULL,
  `user_tb_userID` varchar(100) DEFAULT NULL
) ENGINE=InnoDB DEFAULT CHARSET=utf8mb4 COMMENT='All table connection ';

-- --------------------------------------------------------

--
-- Table structure for table `usermoviefeedback_tb`
--

CREATE TABLE `usermoviefeedback_tb` (
  `ratingID` varchar(100) NOT NULL,
  `download_tb_downloadID` varchar(100) DEFAULT NULL,
  `seen_tb_seenID` varchar(100) DEFAULT NULL,
  `trailer_tb_trailerID` varchar(100) DEFAULT NULL,
  `sinahaSub_tb_subID` varchar(100) NOT NULL
) ENGINE=InnoDB DEFAULT CHARSET=utf8mb4 COMMENT='set movie data set';

-- --------------------------------------------------------

--
-- Table structure for table `usermovieselectdata_tb`
--

CREATE TABLE `usermovieselectdata_tb` (
  `user_tb_userID` varchar(100) DEFAULT NULL,
  `movie_tb_movieID` varchar(100) DEFAULT NULL
) ENGINE=InnoDB DEFAULT CHARSET=utf8mb4 COMMENT='selected data tb';

-- --------------------------------------------------------

--
-- Table structure for table `userpaymentconnection_tb`
--

CREATE TABLE `userpaymentconnection_tb` (
  `paymentConnection_tb_paymentID` varchar(100) DEFAULT NULL,
  `user_tb_userID` varchar(100) DEFAULT NULL
) ENGINE=InnoDB DEFAULT CHARSET=utf8mb4;

-- --------------------------------------------------------

--
-- Table structure for table `user_tb`
--

CREATE TABLE `user_tb` (
  `userID` varchar(100) NOT NULL,
  `tpNo` int(12) DEFAULT NULL,
  `fName` varchar(100) DEFAULT NULL,
  `lName` varchar(100) DEFAULT NULL,
  `dob` date DEFAULT NULL,
  `email` varchar(100) NOT NULL,
  `Country` varchar(50) NOT NULL,
  `Password` varchar(50) NOT NULL,
  `Sex` varchar(50) NOT NULL,
  `ImgURL` text NOT NULL
) ENGINE=InnoDB DEFAULT CHARSET=utf8mb4;

--
-- Dumping data for table `user_tb`
--

INSERT INTO `user_tb` (`userID`, `tpNo`, `fName`, `lName`, `dob`, `email`, `Country`, `Password`, `Sex`, `ImgURL`) VALUES
('USR_000001', 711234567, 'Dilanka', 'Kasun', '1999-04-01', 'dilanka2018kasun@gmail.com', 'Sri Lanka', 'kasun123', 'Male', ''),
('USR_000002', 771234567, 'Tharindu', 'Sathsara', '2001-05-07', 'tharindusathsarahome@gmail.com', 'Sri Lanka', 'tharinduhome', 'Male', ''),
('USR_000003', 2147483647, 'Oshadi', 'kaushalya', '2021-05-10', 'dunnamakannakaladuwanna@gmail.com', 'Argentina', '123456789', 'Female', ''),
('USR_000004', 232, 'Oshadi', 'erferf', '2021-05-19', 'dunnamakannakaladuwanna@gmail.com', 'Afganistan', 'new2', 'Male', 'images/Users/Screenshot 2021-03-26 065651.png'),
('USR_000005', 716862698, 'erf', 'kaushalya', '2021-05-18', 'tharindusathsarahome@gmail.com', 'Afganistan', 'new2', 'Female', 'images/Users/2.jpg'),
('USR_000006', 712345678, 'Tharindu', 'erferf', '2021-05-06', 'dunnamakannakaladuwanna@gmail.com', 'Afganistan', 'new2', 'Male', 'images/Users/'),
('USR_000007', 712345678, 'erf', 'Sathsara', '2021-05-21', 'tharindusathsarahome@gmail.com', 'Afganistan', 'new2', 'Male', 'images/Users/'),
('USR_000008', 712345678, 'new', 'one', '2021-05-06', 'tharindusathsarahome@gmail.com', 'Australia', 'newmy', 'Male', 'images/Users/pp (1).jpg'),
('USR_000009', 234534, 'duck', 'dojers', '2021-05-20', 'admin', 'Afganistan', 'admin', 'Male', 'images/Users/'),
('USR_000010', 0, 'winnie', 'the pooh', '2021-05-11', 'tharindusathsarahome@gmail.com', 'Afganistan', 'admin', 'Male', 'images/Users/autumnpoohln6.jpg'),
('USR_000011', 2147483647, 'Tharindu', 'erferf', '2021-06-25', 'admin', 'Afganistan', 'admin', 'Male', 'images/Users/2.png'),
('USR_000012', 372278071, 'Tharindu', 'Sathsara', '2001-05-07', 'tharindusathsarahome@gmail.com', 'Sri Lanka', 'rptsrhome', 'Male', 'images/Users/author.png');

-- --------------------------------------------------------

--
-- Table structure for table `websitepayment_tb`
--

CREATE TABLE `websitepayment_tb` (
  `webID` varchar(100) NOT NULL,
  `Name` varchar(100) DEFAULT NULL,
  `url` varchar(255) DEFAULT NULL,
  `adminConter` varchar(100) DEFAULT NULL
) ENGINE=InnoDB DEFAULT CHARSET=utf8mb4;

--
-- Indexes for dumped tables
--

--
-- Indexes for table `actressanalyticsdata_tb`
--
ALTER TABLE `actressanalyticsdata_tb`
  ADD PRIMARY KEY (`movie_tb_movieID`),
  ADD KEY `actress_tb-actressAnalyticsData_tb` (`actress_tb_actressID`),
  ADD KEY `imdbAnalyticsData_tb-actressAnalyticsData_tb` (`imdbAnalyticsData_tb_movie_tb_movieID`);

--
-- Indexes for table `actressmovieconnection_tb`
--
ALTER TABLE `actressmovieconnection_tb`
  ADD KEY `actress_tb-actressMovieConnection_tb` (`actress_tb_actressID`),
  ADD KEY `movie_tb-actressMovieConnection_tb` (`movie_tb_movieID`);

--
-- Indexes for table `actress_tb`
--
ALTER TABLE `actress_tb`
  ADD PRIMARY KEY (`actressID`);

--
-- Indexes for table `adduserconnection_tb`
--
ALTER TABLE `adduserconnection_tb`
  ADD KEY `addUser_tb-addUserConnection_tb` (`addUser_tb_compayID`),
  ADD KEY `download_tb-addUserConnection_tb` (`download_tb_downloadID`),
  ADD KEY `seen_tb-addUserConnection_tb` (`seen_tb_seenID`),
  ADD KEY `trailer_tb-addUserConnection_tb` (`trailer_tb_trailerID`);

--
-- Indexes for table `adduser_tb`
--
ALTER TABLE `adduser_tb`
  ADD PRIMARY KEY (`compayID`);

--
-- Indexes for table `adsense_tb`
--
ALTER TABLE `adsense_tb`
  ADD PRIMARY KEY (`adID`);

--
-- Indexes for table `analyticsourdata_tb`
--
ALTER TABLE `analyticsourdata_tb`
  ADD PRIMARY KEY (`movie_tb_movieID`),
  ADD KEY `downloadCountConnection_tb-analyticsOurData_tb` (`downloadCountConnection_tb_download_tb_downloadID`),
  ADD KEY `seenCountConnection_tb-analyticsOurData_tb` (`seenCountConnection_tb_seen_tb_seenID`),
  ADD KEY `trailerCount_tb-analyticsOurData_tb` (`trailerCount_tb_trailer_tb_trailerID`),
  ADD KEY `subCount_tb-analyticsOurData_tb` (`subCount_tb_sinahaSub_tb_subID`);

--
-- Indexes for table `compayname`
--
ALTER TABLE `compayname`
  ADD PRIMARY KEY (`compayUserID`),
  ADD KEY `addUser_tb-compayName` (`addUser_tb_compayID`);

--
-- Indexes for table `controlanalyticsdata_tb`
--
ALTER TABLE `controlanalyticsdata_tb`
  ADD PRIMARY KEY (`contorID`);

--
-- Indexes for table `danish_language_men_tb`
--
ALTER TABLE `danish_language_men_tb`
  ADD PRIMARY KEY (`DanishID`);

--
-- Indexes for table `downloadcountconnection_tb`
--
ALTER TABLE `downloadcountconnection_tb`
  ADD PRIMARY KEY (`download_tb_downloadID`),
  ADD KEY `user_tb-downloadCountConnection_tb` (`user_tb_userID`);

--
-- Indexes for table `download_tb`
--
ALTER TABLE `download_tb`
  ADD PRIMARY KEY (`downloadID`),
  ADD KEY `movie_tb-download_tb` (`movie_tb_movieID`);

--
-- Indexes for table `english_language_men_tb`
--
ALTER TABLE `english_language_men_tb`
  ADD PRIMARY KEY (`EnglishID`),
  ADD KEY `movie_tb-English_language_men_tb` (`movie_tb_movieID`);

--
-- Indexes for table `english_language_sub_tb`
--
ALTER TABLE `english_language_sub_tb`
  ADD PRIMARY KEY (`englishID`);

--
-- Indexes for table `genresanalyticsdata_tb`
--
ALTER TABLE `genresanalyticsdata_tb`
  ADD KEY `genres_tb-genresAnalyticsData_tb` (`genres_tb_genresID`),
  ADD KEY `user_tb-genresAnalyticsData_tb` (`user_tb_userID`);

--
-- Indexes for table `genresmovieconnection_tb`
--
ALTER TABLE `genresmovieconnection_tb`
  ADD KEY `genres_tb-genresMovieConnection_tb` (`genres_tb_genresID`),
  ADD KEY `movie_tb-genresMovieConnection_tb` (`movie_tb_movieID`);

--
-- Indexes for table `genres_tb`
--
ALTER TABLE `genres_tb`
  ADD PRIMARY KEY (`genresID`);

--
-- Indexes for table `hindi_language_men_tb`
--
ALTER TABLE `hindi_language_men_tb`
  ADD PRIMARY KEY (`HindiID`),
  ADD KEY `movie_tb-Hindi_language_men_tb` (`movie_tb_movieID`);

--
-- Indexes for table `image_tb`
--
ALTER TABLE `image_tb`
  ADD PRIMARY KEY (`imgID`),
  ADD KEY `movie_tb-image_tb` (`movie_tb_movieID`);

--
-- Indexes for table `imdbanalyticsdata_tb`
--
ALTER TABLE `imdbanalyticsdata_tb`
  ADD PRIMARY KEY (`movie_tb_movieID`);

--
-- Indexes for table `italian_language_men_tb`
--
ALTER TABLE `italian_language_men_tb`
  ADD PRIMARY KEY (`ItalianID`);

--
-- Indexes for table `japanese_language_men_tb`
--
ALTER TABLE `japanese_language_men_tb`
  ADD PRIMARY KEY (`JapaneseID`);

--
-- Indexes for table `keywordanalyticsdata_tb`
--
ALTER TABLE `keywordanalyticsdata_tb`
  ADD KEY `keyWord_tb-keywordAnalyticsData_tb` (`keyWord_tb_keywordID`),
  ADD KEY `user_tb-keywordAnalyticsData_tb` (`user_tb_userID`);

--
-- Indexes for table `keywordconnection_tb`
--
ALTER TABLE `keywordconnection_tb`
  ADD KEY `keyWord_tb-keywordConnection_tb` (`keyWord_tb_keywordID`),
  ADD KEY `movie_tb-keywordConnection_tb` (`movie_tb_movieID`);

--
-- Indexes for table `keyword_tb`
--
ALTER TABLE `keyword_tb`
  ADD PRIMARY KEY (`keywordID`);

--
-- Indexes for table `korean_language_men_tb`
--
ALTER TABLE `korean_language_men_tb`
  ADD PRIMARY KEY (`KoreanID`),
  ADD KEY `movie_tb-Korean_language_men_tb` (`movie_tb_movieID`);

--
-- Indexes for table `languagemovie_tb`
--
ALTER TABLE `languagemovie_tb`
  ADD PRIMARY KEY (`lanID`);

--
-- Indexes for table `malayalam_language_men_tb`
--
ALTER TABLE `malayalam_language_men_tb`
  ADD PRIMARY KEY (`MalayalamID`);

--
-- Indexes for table `mediaconnection_tb`
--
ALTER TABLE `mediaconnection_tb`
  ADD KEY `download_tb-mediaConnection_tb` (`download_tb_downloadID`),
  ADD KEY `movie_tb-mediaConnection_tb` (`movie_tb_movieID`),
  ADD KEY `seen_tb-mediaConnection_tb` (`seen_tb_seenID`),
  ADD KEY `trailer_tb-mediaConnection_tb` (`trailer_tb_trailerID`),
  ADD KEY `sinahaSub_tb-mediaConnection_tb` (`sinahaSub_tb_subID`);

--
-- Indexes for table `moviefeedbackconnection_tb`
--
ALTER TABLE `moviefeedbackconnection_tb`
  ADD KEY `userMovieFeedback_tb-movieFeedbackConnection_tb` (`userMovieFeedback_tb_ratingID`),
  ADD KEY `movie_tb-movieFeedbackConnection_tb` (`movie_tb_movieID`);

--
-- Indexes for table `movie_tb`
--
ALTER TABLE `movie_tb`
  ADD PRIMARY KEY (`movieID`);

--
-- Indexes for table `paymentconnection_tb`
--
ALTER TABLE `paymentconnection_tb`
  ADD PRIMARY KEY (`paymentID`),
  ADD KEY `user_months_tb-payment_tb` (`user_months_tb_date`),
  ADD KEY `adsense_tb-payment_tb` (`adsense_tb_adId`),
  ADD KEY `websitePayment_tb-payment_tb` (`websitePayment_tb_webID`);

--
-- Indexes for table `polish_language_men_tb`
--
ALTER TABLE `polish_language_men_tb`
  ADD PRIMARY KEY (`PolishID`);

--
-- Indexes for table `russian_language_men_tb`
--
ALTER TABLE `russian_language_men_tb`
  ADD PRIMARY KEY (`RussianID`),
  ADD KEY `movie_tb-Russian_language_men_tb` (`movie_tb_movieID`);

--
-- Indexes for table `seencountconnection_tb`
--
ALTER TABLE `seencountconnection_tb`
  ADD PRIMARY KEY (`seen_tb_seenID`),
  ADD KEY `user_tb-seenCountConnection_tb` (`user_tb_userID`);

--
-- Indexes for table `seen_tb`
--
ALTER TABLE `seen_tb`
  ADD PRIMARY KEY (`seenID`),
  ADD KEY `movie_tb-seen_tb` (`movie_tb_movieID`);

--
-- Indexes for table `sinahasub_tb`
--
ALTER TABLE `sinahasub_tb`
  ADD PRIMARY KEY (`subID`),
  ADD KEY `movie_tb-sinahaSub_tb` (`movie_tb_movieID`);

--
-- Indexes for table `spanish_language_men_tb`
--
ALTER TABLE `spanish_language_men_tb`
  ADD PRIMARY KEY (`SpanishID`);

--
-- Indexes for table `subcount_tb`
--
ALTER TABLE `subcount_tb`
  ADD PRIMARY KEY (`sinahaSub_tb_subID`),
  ADD KEY `user_tb-subCount_tb` (`user_tb_userID`);

--
-- Indexes for table `tamil_language_men_tb`
--
ALTER TABLE `tamil_language_men_tb`
  ADD PRIMARY KEY (`TamilID`),
  ADD KEY `movie_tb-Tamil_language_men_tb` (`movie_tb_movieID`);

--
-- Indexes for table `telugu_language_men_tb`
--
ALTER TABLE `telugu_language_men_tb`
  ADD PRIMARY KEY (`TeluguID`);

--
-- Indexes for table `trailercount_tb`
--
ALTER TABLE `trailercount_tb`
  ADD PRIMARY KEY (`trailer_tb_trailerID`),
  ADD KEY `user_tb-trailerCount_tb` (`user_tb_userID`);

--
-- Indexes for table `trailer_tb`
--
ALTER TABLE `trailer_tb`
  ADD PRIMARY KEY (`trailerID`),
  ADD KEY `movie_tb-trailer_tb` (`movie_tb_movieID`);

--
-- Indexes for table `upload`
--
ALTER TABLE `upload`
  ADD PRIMARY KEY (`id`);

--
-- Indexes for table `usercost_tb`
--
ALTER TABLE `usercost_tb`
  ADD PRIMARY KEY (`date`);

--
-- Indexes for table `userfeedbackconnection_tb`
--
ALTER TABLE `userfeedbackconnection_tb`
  ADD KEY `user_tb-userFeedbackConnection_tb` (`user_tb_userID`),
  ADD KEY `userMovieFeedback_tb-userConnection_tb` (`userMovieFeedback_tb_rating`);

--
-- Indexes for table `usermoviefeedback_tb`
--
ALTER TABLE `usermoviefeedback_tb`
  ADD PRIMARY KEY (`ratingID`),
  ADD KEY `download_tb-userMovieFeedback_tb` (`download_tb_downloadID`),
  ADD KEY `seen_tb-userMovieFeedback_tb` (`seen_tb_seenID`),
  ADD KEY `trailer_tb-userMovieFeedback_tb` (`trailer_tb_trailerID`),
  ADD KEY `sinahaSub_tb-userMovieFeedback_tb` (`sinahaSub_tb_subID`);

--
-- Indexes for table `usermovieselectdata_tb`
--
ALTER TABLE `usermovieselectdata_tb`
  ADD KEY `movie_tb-userMovieSelectData_tb` (`movie_tb_movieID`),
  ADD KEY `user_tb-userMovieSelectData_tb` (`user_tb_userID`);

--
-- Indexes for table `userpaymentconnection_tb`
--
ALTER TABLE `userpaymentconnection_tb`
  ADD KEY `paymentConnection_tb-userPaymentConnection_tb` (`paymentConnection_tb_paymentID`),
  ADD KEY `user_tb-userPaymentConnection_tb` (`user_tb_userID`);

--
-- Indexes for table `user_tb`
--
ALTER TABLE `user_tb`
  ADD PRIMARY KEY (`userID`);

--
-- Indexes for table `websitepayment_tb`
--
ALTER TABLE `websitepayment_tb`
  ADD PRIMARY KEY (`webID`);

--
-- AUTO_INCREMENT for dumped tables
--

--
-- AUTO_INCREMENT for table `upload`
--
ALTER TABLE `upload`
  MODIFY `id` int(11) NOT NULL AUTO_INCREMENT;

--
-- Constraints for dumped tables
--

--
-- Constraints for table `actressanalyticsdata_tb`
--
ALTER TABLE `actressanalyticsdata_tb`
  ADD CONSTRAINT `actress_tb-actressAnalyticsData_tb` FOREIGN KEY (`actress_tb_actressID`) REFERENCES `actress_tb` (`actressID`),
  ADD CONSTRAINT `imdbAnalyticsData_tb-actressAnalyticsData_tb` FOREIGN KEY (`imdbAnalyticsData_tb_movie_tb_movieID`) REFERENCES `imdbanalyticsdata_tb` (`movie_tb_movieID`),
  ADD CONSTRAINT `movie_tb-actressAnalyticsData_tb` FOREIGN KEY (`movie_tb_movieID`) REFERENCES `movie_tb` (`movieID`);

--
-- Constraints for table `actressmovieconnection_tb`
--
ALTER TABLE `actressmovieconnection_tb`
  ADD CONSTRAINT `actress_tb-actressMovieConnection_tb` FOREIGN KEY (`actress_tb_actressID`) REFERENCES `actress_tb` (`actressID`),
  ADD CONSTRAINT `movie_tb-actressMovieConnection_tb` FOREIGN KEY (`movie_tb_movieID`) REFERENCES `movie_tb` (`movieID`);

--
-- Constraints for table `adduserconnection_tb`
--
ALTER TABLE `adduserconnection_tb`
  ADD CONSTRAINT `addUser_tb-addUserConnection_tb` FOREIGN KEY (`addUser_tb_compayID`) REFERENCES `adduser_tb` (`compayID`),
  ADD CONSTRAINT `download_tb-addUserConnection_tb` FOREIGN KEY (`download_tb_downloadID`) REFERENCES `download_tb` (`downloadID`),
  ADD CONSTRAINT `seen_tb-addUserConnection_tb` FOREIGN KEY (`seen_tb_seenID`) REFERENCES `seen_tb` (`seenID`),
  ADD CONSTRAINT `trailer_tb-addUserConnection_tb` FOREIGN KEY (`trailer_tb_trailerID`) REFERENCES `trailer_tb` (`trailerID`);

--
-- Constraints for table `analyticsourdata_tb`
--
ALTER TABLE `analyticsourdata_tb`
  ADD CONSTRAINT `downloadCountConnection_tb-analyticsOurData_tb` FOREIGN KEY (`downloadCountConnection_tb_download_tb_downloadID`) REFERENCES `downloadcountconnection_tb` (`download_tb_downloadID`),
  ADD CONSTRAINT `movie_tb-analyticsOurData_tb` FOREIGN KEY (`movie_tb_movieID`) REFERENCES `movie_tb` (`movieID`),
  ADD CONSTRAINT `seenCountConnection_tb-analyticsOurData_tb` FOREIGN KEY (`seenCountConnection_tb_seen_tb_seenID`) REFERENCES `seencountconnection_tb` (`seen_tb_seenID`),
  ADD CONSTRAINT `subCount_tb-analyticsOurData_tb` FOREIGN KEY (`subCount_tb_sinahaSub_tb_subID`) REFERENCES `subcount_tb` (`sinahaSub_tb_subID`),
  ADD CONSTRAINT `trailerCount_tb-analyticsOurData_tb` FOREIGN KEY (`trailerCount_tb_trailer_tb_trailerID`) REFERENCES `trailercount_tb` (`trailer_tb_trailerID`);

--
-- Constraints for table `compayname`
--
ALTER TABLE `compayname`
  ADD CONSTRAINT `addUser_tb-compayName` FOREIGN KEY (`addUser_tb_compayID`) REFERENCES `adduser_tb` (`compayID`);

--
-- Constraints for table `downloadcountconnection_tb`
--
ALTER TABLE `downloadcountconnection_tb`
  ADD CONSTRAINT `download_tb-downloadCountConnection_tb` FOREIGN KEY (`download_tb_downloadID`) REFERENCES `download_tb` (`downloadID`),
  ADD CONSTRAINT `user_tb-downloadCountConnection_tb` FOREIGN KEY (`user_tb_userID`) REFERENCES `user_tb` (`userID`);

--
-- Constraints for table `download_tb`
--
ALTER TABLE `download_tb`
  ADD CONSTRAINT `movie_tb-download_tb` FOREIGN KEY (`movie_tb_movieID`) REFERENCES `movie_tb` (`movieID`);

--
-- Constraints for table `english_language_men_tb`
--
ALTER TABLE `english_language_men_tb`
  ADD CONSTRAINT `movie_tb-English_language_men_tb` FOREIGN KEY (`movie_tb_movieID`) REFERENCES `movie_tb` (`movieID`);

--
-- Constraints for table `genresanalyticsdata_tb`
--
ALTER TABLE `genresanalyticsdata_tb`
  ADD CONSTRAINT `genres_tb-genresAnalyticsData_tb` FOREIGN KEY (`genres_tb_genresID`) REFERENCES `genres_tb` (`genresID`),
  ADD CONSTRAINT `user_tb-genresAnalyticsData_tb` FOREIGN KEY (`user_tb_userID`) REFERENCES `user_tb` (`userID`);

--
-- Constraints for table `genresmovieconnection_tb`
--
ALTER TABLE `genresmovieconnection_tb`
  ADD CONSTRAINT `genres_tb-genresMovieConnection_tb` FOREIGN KEY (`genres_tb_genresID`) REFERENCES `genres_tb` (`genresID`),
  ADD CONSTRAINT `movie_tb-genresMovieConnection_tb` FOREIGN KEY (`movie_tb_movieID`) REFERENCES `movie_tb` (`movieID`);

--
-- Constraints for table `hindi_language_men_tb`
--
ALTER TABLE `hindi_language_men_tb`
  ADD CONSTRAINT `movie_tb-Hindi_language_men_tb` FOREIGN KEY (`movie_tb_movieID`) REFERENCES `movie_tb` (`movieID`);

--
-- Constraints for table `image_tb`
--
ALTER TABLE `image_tb`
  ADD CONSTRAINT `movie_tb-image_tb` FOREIGN KEY (`movie_tb_movieID`) REFERENCES `movie_tb` (`movieID`);

--
-- Constraints for table `imdbanalyticsdata_tb`
--
ALTER TABLE `imdbanalyticsdata_tb`
  ADD CONSTRAINT `movie_tb-imdbAnalyticsData_tb` FOREIGN KEY (`movie_tb_movieID`) REFERENCES `movie_tb` (`movieID`);

--
-- Constraints for table `keywordanalyticsdata_tb`
--
ALTER TABLE `keywordanalyticsdata_tb`
  ADD CONSTRAINT `keyWord_tb-keywordAnalyticsData_tb` FOREIGN KEY (`keyWord_tb_keywordID`) REFERENCES `keyword_tb` (`keywordID`),
  ADD CONSTRAINT `user_tb-keywordAnalyticsData_tb` FOREIGN KEY (`user_tb_userID`) REFERENCES `user_tb` (`userID`);

--
-- Constraints for table `keywordconnection_tb`
--
ALTER TABLE `keywordconnection_tb`
  ADD CONSTRAINT `keyWord_tb-keywordConnection_tb` FOREIGN KEY (`keyWord_tb_keywordID`) REFERENCES `keyword_tb` (`keywordID`),
  ADD CONSTRAINT `movie_tb-keywordConnection_tb` FOREIGN KEY (`movie_tb_movieID`) REFERENCES `movie_tb` (`movieID`);

--
-- Constraints for table `korean_language_men_tb`
--
ALTER TABLE `korean_language_men_tb`
  ADD CONSTRAINT `movie_tb-Korean_language_men_tb` FOREIGN KEY (`movie_tb_movieID`) REFERENCES `movie_tb` (`movieID`);

--
-- Constraints for table `mediaconnection_tb`
--
ALTER TABLE `mediaconnection_tb`
  ADD CONSTRAINT `download_tb-mediaConnection_tb` FOREIGN KEY (`download_tb_downloadID`) REFERENCES `download_tb` (`downloadID`),
  ADD CONSTRAINT `movie_tb-mediaConnection_tb` FOREIGN KEY (`movie_tb_movieID`) REFERENCES `movie_tb` (`movieID`),
  ADD CONSTRAINT `seen_tb-mediaConnection_tb` FOREIGN KEY (`seen_tb_seenID`) REFERENCES `seen_tb` (`seenID`),
  ADD CONSTRAINT `sinahaSub_tb-mediaConnection_tb` FOREIGN KEY (`sinahaSub_tb_subID`) REFERENCES `sinahasub_tb` (`subID`),
  ADD CONSTRAINT `trailer_tb-mediaConnection_tb` FOREIGN KEY (`trailer_tb_trailerID`) REFERENCES `trailer_tb` (`trailerID`);

--
-- Constraints for table `moviefeedbackconnection_tb`
--
ALTER TABLE `moviefeedbackconnection_tb`
  ADD CONSTRAINT `movie_tb-movieFeedbackConnection_tb` FOREIGN KEY (`movie_tb_movieID`) REFERENCES `movie_tb` (`movieID`),
  ADD CONSTRAINT `userMovieFeedback_tb-movieFeedbackConnection_tb` FOREIGN KEY (`userMovieFeedback_tb_ratingID`) REFERENCES `usermoviefeedback_tb` (`ratingID`);

--
-- Constraints for table `paymentconnection_tb`
--
ALTER TABLE `paymentconnection_tb`
  ADD CONSTRAINT `adsense_tb-payment_tb` FOREIGN KEY (`adsense_tb_adId`) REFERENCES `adsense_tb` (`adID`),
  ADD CONSTRAINT `user_months_tb-payment_tb` FOREIGN KEY (`user_months_tb_date`) REFERENCES `usercost_tb` (`date`),
  ADD CONSTRAINT `websitePayment_tb-payment_tb` FOREIGN KEY (`websitePayment_tb_webID`) REFERENCES `websitepayment_tb` (`webID`);

--
-- Constraints for table `russian_language_men_tb`
--
ALTER TABLE `russian_language_men_tb`
  ADD CONSTRAINT `movie_tb-Russian_language_men_tb` FOREIGN KEY (`movie_tb_movieID`) REFERENCES `movie_tb` (`movieID`);

--
-- Constraints for table `seencountconnection_tb`
--
ALTER TABLE `seencountconnection_tb`
  ADD CONSTRAINT `seen_tb-seenCountConnection_tb` FOREIGN KEY (`seen_tb_seenID`) REFERENCES `seen_tb` (`seenID`),
  ADD CONSTRAINT `user_tb-seenCountConnection_tb` FOREIGN KEY (`user_tb_userID`) REFERENCES `user_tb` (`userID`);

--
-- Constraints for table `seen_tb`
--
ALTER TABLE `seen_tb`
  ADD CONSTRAINT `movie_tb-seen_tb` FOREIGN KEY (`movie_tb_movieID`) REFERENCES `movie_tb` (`movieID`);

--
-- Constraints for table `sinahasub_tb`
--
ALTER TABLE `sinahasub_tb`
  ADD CONSTRAINT `movie_tb-sinahaSub_tb` FOREIGN KEY (`movie_tb_movieID`) REFERENCES `movie_tb` (`movieID`);

--
-- Constraints for table `subcount_tb`
--
ALTER TABLE `subcount_tb`
  ADD CONSTRAINT `sinahaSub_tb-subCount_tb` FOREIGN KEY (`sinahaSub_tb_subID`) REFERENCES `sinahasub_tb` (`subID`),
  ADD CONSTRAINT `user_tb-subCount_tb` FOREIGN KEY (`user_tb_userID`) REFERENCES `user_tb` (`userID`);

--
-- Constraints for table `tamil_language_men_tb`
--
ALTER TABLE `tamil_language_men_tb`
  ADD CONSTRAINT `movie_tb-Tamil_language_men_tb` FOREIGN KEY (`movie_tb_movieID`) REFERENCES `movie_tb` (`movieID`);

--
-- Constraints for table `trailercount_tb`
--
ALTER TABLE `trailercount_tb`
  ADD CONSTRAINT `trailer_tb-trailerCount_tb` FOREIGN KEY (`trailer_tb_trailerID`) REFERENCES `trailer_tb` (`trailerID`),
  ADD CONSTRAINT `user_tb-trailerCount_tb` FOREIGN KEY (`user_tb_userID`) REFERENCES `user_tb` (`userID`);

--
-- Constraints for table `trailer_tb`
--
ALTER TABLE `trailer_tb`
  ADD CONSTRAINT `movie_tb-trailer_tb` FOREIGN KEY (`movie_tb_movieID`) REFERENCES `movie_tb` (`movieID`);

--
-- Constraints for table `userfeedbackconnection_tb`
--
ALTER TABLE `userfeedbackconnection_tb`
  ADD CONSTRAINT `userMovieFeedback_tb-userConnection_tb` FOREIGN KEY (`userMovieFeedback_tb_rating`) REFERENCES `usermoviefeedback_tb` (`ratingID`),
  ADD CONSTRAINT `user_tb-userFeedbackConnection_tb` FOREIGN KEY (`user_tb_userID`) REFERENCES `user_tb` (`userID`);

--
-- Constraints for table `usermoviefeedback_tb`
--
ALTER TABLE `usermoviefeedback_tb`
  ADD CONSTRAINT `download_tb-userMovieFeedback_tb` FOREIGN KEY (`download_tb_downloadID`) REFERENCES `download_tb` (`downloadID`),
  ADD CONSTRAINT `seen_tb-userMovieFeedback_tb` FOREIGN KEY (`seen_tb_seenID`) REFERENCES `seen_tb` (`seenID`),
  ADD CONSTRAINT `sinahaSub_tb-userMovieFeedback_tb` FOREIGN KEY (`sinahaSub_tb_subID`) REFERENCES `sinahasub_tb` (`subID`),
  ADD CONSTRAINT `trailer_tb-userMovieFeedback_tb` FOREIGN KEY (`trailer_tb_trailerID`) REFERENCES `trailer_tb` (`trailerID`);

--
-- Constraints for table `usermovieselectdata_tb`
--
ALTER TABLE `usermovieselectdata_tb`
  ADD CONSTRAINT `movie_tb-userMovieSelectData_tb` FOREIGN KEY (`movie_tb_movieID`) REFERENCES `movie_tb` (`movieID`),
  ADD CONSTRAINT `user_tb-userMovieSelectData_tb` FOREIGN KEY (`user_tb_userID`) REFERENCES `user_tb` (`userID`);

--
-- Constraints for table `userpaymentconnection_tb`
--
ALTER TABLE `userpaymentconnection_tb`
  ADD CONSTRAINT `paymentConnection_tb-userPaymentConnection_tb` FOREIGN KEY (`paymentConnection_tb_paymentID`) REFERENCES `paymentconnection_tb` (`paymentID`),
  ADD CONSTRAINT `user_tb-userPaymentConnection_tb` FOREIGN KEY (`user_tb_userID`) REFERENCES `user_tb` (`userID`);
COMMIT;

/*!40101 SET CHARACTER_SET_CLIENT=@OLD_CHARACTER_SET_CLIENT */;
/*!40101 SET CHARACTER_SET_RESULTS=@OLD_CHARACTER_SET_RESULTS */;
/*!40101 SET COLLATION_CONNECTION=@OLD_COLLATION_CONNECTION */;
